[0.108s] DEBUG:colcon:Command line arguments: ['/usr/bin/colcon', 'build', '--symlink-install']
[0.108s] DEBUG:colcon:Parsed command line arguments: Namespace(log_base=None, log_level=None, verb_name='build', build_base='build', install_base='install', merge_install=False, symlink_install=True, test_result_base=None, continue_on_error=False, executor='parallel', parallel_workers=16, event_handlers=None, ignore_user_meta=False, metas=['./colcon.meta'], base_paths=['.'], packages_ignore=None, packages_ignore_regex=None, paths=None, packages_up_to=None, packages_up_to_regex=None, packages_above=None, packages_above_and_dependencies=None, packages_above_depth=None, packages_select_by_dep=None, packages_skip_by_dep=None, packages_skip_up_to=None, packages_select_build_failed=False, packages_skip_build_finished=False, packages_select_test_failures=False, packages_skip_test_passed=False, packages_select=None, packages_skip=None, packages_select_regex=None, packages_skip_regex=None, packages_start=None, packages_end=None, allow_overriding=[], cmake_args=None, cmake_target=None, cmake_target_skip_unavailable=False, cmake_clean_cache=False, cmake_clean_first=False, cmake_force_configure=False, ament_cmake_args=None, catkin_cmake_args=None, catkin_skip_building_tests=False, mixin_files=None, mixin=None, verb_parser=<colcon_mixin.mixin.mixin_argument.MixinArgumentDecorator object at 0x78292f082740>, verb_extension=<colcon_core.verb.build.BuildVerb object at 0x78292f0821d0>, main=<bound method BuildVerb.main of <colcon_core.verb.build.BuildVerb object at 0x78292f0821d0>>, mixin_verb=('build',))
[0.141s] Level 1:colcon.colcon_core.package_discovery:discover_packages(colcon_meta) check parameters
[0.141s] Level 1:colcon.colcon_core.package_discovery:discover_packages(recursive) check parameters
[0.141s] Level 1:colcon.colcon_core.package_discovery:discover_packages(ignore) check parameters
[0.141s] Level 1:colcon.colcon_core.package_discovery:discover_packages(path) check parameters
[0.141s] Level 1:colcon.colcon_core.package_discovery:discover_packages(colcon_meta) discover
[0.142s] Level 1:colcon.colcon_core.package_discovery:discover_packages(recursive) discover
[0.142s] INFO:colcon.colcon_core.package_discovery:Crawling recursively for packages in '/data2/Brinda/Documents/Reports/ROS2/my_ros2_workspace'
[0.142s] Level 1:colcon.colcon_core.package_identification:_identify(.) by extensions ['ignore', 'ignore_ament_install']
[0.142s] Level 1:colcon.colcon_core.package_identification:_identify(.) by extension 'ignore'
[0.142s] Level 1:colcon.colcon_core.package_identification:_identify(.) by extension 'ignore_ament_install'
[0.142s] Level 1:colcon.colcon_core.package_identification:_identify(.) by extensions ['colcon_pkg']
[0.142s] Level 1:colcon.colcon_core.package_identification:_identify(.) by extension 'colcon_pkg'
[0.142s] Level 1:colcon.colcon_core.package_identification:_identify(.) by extensions ['colcon_meta']
[0.142s] Level 1:colcon.colcon_core.package_identification:_identify(.) by extension 'colcon_meta'
[0.142s] Level 1:colcon.colcon_core.package_identification:_identify(.) by extensions ['ros']
[0.142s] Level 1:colcon.colcon_core.package_identification:_identify(.) by extension 'ros'
[0.152s] Level 1:colcon.colcon_core.package_identification:_identify(.) by extensions ['cmake', 'python']
[0.152s] Level 1:colcon.colcon_core.package_identification:_identify(.) by extension 'cmake'
[0.153s] Level 1:colcon.colcon_core.package_identification:_identify(.) by extension 'python'
[0.153s] Level 1:colcon.colcon_core.package_identification:_identify(.) by extensions ['python_setup_py']
[0.153s] Level 1:colcon.colcon_core.package_identification:_identify(.) by extension 'python_setup_py'
[0.153s] Level 1:colcon.colcon_core.package_identification:_identify(build) by extensions ['ignore', 'ignore_ament_install']
[0.153s] Level 1:colcon.colcon_core.package_identification:_identify(build) by extension 'ignore'
[0.153s] Level 1:colcon.colcon_core.package_identification:_identify(build) ignored
[0.153s] Level 1:colcon.colcon_core.package_identification:_identify(install) by extensions ['ignore', 'ignore_ament_install']
[0.153s] Level 1:colcon.colcon_core.package_identification:_identify(install) by extension 'ignore'
[0.153s] Level 1:colcon.colcon_core.package_identification:_identify(install) ignored
[0.153s] Level 1:colcon.colcon_core.package_identification:_identify(log) by extensions ['ignore', 'ignore_ament_install']
[0.153s] Level 1:colcon.colcon_core.package_identification:_identify(log) by extension 'ignore'
[0.154s] Level 1:colcon.colcon_core.package_identification:_identify(log) ignored
[0.154s] Level 1:colcon.colcon_core.package_identification:_identify(robot_comm_pkg) by extensions ['ignore', 'ignore_ament_install']
[0.154s] Level 1:colcon.colcon_core.package_identification:_identify(robot_comm_pkg) by extension 'ignore'
[0.154s] Level 1:colcon.colcon_core.package_identification:_identify(robot_comm_pkg) by extension 'ignore_ament_install'
[0.154s] Level 1:colcon.colcon_core.package_identification:_identify(robot_comm_pkg) by extensions ['colcon_pkg']
[0.154s] Level 1:colcon.colcon_core.package_identification:_identify(robot_comm_pkg) by extension 'colcon_pkg'
[0.154s] Level 1:colcon.colcon_core.package_identification:_identify(robot_comm_pkg) by extensions ['colcon_meta']
[0.154s] Level 1:colcon.colcon_core.package_identification:_identify(robot_comm_pkg) by extension 'colcon_meta'
[0.154s] Level 1:colcon.colcon_core.package_identification:_identify(robot_comm_pkg) by extensions ['ros']
[0.154s] Level 1:colcon.colcon_core.package_identification:_identify(robot_comm_pkg) by extension 'ros'
[0.156s] DEBUG:colcon.colcon_core.package_identification:Package 'robot_comm_pkg' with type 'ros.ament_python' and name 'robot_comm_pkg'
[0.156s] Level 1:colcon.colcon_core.package_identification:_identify(src) by extensions ['ignore', 'ignore_ament_install']
[0.156s] Level 1:colcon.colcon_core.package_identification:_identify(src) by extension 'ignore'
[0.156s] Level 1:colcon.colcon_core.package_identification:_identify(src) by extension 'ignore_ament_install'
[0.156s] Level 1:colcon.colcon_core.package_identification:_identify(src) by extensions ['colcon_pkg']
[0.156s] Level 1:colcon.colcon_core.package_identification:_identify(src) by extension 'colcon_pkg'
[0.156s] Level 1:colcon.colcon_core.package_identification:_identify(src) by extensions ['colcon_meta']
[0.156s] Level 1:colcon.colcon_core.package_identification:_identify(src) by extension 'colcon_meta'
[0.156s] Level 1:colcon.colcon_core.package_identification:_identify(src) by extensions ['ros']
[0.157s] Level 1:colcon.colcon_core.package_identification:_identify(src) by extension 'ros'
[0.157s] Level 1:colcon.colcon_core.package_identification:_identify(src) by extensions ['cmake', 'python']
[0.157s] Level 1:colcon.colcon_core.package_identification:_identify(src) by extension 'cmake'
[0.157s] Level 1:colcon.colcon_core.package_identification:_identify(src) by extension 'python'
[0.157s] Level 1:colcon.colcon_core.package_identification:_identify(src) by extensions ['python_setup_py']
[0.157s] Level 1:colcon.colcon_core.package_identification:_identify(src) by extension 'python_setup_py'
[0.157s] Level 1:colcon.colcon_core.package_identification:_identify(src/basic_gazebo_robot) by extensions ['ignore', 'ignore_ament_install']
[0.157s] Level 1:colcon.colcon_core.package_identification:_identify(src/basic_gazebo_robot) by extension 'ignore'
[0.157s] Level 1:colcon.colcon_core.package_identification:_identify(src/basic_gazebo_robot) by extension 'ignore_ament_install'
[0.157s] Level 1:colcon.colcon_core.package_identification:_identify(src/basic_gazebo_robot) by extensions ['colcon_pkg']
[0.157s] Level 1:colcon.colcon_core.package_identification:_identify(src/basic_gazebo_robot) by extension 'colcon_pkg'
[0.158s] Level 1:colcon.colcon_core.package_identification:_identify(src/basic_gazebo_robot) by extensions ['colcon_meta']
[0.158s] Level 1:colcon.colcon_core.package_identification:_identify(src/basic_gazebo_robot) by extension 'colcon_meta'
[0.158s] Level 1:colcon.colcon_core.package_identification:_identify(src/basic_gazebo_robot) by extensions ['ros']
[0.158s] Level 1:colcon.colcon_core.package_identification:_identify(src/basic_gazebo_robot) by extension 'ros'
[0.159s] DEBUG:colcon.colcon_core.package_identification:Package 'src/basic_gazebo_robot' with type 'ros.ament_cmake' and name 'basic_gazebo_robot'
[0.159s] Level 1:colcon.colcon_core.package_identification:_identify(src/camera_pkg) by extensions ['ignore', 'ignore_ament_install']
[0.159s] Level 1:colcon.colcon_core.package_identification:_identify(src/camera_pkg) by extension 'ignore'
[0.159s] Level 1:colcon.colcon_core.package_identification:_identify(src/camera_pkg) by extension 'ignore_ament_install'
[0.159s] Level 1:colcon.colcon_core.package_identification:_identify(src/camera_pkg) by extensions ['colcon_pkg']
[0.159s] Level 1:colcon.colcon_core.package_identification:_identify(src/camera_pkg) by extension 'colcon_pkg'
[0.159s] Level 1:colcon.colcon_core.package_identification:_identify(src/camera_pkg) by extensions ['colcon_meta']
[0.159s] Level 1:colcon.colcon_core.package_identification:_identify(src/camera_pkg) by extension 'colcon_meta'
[0.159s] Level 1:colcon.colcon_core.package_identification:_identify(src/camera_pkg) by extensions ['ros']
[0.159s] Level 1:colcon.colcon_core.package_identification:_identify(src/camera_pkg) by extension 'ros'
[0.160s] DEBUG:colcon.colcon_core.package_identification:Package 'src/camera_pkg' with type 'ros.ament_python' and name 'camera_pkg'
[0.160s] Level 1:colcon.colcon_core.package_identification:_identify(src/launch) by extensions ['ignore', 'ignore_ament_install']
[0.160s] Level 1:colcon.colcon_core.package_identification:_identify(src/launch) by extension 'ignore'
[0.160s] Level 1:colcon.colcon_core.package_identification:_identify(src/launch) by extension 'ignore_ament_install'
[0.160s] Level 1:colcon.colcon_core.package_identification:_identify(src/launch) by extensions ['colcon_pkg']
[0.160s] Level 1:colcon.colcon_core.package_identification:_identify(src/launch) by extension 'colcon_pkg'
[0.160s] Level 1:colcon.colcon_core.package_identification:_identify(src/launch) by extensions ['colcon_meta']
[0.160s] Level 1:colcon.colcon_core.package_identification:_identify(src/launch) by extension 'colcon_meta'
[0.160s] Level 1:colcon.colcon_core.package_identification:_identify(src/launch) by extensions ['ros']
[0.161s] Level 1:colcon.colcon_core.package_identification:_identify(src/launch) by extension 'ros'
[0.161s] Level 1:colcon.colcon_core.package_identification:_identify(src/launch) by extensions ['cmake', 'python']
[0.161s] Level 1:colcon.colcon_core.package_identification:_identify(src/launch) by extension 'cmake'
[0.161s] Level 1:colcon.colcon_core.package_identification:_identify(src/launch) by extension 'python'
[0.161s] Level 1:colcon.colcon_core.package_identification:_identify(src/launch) by extensions ['python_setup_py']
[0.161s] Level 1:colcon.colcon_core.package_identification:_identify(src/launch) by extension 'python_setup_py'
[0.161s] Level 1:colcon.colcon_core.package_identification:_identify(src/lidar_pkg) by extensions ['ignore', 'ignore_ament_install']
[0.161s] Level 1:colcon.colcon_core.package_identification:_identify(src/lidar_pkg) by extension 'ignore'
[0.161s] Level 1:colcon.colcon_core.package_identification:_identify(src/lidar_pkg) by extension 'ignore_ament_install'
[0.161s] Level 1:colcon.colcon_core.package_identification:_identify(src/lidar_pkg) by extensions ['colcon_pkg']
[0.161s] Level 1:colcon.colcon_core.package_identification:_identify(src/lidar_pkg) by extension 'colcon_pkg'
[0.161s] Level 1:colcon.colcon_core.package_identification:_identify(src/lidar_pkg) by extensions ['colcon_meta']
[0.161s] Level 1:colcon.colcon_core.package_identification:_identify(src/lidar_pkg) by extension 'colcon_meta'
[0.161s] Level 1:colcon.colcon_core.package_identification:_identify(src/lidar_pkg) by extensions ['ros']
[0.161s] Level 1:colcon.colcon_core.package_identification:_identify(src/lidar_pkg) by extension 'ros'
[0.162s] DEBUG:colcon.colcon_core.package_identification:Package 'src/lidar_pkg' with type 'ros.ament_python' and name 'lidar_pkg'
[0.162s] Level 1:colcon.colcon_core.package_identification:_identify(src/my_cpp_pkg) by extensions ['ignore', 'ignore_ament_install']
[0.162s] Level 1:colcon.colcon_core.package_identification:_identify(src/my_cpp_pkg) by extension 'ignore'
[0.162s] Level 1:colcon.colcon_core.package_identification:_identify(src/my_cpp_pkg) by extension 'ignore_ament_install'
[0.162s] Level 1:colcon.colcon_core.package_identification:_identify(src/my_cpp_pkg) by extensions ['colcon_pkg']
[0.163s] Level 1:colcon.colcon_core.package_identification:_identify(src/my_cpp_pkg) by extension 'colcon_pkg'
[0.163s] Level 1:colcon.colcon_core.package_identification:_identify(src/my_cpp_pkg) by extensions ['colcon_meta']
[0.163s] Level 1:colcon.colcon_core.package_identification:_identify(src/my_cpp_pkg) by extension 'colcon_meta'
[0.163s] Level 1:colcon.colcon_core.package_identification:_identify(src/my_cpp_pkg) by extensions ['ros']
[0.163s] Level 1:colcon.colcon_core.package_identification:_identify(src/my_cpp_pkg) by extension 'ros'
[0.164s] DEBUG:colcon.colcon_core.package_identification:Package 'src/my_cpp_pkg' with type 'ros.ament_cmake' and name 'my_cpp_pkg'
[0.164s] Level 1:colcon.colcon_core.package_identification:_identify(src/my_py_pkg) by extensions ['ignore', 'ignore_ament_install']
[0.164s] Level 1:colcon.colcon_core.package_identification:_identify(src/my_py_pkg) by extension 'ignore'
[0.164s] Level 1:colcon.colcon_core.package_identification:_identify(src/my_py_pkg) by extension 'ignore_ament_install'
[0.164s] Level 1:colcon.colcon_core.package_identification:_identify(src/my_py_pkg) by extensions ['colcon_pkg']
[0.164s] Level 1:colcon.colcon_core.package_identification:_identify(src/my_py_pkg) by extension 'colcon_pkg'
[0.164s] Level 1:colcon.colcon_core.package_identification:_identify(src/my_py_pkg) by extensions ['colcon_meta']
[0.164s] Level 1:colcon.colcon_core.package_identification:_identify(src/my_py_pkg) by extension 'colcon_meta'
[0.164s] Level 1:colcon.colcon_core.package_identification:_identify(src/my_py_pkg) by extensions ['ros']
[0.164s] Level 1:colcon.colcon_core.package_identification:_identify(src/my_py_pkg) by extension 'ros'
[0.165s] DEBUG:colcon.colcon_core.package_identification:Package 'src/my_py_pkg' with type 'ros.ament_python' and name 'my_py_pkg'
[0.165s] Level 1:colcon.colcon_core.package_identification:_identify(src/navigation_pkg) by extensions ['ignore', 'ignore_ament_install']
[0.165s] Level 1:colcon.colcon_core.package_identification:_identify(src/navigation_pkg) by extension 'ignore'
[0.165s] Level 1:colcon.colcon_core.package_identification:_identify(src/navigation_pkg) by extension 'ignore_ament_install'
[0.165s] Level 1:colcon.colcon_core.package_identification:_identify(src/navigation_pkg) by extensions ['colcon_pkg']
[0.165s] Level 1:colcon.colcon_core.package_identification:_identify(src/navigation_pkg) by extension 'colcon_pkg'
[0.165s] Level 1:colcon.colcon_core.package_identification:_identify(src/navigation_pkg) by extensions ['colcon_meta']
[0.165s] Level 1:colcon.colcon_core.package_identification:_identify(src/navigation_pkg) by extension 'colcon_meta'
[0.165s] Level 1:colcon.colcon_core.package_identification:_identify(src/navigation_pkg) by extensions ['ros']
[0.165s] Level 1:colcon.colcon_core.package_identification:_identify(src/navigation_pkg) by extension 'ros'
[0.166s] DEBUG:colcon.colcon_core.package_identification:Package 'src/navigation_pkg' with type 'ros.ament_python' and name 'navigation_pkg'
[0.166s] Level 1:colcon.colcon_core.package_identification:_identify(src/robot_action_pkg) by extensions ['ignore', 'ignore_ament_install']
[0.166s] Level 1:colcon.colcon_core.package_identification:_identify(src/robot_action_pkg) by extension 'ignore'
[0.166s] Level 1:colcon.colcon_core.package_identification:_identify(src/robot_action_pkg) by extension 'ignore_ament_install'
[0.166s] Level 1:colcon.colcon_core.package_identification:_identify(src/robot_action_pkg) by extensions ['colcon_pkg']
[0.167s] Level 1:colcon.colcon_core.package_identification:_identify(src/robot_action_pkg) by extension 'colcon_pkg'
[0.167s] Level 1:colcon.colcon_core.package_identification:_identify(src/robot_action_pkg) by extensions ['colcon_meta']
[0.167s] Level 1:colcon.colcon_core.package_identification:_identify(src/robot_action_pkg) by extension 'colcon_meta'
[0.167s] Level 1:colcon.colcon_core.package_identification:_identify(src/robot_action_pkg) by extensions ['ros']
[0.167s] Level 1:colcon.colcon_core.package_identification:_identify(src/robot_action_pkg) by extension 'ros'
[0.167s] DEBUG:colcon.colcon_core.package_identification:Package 'src/robot_action_pkg' with type 'ros.ament_python' and name 'robot_action_pkg'
[0.167s] Level 1:colcon.colcon_core.package_identification:_identify(src/robot_control_pkg) by extensions ['ignore', 'ignore_ament_install']
[0.168s] Level 1:colcon.colcon_core.package_identification:_identify(src/robot_control_pkg) by extension 'ignore'
[0.168s] Level 1:colcon.colcon_core.package_identification:_identify(src/robot_control_pkg) by extension 'ignore_ament_install'
[0.168s] Level 1:colcon.colcon_core.package_identification:_identify(src/robot_control_pkg) by extensions ['colcon_pkg']
[0.168s] Level 1:colcon.colcon_core.package_identification:_identify(src/robot_control_pkg) by extension 'colcon_pkg'
[0.168s] Level 1:colcon.colcon_core.package_identification:_identify(src/robot_control_pkg) by extensions ['colcon_meta']
[0.168s] Level 1:colcon.colcon_core.package_identification:_identify(src/robot_control_pkg) by extension 'colcon_meta'
[0.168s] Level 1:colcon.colcon_core.package_identification:_identify(src/robot_control_pkg) by extensions ['ros']
[0.168s] Level 1:colcon.colcon_core.package_identification:_identify(src/robot_control_pkg) by extension 'ros'
[0.168s] DEBUG:colcon.colcon_core.package_identification:Package 'src/robot_control_pkg' with type 'ros.ament_python' and name 'robot_control_pkg'
[0.169s] Level 1:colcon.colcon_core.package_identification:_identify(src/robot_interfaces) by extensions ['ignore', 'ignore_ament_install']
[0.169s] Level 1:colcon.colcon_core.package_identification:_identify(src/robot_interfaces) by extension 'ignore'
[0.169s] Level 1:colcon.colcon_core.package_identification:_identify(src/robot_interfaces) by extension 'ignore_ament_install'
[0.169s] Level 1:colcon.colcon_core.package_identification:_identify(src/robot_interfaces) by extensions ['colcon_pkg']
[0.169s] Level 1:colcon.colcon_core.package_identification:_identify(src/robot_interfaces) by extension 'colcon_pkg'
[0.169s] Level 1:colcon.colcon_core.package_identification:_identify(src/robot_interfaces) by extensions ['colcon_meta']
[0.169s] Level 1:colcon.colcon_core.package_identification:_identify(src/robot_interfaces) by extension 'colcon_meta'
[0.169s] Level 1:colcon.colcon_core.package_identification:_identify(src/robot_interfaces) by extensions ['ros']
[0.169s] Level 1:colcon.colcon_core.package_identification:_identify(src/robot_interfaces) by extension 'ros'
[0.170s] DEBUG:colcon.colcon_core.package_identification:Package 'src/robot_interfaces' with type 'ros.ament_cmake' and name 'robot_interfaces'
[0.170s] Level 1:colcon.colcon_core.package_identification:_identify(src/robot_service_pkg) by extensions ['ignore', 'ignore_ament_install']
[0.170s] Level 1:colcon.colcon_core.package_identification:_identify(src/robot_service_pkg) by extension 'ignore'
[0.170s] Level 1:colcon.colcon_core.package_identification:_identify(src/robot_service_pkg) by extension 'ignore_ament_install'
[0.170s] Level 1:colcon.colcon_core.package_identification:_identify(src/robot_service_pkg) by extensions ['colcon_pkg']
[0.170s] Level 1:colcon.colcon_core.package_identification:_identify(src/robot_service_pkg) by extension 'colcon_pkg'
[0.170s] Level 1:colcon.colcon_core.package_identification:_identify(src/robot_service_pkg) by extensions ['colcon_meta']
[0.170s] Level 1:colcon.colcon_core.package_identification:_identify(src/robot_service_pkg) by extension 'colcon_meta'
[0.170s] Level 1:colcon.colcon_core.package_identification:_identify(src/robot_service_pkg) by extensions ['ros']
[0.170s] Level 1:colcon.colcon_core.package_identification:_identify(src/robot_service_pkg) by extension 'ros'
[0.171s] DEBUG:colcon.colcon_core.package_identification:Package 'src/robot_service_pkg' with type 'ros.ament_python' and name 'robot_service_pkg'
[0.171s] Level 1:colcon.colcon_core.package_identification:_identify(src/vision_pkg) by extensions ['ignore', 'ignore_ament_install']
[0.171s] Level 1:colcon.colcon_core.package_identification:_identify(src/vision_pkg) by extension 'ignore'
[0.171s] Level 1:colcon.colcon_core.package_identification:_identify(src/vision_pkg) by extension 'ignore_ament_install'
[0.171s] Level 1:colcon.colcon_core.package_identification:_identify(src/vision_pkg) by extensions ['colcon_pkg']
[0.171s] Level 1:colcon.colcon_core.package_identification:_identify(src/vision_pkg) by extension 'colcon_pkg'
[0.171s] Level 1:colcon.colcon_core.package_identification:_identify(src/vision_pkg) by extensions ['colcon_meta']
[0.171s] Level 1:colcon.colcon_core.package_identification:_identify(src/vision_pkg) by extension 'colcon_meta'
[0.172s] Level 1:colcon.colcon_core.package_identification:_identify(src/vision_pkg) by extensions ['ros']
[0.172s] Level 1:colcon.colcon_core.package_identification:_identify(src/vision_pkg) by extension 'ros'
[0.172s] DEBUG:colcon.colcon_core.package_identification:Package 'src/vision_pkg' with type 'ros.ament_python' and name 'vision_pkg'
[0.172s] Level 1:colcon.colcon_core.package_discovery:discover_packages(recursive) using defaults
[0.172s] Level 1:colcon.colcon_core.package_discovery:discover_packages(ignore) discover
[0.172s] Level 1:colcon.colcon_core.package_discovery:discover_packages(ignore) using defaults
[0.172s] Level 1:colcon.colcon_core.package_discovery:discover_packages(path) discover
[0.172s] Level 1:colcon.colcon_core.package_discovery:discover_packages(path) using defaults
[0.196s] Level 1:colcon.colcon_core.package_discovery:discover_packages(prefix_path) check parameters
[0.196s] Level 1:colcon.colcon_core.package_discovery:discover_packages(prefix_path) discover
[0.202s] DEBUG:colcon.colcon_installed_package_information.package_discovery:Found 12 installed packages in /data2/Brinda/Documents/Reports/ROS2/my_ros2_workspace/install
[0.203s] DEBUG:colcon.colcon_installed_package_information.package_discovery:Found 423 installed packages in /opt/ros/humble
[0.205s] Level 1:colcon.colcon_core.package_discovery:discover_packages(prefix_path) using defaults
[0.245s] Level 5:colcon.colcon_core.verb:set package 'basic_gazebo_robot' build argument 'cmake_args' from command line to 'None'
[0.245s] Level 5:colcon.colcon_core.verb:set package 'basic_gazebo_robot' build argument 'cmake_target' from command line to 'None'
[0.245s] Level 5:colcon.colcon_core.verb:set package 'basic_gazebo_robot' build argument 'cmake_target_skip_unavailable' from command line to 'False'
[0.245s] Level 5:colcon.colcon_core.verb:set package 'basic_gazebo_robot' build argument 'cmake_clean_cache' from command line to 'False'
[0.245s] Level 5:colcon.colcon_core.verb:set package 'basic_gazebo_robot' build argument 'cmake_clean_first' from command line to 'False'
[0.245s] Level 5:colcon.colcon_core.verb:set package 'basic_gazebo_robot' build argument 'cmake_force_configure' from command line to 'False'
[0.245s] Level 5:colcon.colcon_core.verb:set package 'basic_gazebo_robot' build argument 'ament_cmake_args' from command line to 'None'
[0.246s] Level 5:colcon.colcon_core.verb:set package 'basic_gazebo_robot' build argument 'catkin_cmake_args' from command line to 'None'
[0.246s] Level 5:colcon.colcon_core.verb:set package 'basic_gazebo_robot' build argument 'catkin_skip_building_tests' from command line to 'False'
[0.246s] DEBUG:colcon.colcon_core.verb:Building package 'basic_gazebo_robot' with the following arguments: {'ament_cmake_args': None, 'build_base': '/data2/Brinda/Documents/Reports/ROS2/my_ros2_workspace/build/basic_gazebo_robot', 'catkin_cmake_args': None, 'catkin_skip_building_tests': False, 'cmake_args': None, 'cmake_clean_cache': False, 'cmake_clean_first': False, 'cmake_force_configure': False, 'cmake_target': None, 'cmake_target_skip_unavailable': False, 'install_base': '/data2/Brinda/Documents/Reports/ROS2/my_ros2_workspace/install/basic_gazebo_robot', 'merge_install': False, 'path': '/data2/Brinda/Documents/Reports/ROS2/my_ros2_workspace/src/basic_gazebo_robot', 'symlink_install': True, 'test_result_base': None}
[0.246s] Level 5:colcon.colcon_core.verb:set package 'camera_pkg' build argument 'cmake_args' from command line to 'None'
[0.246s] Level 5:colcon.colcon_core.verb:set package 'camera_pkg' build argument 'cmake_target' from command line to 'None'
[0.246s] Level 5:colcon.colcon_core.verb:set package 'camera_pkg' build argument 'cmake_target_skip_unavailable' from command line to 'False'
[0.246s] Level 5:colcon.colcon_core.verb:set package 'camera_pkg' build argument 'cmake_clean_cache' from command line to 'False'
[0.246s] Level 5:colcon.colcon_core.verb:set package 'camera_pkg' build argument 'cmake_clean_first' from command line to 'False'
[0.246s] Level 5:colcon.colcon_core.verb:set package 'camera_pkg' build argument 'cmake_force_configure' from command line to 'False'
[0.246s] Level 5:colcon.colcon_core.verb:set package 'camera_pkg' build argument 'ament_cmake_args' from command line to 'None'
[0.246s] Level 5:colcon.colcon_core.verb:set package 'camera_pkg' build argument 'catkin_cmake_args' from command line to 'None'
[0.246s] Level 5:colcon.colcon_core.verb:set package 'camera_pkg' build argument 'catkin_skip_building_tests' from command line to 'False'
[0.246s] DEBUG:colcon.colcon_core.verb:Building package 'camera_pkg' with the following arguments: {'ament_cmake_args': None, 'build_base': '/data2/Brinda/Documents/Reports/ROS2/my_ros2_workspace/build/camera_pkg', 'catkin_cmake_args': None, 'catkin_skip_building_tests': False, 'cmake_args': None, 'cmake_clean_cache': False, 'cmake_clean_first': False, 'cmake_force_configure': False, 'cmake_target': None, 'cmake_target_skip_unavailable': False, 'install_base': '/data2/Brinda/Documents/Reports/ROS2/my_ros2_workspace/install/camera_pkg', 'merge_install': False, 'path': '/data2/Brinda/Documents/Reports/ROS2/my_ros2_workspace/src/camera_pkg', 'symlink_install': True, 'test_result_base': None}
[0.246s] Level 5:colcon.colcon_core.verb:set package 'lidar_pkg' build argument 'cmake_args' from command line to 'None'
[0.247s] Level 5:colcon.colcon_core.verb:set package 'lidar_pkg' build argument 'cmake_target' from command line to 'None'
[0.247s] Level 5:colcon.colcon_core.verb:set package 'lidar_pkg' build argument 'cmake_target_skip_unavailable' from command line to 'False'
[0.247s] Level 5:colcon.colcon_core.verb:set package 'lidar_pkg' build argument 'cmake_clean_cache' from command line to 'False'
[0.247s] Level 5:colcon.colcon_core.verb:set package 'lidar_pkg' build argument 'cmake_clean_first' from command line to 'False'
[0.247s] Level 5:colcon.colcon_core.verb:set package 'lidar_pkg' build argument 'cmake_force_configure' from command line to 'False'
[0.247s] Level 5:colcon.colcon_core.verb:set package 'lidar_pkg' build argument 'ament_cmake_args' from command line to 'None'
[0.247s] Level 5:colcon.colcon_core.verb:set package 'lidar_pkg' build argument 'catkin_cmake_args' from command line to 'None'
[0.247s] Level 5:colcon.colcon_core.verb:set package 'lidar_pkg' build argument 'catkin_skip_building_tests' from command line to 'False'
[0.247s] DEBUG:colcon.colcon_core.verb:Building package 'lidar_pkg' with the following arguments: {'ament_cmake_args': None, 'build_base': '/data2/Brinda/Documents/Reports/ROS2/my_ros2_workspace/build/lidar_pkg', 'catkin_cmake_args': None, 'catkin_skip_building_tests': False, 'cmake_args': None, 'cmake_clean_cache': False, 'cmake_clean_first': False, 'cmake_force_configure': False, 'cmake_target': None, 'cmake_target_skip_unavailable': False, 'install_base': '/data2/Brinda/Documents/Reports/ROS2/my_ros2_workspace/install/lidar_pkg', 'merge_install': False, 'path': '/data2/Brinda/Documents/Reports/ROS2/my_ros2_workspace/src/lidar_pkg', 'symlink_install': True, 'test_result_base': None}
[0.247s] Level 5:colcon.colcon_core.verb:set package 'my_cpp_pkg' build argument 'cmake_args' from command line to 'None'
[0.247s] Level 5:colcon.colcon_core.verb:set package 'my_cpp_pkg' build argument 'cmake_target' from command line to 'None'
[0.247s] Level 5:colcon.colcon_core.verb:set package 'my_cpp_pkg' build argument 'cmake_target_skip_unavailable' from command line to 'False'
[0.247s] Level 5:colcon.colcon_core.verb:set package 'my_cpp_pkg' build argument 'cmake_clean_cache' from command line to 'False'
[0.247s] Level 5:colcon.colcon_core.verb:set package 'my_cpp_pkg' build argument 'cmake_clean_first' from command line to 'False'
[0.247s] Level 5:colcon.colcon_core.verb:set package 'my_cpp_pkg' build argument 'cmake_force_configure' from command line to 'False'
[0.247s] Level 5:colcon.colcon_core.verb:set package 'my_cpp_pkg' build argument 'ament_cmake_args' from command line to 'None'
[0.247s] Level 5:colcon.colcon_core.verb:set package 'my_cpp_pkg' build argument 'catkin_cmake_args' from command line to 'None'
[0.247s] Level 5:colcon.colcon_core.verb:set package 'my_cpp_pkg' build argument 'catkin_skip_building_tests' from command line to 'False'
[0.247s] DEBUG:colcon.colcon_core.verb:Building package 'my_cpp_pkg' with the following arguments: {'ament_cmake_args': None, 'build_base': '/data2/Brinda/Documents/Reports/ROS2/my_ros2_workspace/build/my_cpp_pkg', 'catkin_cmake_args': None, 'catkin_skip_building_tests': False, 'cmake_args': None, 'cmake_clean_cache': False, 'cmake_clean_first': False, 'cmake_force_configure': False, 'cmake_target': None, 'cmake_target_skip_unavailable': False, 'install_base': '/data2/Brinda/Documents/Reports/ROS2/my_ros2_workspace/install/my_cpp_pkg', 'merge_install': False, 'path': '/data2/Brinda/Documents/Reports/ROS2/my_ros2_workspace/src/my_cpp_pkg', 'symlink_install': True, 'test_result_base': None}
[0.248s] Level 5:colcon.colcon_core.verb:set package 'my_py_pkg' build argument 'cmake_args' from command line to 'None'
[0.248s] Level 5:colcon.colcon_core.verb:set package 'my_py_pkg' build argument 'cmake_target' from command line to 'None'
[0.248s] Level 5:colcon.colcon_core.verb:set package 'my_py_pkg' build argument 'cmake_target_skip_unavailable' from command line to 'False'
[0.248s] Level 5:colcon.colcon_core.verb:set package 'my_py_pkg' build argument 'cmake_clean_cache' from command line to 'False'
[0.248s] Level 5:colcon.colcon_core.verb:set package 'my_py_pkg' build argument 'cmake_clean_first' from command line to 'False'
[0.248s] Level 5:colcon.colcon_core.verb:set package 'my_py_pkg' build argument 'cmake_force_configure' from command line to 'False'
[0.248s] Level 5:colcon.colcon_core.verb:set package 'my_py_pkg' build argument 'ament_cmake_args' from command line to 'None'
[0.248s] Level 5:colcon.colcon_core.verb:set package 'my_py_pkg' build argument 'catkin_cmake_args' from command line to 'None'
[0.248s] Level 5:colcon.colcon_core.verb:set package 'my_py_pkg' build argument 'catkin_skip_building_tests' from command line to 'False'
[0.248s] DEBUG:colcon.colcon_core.verb:Building package 'my_py_pkg' with the following arguments: {'ament_cmake_args': None, 'build_base': '/data2/Brinda/Documents/Reports/ROS2/my_ros2_workspace/build/my_py_pkg', 'catkin_cmake_args': None, 'catkin_skip_building_tests': False, 'cmake_args': None, 'cmake_clean_cache': False, 'cmake_clean_first': False, 'cmake_force_configure': False, 'cmake_target': None, 'cmake_target_skip_unavailable': False, 'install_base': '/data2/Brinda/Documents/Reports/ROS2/my_ros2_workspace/install/my_py_pkg', 'merge_install': False, 'path': '/data2/Brinda/Documents/Reports/ROS2/my_ros2_workspace/src/my_py_pkg', 'symlink_install': True, 'test_result_base': None}
[0.248s] Level 5:colcon.colcon_core.verb:set package 'navigation_pkg' build argument 'cmake_args' from command line to 'None'
[0.248s] Level 5:colcon.colcon_core.verb:set package 'navigation_pkg' build argument 'cmake_target' from command line to 'None'
[0.248s] Level 5:colcon.colcon_core.verb:set package 'navigation_pkg' build argument 'cmake_target_skip_unavailable' from command line to 'False'
[0.248s] Level 5:colcon.colcon_core.verb:set package 'navigation_pkg' build argument 'cmake_clean_cache' from command line to 'False'
[0.248s] Level 5:colcon.colcon_core.verb:set package 'navigation_pkg' build argument 'cmake_clean_first' from command line to 'False'
[0.248s] Level 5:colcon.colcon_core.verb:set package 'navigation_pkg' build argument 'cmake_force_configure' from command line to 'False'
[0.248s] Level 5:colcon.colcon_core.verb:set package 'navigation_pkg' build argument 'ament_cmake_args' from command line to 'None'
[0.249s] Level 5:colcon.colcon_core.verb:set package 'navigation_pkg' build argument 'catkin_cmake_args' from command line to 'None'
[0.249s] Level 5:colcon.colcon_core.verb:set package 'navigation_pkg' build argument 'catkin_skip_building_tests' from command line to 'False'
[0.249s] DEBUG:colcon.colcon_core.verb:Building package 'navigation_pkg' with the following arguments: {'ament_cmake_args': None, 'build_base': '/data2/Brinda/Documents/Reports/ROS2/my_ros2_workspace/build/navigation_pkg', 'catkin_cmake_args': None, 'catkin_skip_building_tests': False, 'cmake_args': None, 'cmake_clean_cache': False, 'cmake_clean_first': False, 'cmake_force_configure': False, 'cmake_target': None, 'cmake_target_skip_unavailable': False, 'install_base': '/data2/Brinda/Documents/Reports/ROS2/my_ros2_workspace/install/navigation_pkg', 'merge_install': False, 'path': '/data2/Brinda/Documents/Reports/ROS2/my_ros2_workspace/src/navigation_pkg', 'symlink_install': True, 'test_result_base': None}
[0.249s] Level 5:colcon.colcon_core.verb:set package 'robot_comm_pkg' build argument 'cmake_args' from command line to 'None'
[0.249s] Level 5:colcon.colcon_core.verb:set package 'robot_comm_pkg' build argument 'cmake_target' from command line to 'None'
[0.249s] Level 5:colcon.colcon_core.verb:set package 'robot_comm_pkg' build argument 'cmake_target_skip_unavailable' from command line to 'False'
[0.249s] Level 5:colcon.colcon_core.verb:set package 'robot_comm_pkg' build argument 'cmake_clean_cache' from command line to 'False'
[0.249s] Level 5:colcon.colcon_core.verb:set package 'robot_comm_pkg' build argument 'cmake_clean_first' from command line to 'False'
[0.249s] Level 5:colcon.colcon_core.verb:set package 'robot_comm_pkg' build argument 'cmake_force_configure' from command line to 'False'
[0.249s] Level 5:colcon.colcon_core.verb:set package 'robot_comm_pkg' build argument 'ament_cmake_args' from command line to 'None'
[0.249s] Level 5:colcon.colcon_core.verb:set package 'robot_comm_pkg' build argument 'catkin_cmake_args' from command line to 'None'
[0.249s] Level 5:colcon.colcon_core.verb:set package 'robot_comm_pkg' build argument 'catkin_skip_building_tests' from command line to 'False'
[0.249s] DEBUG:colcon.colcon_core.verb:Building package 'robot_comm_pkg' with the following arguments: {'ament_cmake_args': None, 'build_base': '/data2/Brinda/Documents/Reports/ROS2/my_ros2_workspace/build/robot_comm_pkg', 'catkin_cmake_args': None, 'catkin_skip_building_tests': False, 'cmake_args': None, 'cmake_clean_cache': False, 'cmake_clean_first': False, 'cmake_force_configure': False, 'cmake_target': None, 'cmake_target_skip_unavailable': False, 'install_base': '/data2/Brinda/Documents/Reports/ROS2/my_ros2_workspace/install/robot_comm_pkg', 'merge_install': False, 'path': '/data2/Brinda/Documents/Reports/ROS2/my_ros2_workspace/robot_comm_pkg', 'symlink_install': True, 'test_result_base': None}
[0.249s] Level 5:colcon.colcon_core.verb:set package 'robot_control_pkg' build argument 'cmake_args' from command line to 'None'
[0.249s] Level 5:colcon.colcon_core.verb:set package 'robot_control_pkg' build argument 'cmake_target' from command line to 'None'
[0.249s] Level 5:colcon.colcon_core.verb:set package 'robot_control_pkg' build argument 'cmake_target_skip_unavailable' from command line to 'False'
[0.249s] Level 5:colcon.colcon_core.verb:set package 'robot_control_pkg' build argument 'cmake_clean_cache' from command line to 'False'
[0.250s] Level 5:colcon.colcon_core.verb:set package 'robot_control_pkg' build argument 'cmake_clean_first' from command line to 'False'
[0.250s] Level 5:colcon.colcon_core.verb:set package 'robot_control_pkg' build argument 'cmake_force_configure' from command line to 'False'
[0.250s] Level 5:colcon.colcon_core.verb:set package 'robot_control_pkg' build argument 'ament_cmake_args' from command line to 'None'
[0.250s] Level 5:colcon.colcon_core.verb:set package 'robot_control_pkg' build argument 'catkin_cmake_args' from command line to 'None'
[0.250s] Level 5:colcon.colcon_core.verb:set package 'robot_control_pkg' build argument 'catkin_skip_building_tests' from command line to 'False'
[0.250s] DEBUG:colcon.colcon_core.verb:Building package 'robot_control_pkg' with the following arguments: {'ament_cmake_args': None, 'build_base': '/data2/Brinda/Documents/Reports/ROS2/my_ros2_workspace/build/robot_control_pkg', 'catkin_cmake_args': None, 'catkin_skip_building_tests': False, 'cmake_args': None, 'cmake_clean_cache': False, 'cmake_clean_first': False, 'cmake_force_configure': False, 'cmake_target': None, 'cmake_target_skip_unavailable': False, 'install_base': '/data2/Brinda/Documents/Reports/ROS2/my_ros2_workspace/install/robot_control_pkg', 'merge_install': False, 'path': '/data2/Brinda/Documents/Reports/ROS2/my_ros2_workspace/src/robot_control_pkg', 'symlink_install': True, 'test_result_base': None}
[0.250s] Level 5:colcon.colcon_core.verb:set package 'robot_interfaces' build argument 'cmake_args' from command line to 'None'
[0.250s] Level 5:colcon.colcon_core.verb:set package 'robot_interfaces' build argument 'cmake_target' from command line to 'None'
[0.250s] Level 5:colcon.colcon_core.verb:set package 'robot_interfaces' build argument 'cmake_target_skip_unavailable' from command line to 'False'
[0.250s] Level 5:colcon.colcon_core.verb:set package 'robot_interfaces' build argument 'cmake_clean_cache' from command line to 'False'
[0.250s] Level 5:colcon.colcon_core.verb:set package 'robot_interfaces' build argument 'cmake_clean_first' from command line to 'False'
[0.250s] Level 5:colcon.colcon_core.verb:set package 'robot_interfaces' build argument 'cmake_force_configure' from command line to 'False'
[0.250s] Level 5:colcon.colcon_core.verb:set package 'robot_interfaces' build argument 'ament_cmake_args' from command line to 'None'
[0.250s] Level 5:colcon.colcon_core.verb:set package 'robot_interfaces' build argument 'catkin_cmake_args' from command line to 'None'
[0.250s] Level 5:colcon.colcon_core.verb:set package 'robot_interfaces' build argument 'catkin_skip_building_tests' from command line to 'False'
[0.250s] DEBUG:colcon.colcon_core.verb:Building package 'robot_interfaces' with the following arguments: {'ament_cmake_args': None, 'build_base': '/data2/Brinda/Documents/Reports/ROS2/my_ros2_workspace/build/robot_interfaces', 'catkin_cmake_args': None, 'catkin_skip_building_tests': False, 'cmake_args': None, 'cmake_clean_cache': False, 'cmake_clean_first': False, 'cmake_force_configure': False, 'cmake_target': None, 'cmake_target_skip_unavailable': False, 'install_base': '/data2/Brinda/Documents/Reports/ROS2/my_ros2_workspace/install/robot_interfaces', 'merge_install': False, 'path': '/data2/Brinda/Documents/Reports/ROS2/my_ros2_workspace/src/robot_interfaces', 'symlink_install': True, 'test_result_base': None}
[0.250s] Level 5:colcon.colcon_core.verb:set package 'robot_service_pkg' build argument 'cmake_args' from command line to 'None'
[0.251s] Level 5:colcon.colcon_core.verb:set package 'robot_service_pkg' build argument 'cmake_target' from command line to 'None'
[0.251s] Level 5:colcon.colcon_core.verb:set package 'robot_service_pkg' build argument 'cmake_target_skip_unavailable' from command line to 'False'
[0.251s] Level 5:colcon.colcon_core.verb:set package 'robot_service_pkg' build argument 'cmake_clean_cache' from command line to 'False'
[0.251s] Level 5:colcon.colcon_core.verb:set package 'robot_service_pkg' build argument 'cmake_clean_first' from command line to 'False'
[0.251s] Level 5:colcon.colcon_core.verb:set package 'robot_service_pkg' build argument 'cmake_force_configure' from command line to 'False'
[0.251s] Level 5:colcon.colcon_core.verb:set package 'robot_service_pkg' build argument 'ament_cmake_args' from command line to 'None'
[0.251s] Level 5:colcon.colcon_core.verb:set package 'robot_service_pkg' build argument 'catkin_cmake_args' from command line to 'None'
[0.251s] Level 5:colcon.colcon_core.verb:set package 'robot_service_pkg' build argument 'catkin_skip_building_tests' from command line to 'False'
[0.251s] DEBUG:colcon.colcon_core.verb:Building package 'robot_service_pkg' with the following arguments: {'ament_cmake_args': None, 'build_base': '/data2/Brinda/Documents/Reports/ROS2/my_ros2_workspace/build/robot_service_pkg', 'catkin_cmake_args': None, 'catkin_skip_building_tests': False, 'cmake_args': None, 'cmake_clean_cache': False, 'cmake_clean_first': False, 'cmake_force_configure': False, 'cmake_target': None, 'cmake_target_skip_unavailable': False, 'install_base': '/data2/Brinda/Documents/Reports/ROS2/my_ros2_workspace/install/robot_service_pkg', 'merge_install': False, 'path': '/data2/Brinda/Documents/Reports/ROS2/my_ros2_workspace/src/robot_service_pkg', 'symlink_install': True, 'test_result_base': None}
[0.251s] Level 5:colcon.colcon_core.verb:set package 'vision_pkg' build argument 'cmake_args' from command line to 'None'
[0.251s] Level 5:colcon.colcon_core.verb:set package 'vision_pkg' build argument 'cmake_target' from command line to 'None'
[0.251s] Level 5:colcon.colcon_core.verb:set package 'vision_pkg' build argument 'cmake_target_skip_unavailable' from command line to 'False'
[0.251s] Level 5:colcon.colcon_core.verb:set package 'vision_pkg' build argument 'cmake_clean_cache' from command line to 'False'
[0.251s] Level 5:colcon.colcon_core.verb:set package 'vision_pkg' build argument 'cmake_clean_first' from command line to 'False'
[0.251s] Level 5:colcon.colcon_core.verb:set package 'vision_pkg' build argument 'cmake_force_configure' from command line to 'False'
[0.251s] Level 5:colcon.colcon_core.verb:set package 'vision_pkg' build argument 'ament_cmake_args' from command line to 'None'
[0.251s] Level 5:colcon.colcon_core.verb:set package 'vision_pkg' build argument 'catkin_cmake_args' from command line to 'None'
[0.251s] Level 5:colcon.colcon_core.verb:set package 'vision_pkg' build argument 'catkin_skip_building_tests' from command line to 'False'
[0.251s] DEBUG:colcon.colcon_core.verb:Building package 'vision_pkg' with the following arguments: {'ament_cmake_args': None, 'build_base': '/data2/Brinda/Documents/Reports/ROS2/my_ros2_workspace/build/vision_pkg', 'catkin_cmake_args': None, 'catkin_skip_building_tests': False, 'cmake_args': None, 'cmake_clean_cache': False, 'cmake_clean_first': False, 'cmake_force_configure': False, 'cmake_target': None, 'cmake_target_skip_unavailable': False, 'install_base': '/data2/Brinda/Documents/Reports/ROS2/my_ros2_workspace/install/vision_pkg', 'merge_install': False, 'path': '/data2/Brinda/Documents/Reports/ROS2/my_ros2_workspace/src/vision_pkg', 'symlink_install': True, 'test_result_base': None}
[0.252s] Level 5:colcon.colcon_core.verb:set package 'robot_action_pkg' build argument 'cmake_args' from command line to 'None'
[0.252s] Level 5:colcon.colcon_core.verb:set package 'robot_action_pkg' build argument 'cmake_target' from command line to 'None'
[0.252s] Level 5:colcon.colcon_core.verb:set package 'robot_action_pkg' build argument 'cmake_target_skip_unavailable' from command line to 'False'
[0.252s] Level 5:colcon.colcon_core.verb:set package 'robot_action_pkg' build argument 'cmake_clean_cache' from command line to 'False'
[0.252s] Level 5:colcon.colcon_core.verb:set package 'robot_action_pkg' build argument 'cmake_clean_first' from command line to 'False'
[0.252s] Level 5:colcon.colcon_core.verb:set package 'robot_action_pkg' build argument 'cmake_force_configure' from command line to 'False'
[0.252s] Level 5:colcon.colcon_core.verb:set package 'robot_action_pkg' build argument 'ament_cmake_args' from command line to 'None'
[0.252s] Level 5:colcon.colcon_core.verb:set package 'robot_action_pkg' build argument 'catkin_cmake_args' from command line to 'None'
[0.252s] Level 5:colcon.colcon_core.verb:set package 'robot_action_pkg' build argument 'catkin_skip_building_tests' from command line to 'False'
[0.252s] DEBUG:colcon.colcon_core.verb:Building package 'robot_action_pkg' with the following arguments: {'ament_cmake_args': None, 'build_base': '/data2/Brinda/Documents/Reports/ROS2/my_ros2_workspace/build/robot_action_pkg', 'catkin_cmake_args': None, 'catkin_skip_building_tests': False, 'cmake_args': None, 'cmake_clean_cache': False, 'cmake_clean_first': False, 'cmake_force_configure': False, 'cmake_target': None, 'cmake_target_skip_unavailable': False, 'install_base': '/data2/Brinda/Documents/Reports/ROS2/my_ros2_workspace/install/robot_action_pkg', 'merge_install': False, 'path': '/data2/Brinda/Documents/Reports/ROS2/my_ros2_workspace/src/robot_action_pkg', 'symlink_install': True, 'test_result_base': None}
[0.252s] INFO:colcon.colcon_core.executor:Executing jobs using 'parallel' executor
[0.252s] DEBUG:colcon.colcon_parallel_executor.executor.parallel:run_until_complete
[0.253s] INFO:colcon.colcon_ros.task.ament_cmake.build:Building ROS package in '/data2/Brinda/Documents/Reports/ROS2/my_ros2_workspace/src/robot_interfaces' with build type 'ament_cmake'
[0.253s] INFO:colcon.colcon_cmake.task.cmake.build:Building CMake package in '/data2/Brinda/Documents/Reports/ROS2/my_ros2_workspace/src/robot_interfaces'
[0.255s] INFO:colcon.colcon_core.plugin_system:Skipping extension 'colcon_core.shell.bat': Not used on non-Windows systems
[0.255s] INFO:colcon.colcon_core.shell:Skip shell extension 'powershell' for command environment: Not usable outside of PowerShell
[0.255s] DEBUG:colcon.colcon_core.shell:Skip shell extension 'dsv' for command environment
[0.263s] INFO:colcon.colcon_ros.task.ament_cmake.build:Building ROS package in '/data2/Brinda/Documents/Reports/ROS2/my_ros2_workspace/src/basic_gazebo_robot' with build type 'ament_cmake'
[0.263s] INFO:colcon.colcon_cmake.task.cmake.build:Building CMake package in '/data2/Brinda/Documents/Reports/ROS2/my_ros2_workspace/src/basic_gazebo_robot'
[0.263s] INFO:colcon.colcon_core.shell:Skip shell extension 'powershell' for command environment: Not usable outside of PowerShell
[0.263s] DEBUG:colcon.colcon_core.shell:Skip shell extension 'dsv' for command environment
[0.271s] INFO:colcon.colcon_ros.task.ament_python.build:Building ROS package in '/data2/Brinda/Documents/Reports/ROS2/my_ros2_workspace/src/camera_pkg' with build type 'ament_python'
[0.271s] Level 1:colcon.colcon_core.shell:create_environment_hook('camera_pkg', 'ament_prefix_path')
[0.271s] INFO:colcon.colcon_core.shell:Creating environment hook '/data2/Brinda/Documents/Reports/ROS2/my_ros2_workspace/install/camera_pkg/share/camera_pkg/hook/ament_prefix_path.ps1'
[0.272s] INFO:colcon.colcon_core.shell:Creating environment descriptor '/data2/Brinda/Documents/Reports/ROS2/my_ros2_workspace/install/camera_pkg/share/camera_pkg/hook/ament_prefix_path.dsv'
[0.272s] INFO:colcon.colcon_core.shell:Creating environment hook '/data2/Brinda/Documents/Reports/ROS2/my_ros2_workspace/install/camera_pkg/share/camera_pkg/hook/ament_prefix_path.sh'
[0.273s] INFO:colcon.colcon_core.shell:Skip shell extension 'powershell' for command environment: Not usable outside of PowerShell
[0.273s] DEBUG:colcon.colcon_core.shell:Skip shell extension 'dsv' for command environment
[0.280s] INFO:colcon.colcon_ros.task.ament_python.build:Building ROS package in '/data2/Brinda/Documents/Reports/ROS2/my_ros2_workspace/src/lidar_pkg' with build type 'ament_python'
[0.280s] Level 1:colcon.colcon_core.shell:create_environment_hook('lidar_pkg', 'ament_prefix_path')
[0.281s] INFO:colcon.colcon_core.shell:Creating environment hook '/data2/Brinda/Documents/Reports/ROS2/my_ros2_workspace/install/lidar_pkg/share/lidar_pkg/hook/ament_prefix_path.ps1'
[0.281s] INFO:colcon.colcon_core.shell:Creating environment descriptor '/data2/Brinda/Documents/Reports/ROS2/my_ros2_workspace/install/lidar_pkg/share/lidar_pkg/hook/ament_prefix_path.dsv'
[0.282s] INFO:colcon.colcon_core.shell:Creating environment hook '/data2/Brinda/Documents/Reports/ROS2/my_ros2_workspace/install/lidar_pkg/share/lidar_pkg/hook/ament_prefix_path.sh'
[0.282s] INFO:colcon.colcon_core.shell:Skip shell extension 'powershell' for command environment: Not usable outside of PowerShell
[0.282s] DEBUG:colcon.colcon_core.shell:Skip shell extension 'dsv' for command environment
[0.290s] INFO:colcon.colcon_ros.task.ament_cmake.build:Building ROS package in '/data2/Brinda/Documents/Reports/ROS2/my_ros2_workspace/src/my_cpp_pkg' with build type 'ament_cmake'
[0.290s] INFO:colcon.colcon_cmake.task.cmake.build:Building CMake package in '/data2/Brinda/Documents/Reports/ROS2/my_ros2_workspace/src/my_cpp_pkg'
[0.290s] INFO:colcon.colcon_core.shell:Skip shell extension 'powershell' for command environment: Not usable outside of PowerShell
[0.290s] DEBUG:colcon.colcon_core.shell:Skip shell extension 'dsv' for command environment
[0.297s] INFO:colcon.colcon_ros.task.ament_python.build:Building ROS package in '/data2/Brinda/Documents/Reports/ROS2/my_ros2_workspace/src/my_py_pkg' with build type 'ament_python'
[0.297s] Level 1:colcon.colcon_core.shell:create_environment_hook('my_py_pkg', 'ament_prefix_path')
[0.297s] INFO:colcon.colcon_core.shell:Creating environment hook '/data2/Brinda/Documents/Reports/ROS2/my_ros2_workspace/install/my_py_pkg/share/my_py_pkg/hook/ament_prefix_path.ps1'
[0.298s] INFO:colcon.colcon_core.shell:Creating environment descriptor '/data2/Brinda/Documents/Reports/ROS2/my_ros2_workspace/install/my_py_pkg/share/my_py_pkg/hook/ament_prefix_path.dsv'
[0.298s] INFO:colcon.colcon_core.shell:Creating environment hook '/data2/Brinda/Documents/Reports/ROS2/my_ros2_workspace/install/my_py_pkg/share/my_py_pkg/hook/ament_prefix_path.sh'
[0.299s] INFO:colcon.colcon_core.shell:Skip shell extension 'powershell' for command environment: Not usable outside of PowerShell
[0.299s] DEBUG:colcon.colcon_core.shell:Skip shell extension 'dsv' for command environment
[0.306s] INFO:colcon.colcon_ros.task.ament_python.build:Building ROS package in '/data2/Brinda/Documents/Reports/ROS2/my_ros2_workspace/src/navigation_pkg' with build type 'ament_python'
[0.307s] Level 1:colcon.colcon_core.shell:create_environment_hook('navigation_pkg', 'ament_prefix_path')
[0.307s] INFO:colcon.colcon_core.shell:Creating environment hook '/data2/Brinda/Documents/Reports/ROS2/my_ros2_workspace/install/navigation_pkg/share/navigation_pkg/hook/ament_prefix_path.ps1'
[0.307s] INFO:colcon.colcon_core.shell:Creating environment descriptor '/data2/Brinda/Documents/Reports/ROS2/my_ros2_workspace/install/navigation_pkg/share/navigation_pkg/hook/ament_prefix_path.dsv'
[0.308s] INFO:colcon.colcon_core.shell:Creating environment hook '/data2/Brinda/Documents/Reports/ROS2/my_ros2_workspace/install/navigation_pkg/share/navigation_pkg/hook/ament_prefix_path.sh'
[0.309s] INFO:colcon.colcon_core.shell:Skip shell extension 'powershell' for command environment: Not usable outside of PowerShell
[0.309s] DEBUG:colcon.colcon_core.shell:Skip shell extension 'dsv' for command environment
[0.317s] INFO:colcon.colcon_ros.task.ament_python.build:Building ROS package in '/data2/Brinda/Documents/Reports/ROS2/my_ros2_workspace/robot_comm_pkg' with build type 'ament_python'
[0.317s] Level 1:colcon.colcon_core.shell:create_environment_hook('robot_comm_pkg', 'ament_prefix_path')
[0.317s] INFO:colcon.colcon_core.shell:Creating environment hook '/data2/Brinda/Documents/Reports/ROS2/my_ros2_workspace/install/robot_comm_pkg/share/robot_comm_pkg/hook/ament_prefix_path.ps1'
[0.318s] INFO:colcon.colcon_core.shell:Creating environment descriptor '/data2/Brinda/Documents/Reports/ROS2/my_ros2_workspace/install/robot_comm_pkg/share/robot_comm_pkg/hook/ament_prefix_path.dsv'
[0.318s] INFO:colcon.colcon_core.shell:Creating environment hook '/data2/Brinda/Documents/Reports/ROS2/my_ros2_workspace/install/robot_comm_pkg/share/robot_comm_pkg/hook/ament_prefix_path.sh'
[0.319s] INFO:colcon.colcon_core.shell:Skip shell extension 'powershell' for command environment: Not usable outside of PowerShell
[0.319s] DEBUG:colcon.colcon_core.shell:Skip shell extension 'dsv' for command environment
[0.326s] INFO:colcon.colcon_ros.task.ament_python.build:Building ROS package in '/data2/Brinda/Documents/Reports/ROS2/my_ros2_workspace/src/robot_control_pkg' with build type 'ament_python'
[0.326s] Level 1:colcon.colcon_core.shell:create_environment_hook('robot_control_pkg', 'ament_prefix_path')
[0.326s] INFO:colcon.colcon_core.shell:Creating environment hook '/data2/Brinda/Documents/Reports/ROS2/my_ros2_workspace/install/robot_control_pkg/share/robot_control_pkg/hook/ament_prefix_path.ps1'
[0.327s] INFO:colcon.colcon_core.shell:Creating environment descriptor '/data2/Brinda/Documents/Reports/ROS2/my_ros2_workspace/install/robot_control_pkg/share/robot_control_pkg/hook/ament_prefix_path.dsv'
[0.327s] INFO:colcon.colcon_core.shell:Creating environment hook '/data2/Brinda/Documents/Reports/ROS2/my_ros2_workspace/install/robot_control_pkg/share/robot_control_pkg/hook/ament_prefix_path.sh'
[0.328s] INFO:colcon.colcon_core.shell:Skip shell extension 'powershell' for command environment: Not usable outside of PowerShell
[0.328s] DEBUG:colcon.colcon_core.shell:Skip shell extension 'dsv' for command environment
[0.335s] INFO:colcon.colcon_ros.task.ament_python.build:Building ROS package in '/data2/Brinda/Documents/Reports/ROS2/my_ros2_workspace/src/robot_service_pkg' with build type 'ament_python'
[0.335s] Level 1:colcon.colcon_core.shell:create_environment_hook('robot_service_pkg', 'ament_prefix_path')
[0.335s] INFO:colcon.colcon_core.shell:Creating environment hook '/data2/Brinda/Documents/Reports/ROS2/my_ros2_workspace/install/robot_service_pkg/share/robot_service_pkg/hook/ament_prefix_path.ps1'
[0.336s] INFO:colcon.colcon_core.shell:Creating environment descriptor '/data2/Brinda/Documents/Reports/ROS2/my_ros2_workspace/install/robot_service_pkg/share/robot_service_pkg/hook/ament_prefix_path.dsv'
[0.336s] INFO:colcon.colcon_core.shell:Creating environment hook '/data2/Brinda/Documents/Reports/ROS2/my_ros2_workspace/install/robot_service_pkg/share/robot_service_pkg/hook/ament_prefix_path.sh'
[0.337s] INFO:colcon.colcon_core.shell:Skip shell extension 'powershell' for command environment: Not usable outside of PowerShell
[0.337s] DEBUG:colcon.colcon_core.shell:Skip shell extension 'dsv' for command environment
[0.344s] INFO:colcon.colcon_ros.task.ament_python.build:Building ROS package in '/data2/Brinda/Documents/Reports/ROS2/my_ros2_workspace/src/vision_pkg' with build type 'ament_python'
[0.345s] Level 1:colcon.colcon_core.shell:create_environment_hook('vision_pkg', 'ament_prefix_path')
[0.345s] INFO:colcon.colcon_core.shell:Creating environment hook '/data2/Brinda/Documents/Reports/ROS2/my_ros2_workspace/install/vision_pkg/share/vision_pkg/hook/ament_prefix_path.ps1'
[0.345s] INFO:colcon.colcon_core.shell:Creating environment descriptor '/data2/Brinda/Documents/Reports/ROS2/my_ros2_workspace/install/vision_pkg/share/vision_pkg/hook/ament_prefix_path.dsv'
[0.346s] INFO:colcon.colcon_core.shell:Creating environment hook '/data2/Brinda/Documents/Reports/ROS2/my_ros2_workspace/install/vision_pkg/share/vision_pkg/hook/ament_prefix_path.sh'
[0.346s] INFO:colcon.colcon_core.shell:Skip shell extension 'powershell' for command environment: Not usable outside of PowerShell
[0.347s] DEBUG:colcon.colcon_core.shell:Skip shell extension 'dsv' for command environment
[0.358s] DEBUG:colcon.colcon_core.event_handler.log_command:Invoking command in '/data2/Brinda/Documents/Reports/ROS2/my_ros2_workspace/build/robot_interfaces': CMAKE_PREFIX_PATH=${CMAKE_PREFIX_PATH}:/data2/Brinda/Documents/Reports/ROS2/my_ros2_workspace/install/vision_pkg:/data2/Brinda/Documents/Reports/ROS2/my_ros2_workspace/install/robot_service_pkg:/data2/Brinda/Documents/Reports/ROS2/my_ros2_workspace/install/robot_action_pkg:/data2/Brinda/Documents/Reports/ROS2/my_ros2_workspace/install/robot_control_pkg:/data2/Brinda/Documents/Reports/ROS2/my_ros2_workspace/install/robot_comm_pkg:/data2/Brinda/Documents/Reports/ROS2/my_ros2_workspace/install/navigation_pkg:/data2/Brinda/Documents/Reports/ROS2/my_ros2_workspace/install/my_py_pkg:/data2/Brinda/Documents/Reports/ROS2/my_ros2_workspace/install/lidar_pkg:/data2/Brinda/Documents/Reports/ROS2/my_ros2_workspace/install/camera_pkg:/opt/ros/humble /usr/bin/cmake --build /data2/Brinda/Documents/Reports/ROS2/my_ros2_workspace/build/robot_interfaces -- -j16 -l16
[0.364s] DEBUG:colcon.colcon_core.event_handler.log_command:Invoking command in '/data2/Brinda/Documents/Reports/ROS2/my_ros2_workspace/build/basic_gazebo_robot': CMAKE_PREFIX_PATH=${CMAKE_PREFIX_PATH}:/data2/Brinda/Documents/Reports/ROS2/my_ros2_workspace/install/vision_pkg:/data2/Brinda/Documents/Reports/ROS2/my_ros2_workspace/install/robot_service_pkg:/data2/Brinda/Documents/Reports/ROS2/my_ros2_workspace/install/robot_action_pkg:/data2/Brinda/Documents/Reports/ROS2/my_ros2_workspace/install/robot_control_pkg:/data2/Brinda/Documents/Reports/ROS2/my_ros2_workspace/install/robot_comm_pkg:/data2/Brinda/Documents/Reports/ROS2/my_ros2_workspace/install/navigation_pkg:/data2/Brinda/Documents/Reports/ROS2/my_ros2_workspace/install/my_py_pkg:/data2/Brinda/Documents/Reports/ROS2/my_ros2_workspace/install/lidar_pkg:/data2/Brinda/Documents/Reports/ROS2/my_ros2_workspace/install/camera_pkg:/opt/ros/humble /usr/bin/cmake --build /data2/Brinda/Documents/Reports/ROS2/my_ros2_workspace/build/basic_gazebo_robot -- -j16 -l16
[0.624s] INFO:colcon.colcon_core.task.python.build:Building Python package in '/data2/Brinda/Documents/Reports/ROS2/my_ros2_workspace/src/camera_pkg'
[0.625s] INFO:colcon.colcon_core.shell:Skip shell extension 'powershell' for command environment: Not usable outside of PowerShell
[0.625s] DEBUG:colcon.colcon_core.shell:Skip shell extension 'dsv' for command environment
[0.854s] INFO:colcon.colcon_core.task.python.build:Building Python package in '/data2/Brinda/Documents/Reports/ROS2/my_ros2_workspace/src/lidar_pkg'
[0.854s] INFO:colcon.colcon_core.shell:Skip shell extension 'powershell' for command environment: Not usable outside of PowerShell
[0.854s] DEBUG:colcon.colcon_core.shell:Skip shell extension 'dsv' for command environment
[0.865s] DEBUG:colcon.colcon_core.event_handler.log_command:Invoking command in '/data2/Brinda/Documents/Reports/ROS2/my_ros2_workspace/build/my_cpp_pkg': CMAKE_PREFIX_PATH=${CMAKE_PREFIX_PATH}:/data2/Brinda/Documents/Reports/ROS2/my_ros2_workspace/install/vision_pkg:/data2/Brinda/Documents/Reports/ROS2/my_ros2_workspace/install/robot_service_pkg:/data2/Brinda/Documents/Reports/ROS2/my_ros2_workspace/install/robot_action_pkg:/data2/Brinda/Documents/Reports/ROS2/my_ros2_workspace/install/robot_control_pkg:/data2/Brinda/Documents/Reports/ROS2/my_ros2_workspace/install/robot_comm_pkg:/data2/Brinda/Documents/Reports/ROS2/my_ros2_workspace/install/navigation_pkg:/data2/Brinda/Documents/Reports/ROS2/my_ros2_workspace/install/my_py_pkg:/data2/Brinda/Documents/Reports/ROS2/my_ros2_workspace/install/lidar_pkg:/data2/Brinda/Documents/Reports/ROS2/my_ros2_workspace/install/camera_pkg:/opt/ros/humble /usr/bin/cmake --build /data2/Brinda/Documents/Reports/ROS2/my_ros2_workspace/build/my_cpp_pkg -- -j16 -l16
[1.079s] INFO:colcon.colcon_core.task.python.build:Building Python package in '/data2/Brinda/Documents/Reports/ROS2/my_ros2_workspace/src/my_py_pkg'
[1.079s] INFO:colcon.colcon_core.shell:Skip shell extension 'powershell' for command environment: Not usable outside of PowerShell
[1.079s] DEBUG:colcon.colcon_core.shell:Skip shell extension 'dsv' for command environment
[1.302s] INFO:colcon.colcon_core.task.python.build:Building Python package in '/data2/Brinda/Documents/Reports/ROS2/my_ros2_workspace/src/navigation_pkg'
[1.302s] INFO:colcon.colcon_core.shell:Skip shell extension 'powershell' for command environment: Not usable outside of PowerShell
[1.302s] DEBUG:colcon.colcon_core.shell:Skip shell extension 'dsv' for command environment
[1.533s] INFO:colcon.colcon_core.task.python.build:Building Python package in '/data2/Brinda/Documents/Reports/ROS2/my_ros2_workspace/robot_comm_pkg'
[1.534s] INFO:colcon.colcon_core.shell:Skip shell extension 'powershell' for command environment: Not usable outside of PowerShell
[1.534s] DEBUG:colcon.colcon_core.shell:Skip shell extension 'dsv' for command environment
[1.757s] INFO:colcon.colcon_core.task.python.build:Building Python package in '/data2/Brinda/Documents/Reports/ROS2/my_ros2_workspace/src/robot_control_pkg'
[1.757s] INFO:colcon.colcon_core.shell:Skip shell extension 'powershell' for command environment: Not usable outside of PowerShell
[1.757s] DEBUG:colcon.colcon_core.shell:Skip shell extension 'dsv' for command environment
[1.980s] INFO:colcon.colcon_core.task.python.build:Building Python package in '/data2/Brinda/Documents/Reports/ROS2/my_ros2_workspace/src/robot_service_pkg'
[1.981s] INFO:colcon.colcon_core.shell:Skip shell extension 'powershell' for command environment: Not usable outside of PowerShell
[1.981s] DEBUG:colcon.colcon_core.shell:Skip shell extension 'dsv' for command environment
[1.994s] DEBUG:colcon.colcon_core.event_handler.log_command:Invoked command in '/data2/Brinda/Documents/Reports/ROS2/my_ros2_workspace/build/basic_gazebo_robot' returned '0': CMAKE_PREFIX_PATH=${CMAKE_PREFIX_PATH}:/data2/Brinda/Documents/Reports/ROS2/my_ros2_workspace/install/vision_pkg:/data2/Brinda/Documents/Reports/ROS2/my_ros2_workspace/install/robot_service_pkg:/data2/Brinda/Documents/Reports/ROS2/my_ros2_workspace/install/robot_action_pkg:/data2/Brinda/Documents/Reports/ROS2/my_ros2_workspace/install/robot_control_pkg:/data2/Brinda/Documents/Reports/ROS2/my_ros2_workspace/install/robot_comm_pkg:/data2/Brinda/Documents/Reports/ROS2/my_ros2_workspace/install/navigation_pkg:/data2/Brinda/Documents/Reports/ROS2/my_ros2_workspace/install/my_py_pkg:/data2/Brinda/Documents/Reports/ROS2/my_ros2_workspace/install/lidar_pkg:/data2/Brinda/Documents/Reports/ROS2/my_ros2_workspace/install/camera_pkg:/opt/ros/humble /usr/bin/cmake --build /data2/Brinda/Documents/Reports/ROS2/my_ros2_workspace/build/basic_gazebo_robot -- -j16 -l16
[2.002s] DEBUG:colcon.colcon_core.event_handler.log_command:Invoking command in '/data2/Brinda/Documents/Reports/ROS2/my_ros2_workspace/build/basic_gazebo_robot': CMAKE_PREFIX_PATH=${CMAKE_PREFIX_PATH}:/data2/Brinda/Documents/Reports/ROS2/my_ros2_workspace/install/vision_pkg:/data2/Brinda/Documents/Reports/ROS2/my_ros2_workspace/install/robot_service_pkg:/data2/Brinda/Documents/Reports/ROS2/my_ros2_workspace/install/robot_action_pkg:/data2/Brinda/Documents/Reports/ROS2/my_ros2_workspace/install/robot_control_pkg:/data2/Brinda/Documents/Reports/ROS2/my_ros2_workspace/install/robot_comm_pkg:/data2/Brinda/Documents/Reports/ROS2/my_ros2_workspace/install/navigation_pkg:/data2/Brinda/Documents/Reports/ROS2/my_ros2_workspace/install/my_py_pkg:/data2/Brinda/Documents/Reports/ROS2/my_ros2_workspace/install/lidar_pkg:/data2/Brinda/Documents/Reports/ROS2/my_ros2_workspace/install/camera_pkg:/opt/ros/humble /usr/bin/cmake --install /data2/Brinda/Documents/Reports/ROS2/my_ros2_workspace/build/basic_gazebo_robot
[2.003s] DEBUG:colcon.colcon_core.event_handler.log_command:Invoked command in '/data2/Brinda/Documents/Reports/ROS2/my_ros2_workspace/build/robot_interfaces' returned '0': CMAKE_PREFIX_PATH=${CMAKE_PREFIX_PATH}:/data2/Brinda/Documents/Reports/ROS2/my_ros2_workspace/install/vision_pkg:/data2/Brinda/Documents/Reports/ROS2/my_ros2_workspace/install/robot_service_pkg:/data2/Brinda/Documents/Reports/ROS2/my_ros2_workspace/install/robot_action_pkg:/data2/Brinda/Documents/Reports/ROS2/my_ros2_workspace/install/robot_control_pkg:/data2/Brinda/Documents/Reports/ROS2/my_ros2_workspace/install/robot_comm_pkg:/data2/Brinda/Documents/Reports/ROS2/my_ros2_workspace/install/navigation_pkg:/data2/Brinda/Documents/Reports/ROS2/my_ros2_workspace/install/my_py_pkg:/data2/Brinda/Documents/Reports/ROS2/my_ros2_workspace/install/lidar_pkg:/data2/Brinda/Documents/Reports/ROS2/my_ros2_workspace/install/camera_pkg:/opt/ros/humble /usr/bin/cmake --build /data2/Brinda/Documents/Reports/ROS2/my_ros2_workspace/build/robot_interfaces -- -j16 -l16
[2.004s] DEBUG:colcon.colcon_core.event_handler.log_command:Invoking command in '/data2/Brinda/Documents/Reports/ROS2/my_ros2_workspace/build/robot_interfaces': CMAKE_PREFIX_PATH=${CMAKE_PREFIX_PATH}:/data2/Brinda/Documents/Reports/ROS2/my_ros2_workspace/install/vision_pkg:/data2/Brinda/Documents/Reports/ROS2/my_ros2_workspace/install/robot_service_pkg:/data2/Brinda/Documents/Reports/ROS2/my_ros2_workspace/install/robot_action_pkg:/data2/Brinda/Documents/Reports/ROS2/my_ros2_workspace/install/robot_control_pkg:/data2/Brinda/Documents/Reports/ROS2/my_ros2_workspace/install/robot_comm_pkg:/data2/Brinda/Documents/Reports/ROS2/my_ros2_workspace/install/navigation_pkg:/data2/Brinda/Documents/Reports/ROS2/my_ros2_workspace/install/my_py_pkg:/data2/Brinda/Documents/Reports/ROS2/my_ros2_workspace/install/lidar_pkg:/data2/Brinda/Documents/Reports/ROS2/my_ros2_workspace/install/camera_pkg:/opt/ros/humble /usr/bin/cmake --install /data2/Brinda/Documents/Reports/ROS2/my_ros2_workspace/build/robot_interfaces
[2.223s] INFO:colcon.colcon_core.task.python.build:Building Python package in '/data2/Brinda/Documents/Reports/ROS2/my_ros2_workspace/src/vision_pkg'
[2.223s] INFO:colcon.colcon_core.shell:Skip shell extension 'powershell' for command environment: Not usable outside of PowerShell
[2.223s] DEBUG:colcon.colcon_core.shell:Skip shell extension 'dsv' for command environment
[2.231s] DEBUG:colcon.colcon_core.event_handler.log_command:Invoked command in '/data2/Brinda/Documents/Reports/ROS2/my_ros2_workspace/build/my_cpp_pkg' returned '0': CMAKE_PREFIX_PATH=${CMAKE_PREFIX_PATH}:/data2/Brinda/Documents/Reports/ROS2/my_ros2_workspace/install/vision_pkg:/data2/Brinda/Documents/Reports/ROS2/my_ros2_workspace/install/robot_service_pkg:/data2/Brinda/Documents/Reports/ROS2/my_ros2_workspace/install/robot_action_pkg:/data2/Brinda/Documents/Reports/ROS2/my_ros2_workspace/install/robot_control_pkg:/data2/Brinda/Documents/Reports/ROS2/my_ros2_workspace/install/robot_comm_pkg:/data2/Brinda/Documents/Reports/ROS2/my_ros2_workspace/install/navigation_pkg:/data2/Brinda/Documents/Reports/ROS2/my_ros2_workspace/install/my_py_pkg:/data2/Brinda/Documents/Reports/ROS2/my_ros2_workspace/install/lidar_pkg:/data2/Brinda/Documents/Reports/ROS2/my_ros2_workspace/install/camera_pkg:/opt/ros/humble /usr/bin/cmake --build /data2/Brinda/Documents/Reports/ROS2/my_ros2_workspace/build/my_cpp_pkg -- -j16 -l16
[2.232s] DEBUG:colcon.colcon_core.event_handler.log_command:Invoking command in '/data2/Brinda/Documents/Reports/ROS2/my_ros2_workspace/build/my_cpp_pkg': CMAKE_PREFIX_PATH=${CMAKE_PREFIX_PATH}:/data2/Brinda/Documents/Reports/ROS2/my_ros2_workspace/install/vision_pkg:/data2/Brinda/Documents/Reports/ROS2/my_ros2_workspace/install/robot_service_pkg:/data2/Brinda/Documents/Reports/ROS2/my_ros2_workspace/install/robot_action_pkg:/data2/Brinda/Documents/Reports/ROS2/my_ros2_workspace/install/robot_control_pkg:/data2/Brinda/Documents/Reports/ROS2/my_ros2_workspace/install/robot_comm_pkg:/data2/Brinda/Documents/Reports/ROS2/my_ros2_workspace/install/navigation_pkg:/data2/Brinda/Documents/Reports/ROS2/my_ros2_workspace/install/my_py_pkg:/data2/Brinda/Documents/Reports/ROS2/my_ros2_workspace/install/lidar_pkg:/data2/Brinda/Documents/Reports/ROS2/my_ros2_workspace/install/camera_pkg:/opt/ros/humble /usr/bin/cmake --install /data2/Brinda/Documents/Reports/ROS2/my_ros2_workspace/build/my_cpp_pkg
[2.254s] Level 1:colcon.colcon_core.environment:create_environment_scripts_only(basic_gazebo_robot)
[2.262s] Level 1:colcon.colcon_core.environment:checking '/data2/Brinda/Documents/Reports/ROS2/my_ros2_workspace/install/basic_gazebo_robot' for CMake module files
[2.268s] DEBUG:colcon.colcon_core.event_handler.log_command:Invoked command in '/data2/Brinda/Documents/Reports/ROS2/my_ros2_workspace/build/basic_gazebo_robot' returned '0': CMAKE_PREFIX_PATH=${CMAKE_PREFIX_PATH}:/data2/Brinda/Documents/Reports/ROS2/my_ros2_workspace/install/vision_pkg:/data2/Brinda/Documents/Reports/ROS2/my_ros2_workspace/install/robot_service_pkg:/data2/Brinda/Documents/Reports/ROS2/my_ros2_workspace/install/robot_action_pkg:/data2/Brinda/Documents/Reports/ROS2/my_ros2_workspace/install/robot_control_pkg:/data2/Brinda/Documents/Reports/ROS2/my_ros2_workspace/install/robot_comm_pkg:/data2/Brinda/Documents/Reports/ROS2/my_ros2_workspace/install/navigation_pkg:/data2/Brinda/Documents/Reports/ROS2/my_ros2_workspace/install/my_py_pkg:/data2/Brinda/Documents/Reports/ROS2/my_ros2_workspace/install/lidar_pkg:/data2/Brinda/Documents/Reports/ROS2/my_ros2_workspace/install/camera_pkg:/opt/ros/humble /usr/bin/cmake --install /data2/Brinda/Documents/Reports/ROS2/my_ros2_workspace/build/basic_gazebo_robot
[2.273s] Level 1:colcon.colcon_core.environment:checking '/data2/Brinda/Documents/Reports/ROS2/my_ros2_workspace/install/basic_gazebo_robot' for CMake config files
[2.282s] Level 1:colcon.colcon_core.shell:create_environment_hook('basic_gazebo_robot', 'cmake_prefix_path')
[2.282s] INFO:colcon.colcon_core.shell:Creating environment hook '/data2/Brinda/Documents/Reports/ROS2/my_ros2_workspace/install/basic_gazebo_robot/share/basic_gazebo_robot/hook/cmake_prefix_path.ps1'
[2.283s] INFO:colcon.colcon_core.shell:Creating environment descriptor '/data2/Brinda/Documents/Reports/ROS2/my_ros2_workspace/install/basic_gazebo_robot/share/basic_gazebo_robot/hook/cmake_prefix_path.dsv'
[2.285s] INFO:colcon.colcon_core.shell:Creating environment hook '/data2/Brinda/Documents/Reports/ROS2/my_ros2_workspace/install/basic_gazebo_robot/share/basic_gazebo_robot/hook/cmake_prefix_path.sh'
[2.287s] Level 1:colcon.colcon_core.environment:checking '/data2/Brinda/Documents/Reports/ROS2/my_ros2_workspace/install/basic_gazebo_robot/bin'
[2.288s] Level 1:colcon.colcon_core.environment:checking '/data2/Brinda/Documents/Reports/ROS2/my_ros2_workspace/install/basic_gazebo_robot/lib/pkgconfig/basic_gazebo_robot.pc'
[2.288s] Level 1:colcon.colcon_core.environment:checking '/data2/Brinda/Documents/Reports/ROS2/my_ros2_workspace/install/basic_gazebo_robot/lib/python3.10/site-packages'
[2.289s] Level 1:colcon.colcon_core.environment:checking '/data2/Brinda/Documents/Reports/ROS2/my_ros2_workspace/install/basic_gazebo_robot/bin'
[2.289s] INFO:colcon.colcon_core.shell:Creating package script '/data2/Brinda/Documents/Reports/ROS2/my_ros2_workspace/install/basic_gazebo_robot/share/basic_gazebo_robot/package.ps1'
[2.291s] INFO:colcon.colcon_core.shell:Creating package descriptor '/data2/Brinda/Documents/Reports/ROS2/my_ros2_workspace/install/basic_gazebo_robot/share/basic_gazebo_robot/package.dsv'
[2.293s] INFO:colcon.colcon_core.shell:Creating package script '/data2/Brinda/Documents/Reports/ROS2/my_ros2_workspace/install/basic_gazebo_robot/share/basic_gazebo_robot/package.sh'
[2.294s] INFO:colcon.colcon_core.shell:Creating package script '/data2/Brinda/Documents/Reports/ROS2/my_ros2_workspace/install/basic_gazebo_robot/share/basic_gazebo_robot/package.bash'
[2.296s] INFO:colcon.colcon_core.shell:Creating package script '/data2/Brinda/Documents/Reports/ROS2/my_ros2_workspace/install/basic_gazebo_robot/share/basic_gazebo_robot/package.zsh'
[2.298s] Level 1:colcon.colcon_core.environment:create_file_with_runtime_dependencies(/data2/Brinda/Documents/Reports/ROS2/my_ros2_workspace/install/basic_gazebo_robot/share/colcon-core/packages/basic_gazebo_robot)
[2.300s] Level 1:colcon.colcon_core.environment:create_environment_scripts_only(basic_gazebo_robot)
[2.300s] Level 1:colcon.colcon_core.environment:checking '/data2/Brinda/Documents/Reports/ROS2/my_ros2_workspace/install/basic_gazebo_robot' for CMake module files
[2.311s] Level 1:colcon.colcon_core.environment:checking '/data2/Brinda/Documents/Reports/ROS2/my_ros2_workspace/install/basic_gazebo_robot' for CMake config files
[2.320s] Level 1:colcon.colcon_core.shell:create_environment_hook('basic_gazebo_robot', 'cmake_prefix_path')
[2.320s] INFO:colcon.colcon_core.shell:Creating environment hook '/data2/Brinda/Documents/Reports/ROS2/my_ros2_workspace/install/basic_gazebo_robot/share/basic_gazebo_robot/hook/cmake_prefix_path.ps1'
[2.321s] INFO:colcon.colcon_core.shell:Creating environment descriptor '/data2/Brinda/Documents/Reports/ROS2/my_ros2_workspace/install/basic_gazebo_robot/share/basic_gazebo_robot/hook/cmake_prefix_path.dsv'
[2.323s] INFO:colcon.colcon_core.shell:Creating environment hook '/data2/Brinda/Documents/Reports/ROS2/my_ros2_workspace/install/basic_gazebo_robot/share/basic_gazebo_robot/hook/cmake_prefix_path.sh'
[2.324s] Level 1:colcon.colcon_core.environment:checking '/data2/Brinda/Documents/Reports/ROS2/my_ros2_workspace/install/basic_gazebo_robot/bin'
[2.325s] Level 1:colcon.colcon_core.environment:checking '/data2/Brinda/Documents/Reports/ROS2/my_ros2_workspace/install/basic_gazebo_robot/lib/pkgconfig/basic_gazebo_robot.pc'
[2.325s] Level 1:colcon.colcon_core.environment:checking '/data2/Brinda/Documents/Reports/ROS2/my_ros2_workspace/install/basic_gazebo_robot/lib/python3.10/site-packages'
[2.325s] Level 1:colcon.colcon_core.environment:checking '/data2/Brinda/Documents/Reports/ROS2/my_ros2_workspace/install/basic_gazebo_robot/bin'
[2.326s] INFO:colcon.colcon_core.shell:Creating package script '/data2/Brinda/Documents/Reports/ROS2/my_ros2_workspace/install/basic_gazebo_robot/share/basic_gazebo_robot/package.ps1'
[2.327s] INFO:colcon.colcon_core.shell:Creating package descriptor '/data2/Brinda/Documents/Reports/ROS2/my_ros2_workspace/install/basic_gazebo_robot/share/basic_gazebo_robot/package.dsv'
[2.328s] INFO:colcon.colcon_core.shell:Creating package script '/data2/Brinda/Documents/Reports/ROS2/my_ros2_workspace/install/basic_gazebo_robot/share/basic_gazebo_robot/package.sh'
[2.330s] INFO:colcon.colcon_core.shell:Creating package script '/data2/Brinda/Documents/Reports/ROS2/my_ros2_workspace/install/basic_gazebo_robot/share/basic_gazebo_robot/package.bash'
[2.331s] INFO:colcon.colcon_core.shell:Creating package script '/data2/Brinda/Documents/Reports/ROS2/my_ros2_workspace/install/basic_gazebo_robot/share/basic_gazebo_robot/package.zsh'
[2.333s] Level 1:colcon.colcon_core.environment:create_file_with_runtime_dependencies(/data2/Brinda/Documents/Reports/ROS2/my_ros2_workspace/install/basic_gazebo_robot/share/colcon-core/packages/basic_gazebo_robot)
[2.338s] Level 1:colcon.colcon_core.environment:create_environment_scripts_only(robot_interfaces)
[2.338s] Level 1:colcon.colcon_core.environment:checking '/data2/Brinda/Documents/Reports/ROS2/my_ros2_workspace/install/robot_interfaces' for CMake module files
[2.338s] DEBUG:colcon.colcon_core.event_handler.log_command:Invoked command in '/data2/Brinda/Documents/Reports/ROS2/my_ros2_workspace/build/robot_interfaces' returned '0': CMAKE_PREFIX_PATH=${CMAKE_PREFIX_PATH}:/data2/Brinda/Documents/Reports/ROS2/my_ros2_workspace/install/vision_pkg:/data2/Brinda/Documents/Reports/ROS2/my_ros2_workspace/install/robot_service_pkg:/data2/Brinda/Documents/Reports/ROS2/my_ros2_workspace/install/robot_action_pkg:/data2/Brinda/Documents/Reports/ROS2/my_ros2_workspace/install/robot_control_pkg:/data2/Brinda/Documents/Reports/ROS2/my_ros2_workspace/install/robot_comm_pkg:/data2/Brinda/Documents/Reports/ROS2/my_ros2_workspace/install/navigation_pkg:/data2/Brinda/Documents/Reports/ROS2/my_ros2_workspace/install/my_py_pkg:/data2/Brinda/Documents/Reports/ROS2/my_ros2_workspace/install/lidar_pkg:/data2/Brinda/Documents/Reports/ROS2/my_ros2_workspace/install/camera_pkg:/opt/ros/humble /usr/bin/cmake --install /data2/Brinda/Documents/Reports/ROS2/my_ros2_workspace/build/robot_interfaces
[2.357s] Level 1:colcon.colcon_core.environment:checking '/data2/Brinda/Documents/Reports/ROS2/my_ros2_workspace/install/robot_interfaces' for CMake config files
[2.394s] Level 1:colcon.colcon_core.shell:create_environment_hook('robot_interfaces', 'cmake_prefix_path')
[2.394s] INFO:colcon.colcon_core.shell:Creating environment hook '/data2/Brinda/Documents/Reports/ROS2/my_ros2_workspace/install/robot_interfaces/share/robot_interfaces/hook/cmake_prefix_path.ps1'
[2.396s] INFO:colcon.colcon_core.shell:Creating environment descriptor '/data2/Brinda/Documents/Reports/ROS2/my_ros2_workspace/install/robot_interfaces/share/robot_interfaces/hook/cmake_prefix_path.dsv'
[2.397s] INFO:colcon.colcon_core.shell:Creating environment hook '/data2/Brinda/Documents/Reports/ROS2/my_ros2_workspace/install/robot_interfaces/share/robot_interfaces/hook/cmake_prefix_path.sh'
[2.398s] Level 1:colcon.colcon_core.environment:checking '/data2/Brinda/Documents/Reports/ROS2/my_ros2_workspace/install/robot_interfaces/lib'
[2.399s] Level 1:colcon.colcon_core.shell:create_environment_hook('robot_interfaces', 'ld_library_path_lib')
[2.399s] INFO:colcon.colcon_core.shell:Creating environment hook '/data2/Brinda/Documents/Reports/ROS2/my_ros2_workspace/install/robot_interfaces/share/robot_interfaces/hook/ld_library_path_lib.ps1'
[2.400s] INFO:colcon.colcon_core.shell:Creating environment descriptor '/data2/Brinda/Documents/Reports/ROS2/my_ros2_workspace/install/robot_interfaces/share/robot_interfaces/hook/ld_library_path_lib.dsv'
[2.401s] INFO:colcon.colcon_core.shell:Creating environment hook '/data2/Brinda/Documents/Reports/ROS2/my_ros2_workspace/install/robot_interfaces/share/robot_interfaces/hook/ld_library_path_lib.sh'
[2.403s] Level 1:colcon.colcon_core.environment:checking '/data2/Brinda/Documents/Reports/ROS2/my_ros2_workspace/install/robot_interfaces/bin'
[2.403s] Level 1:colcon.colcon_core.environment:checking '/data2/Brinda/Documents/Reports/ROS2/my_ros2_workspace/install/robot_interfaces/lib/pkgconfig/robot_interfaces.pc'
[2.403s] Level 1:colcon.colcon_core.environment:checking '/data2/Brinda/Documents/Reports/ROS2/my_ros2_workspace/install/robot_interfaces/lib/python3.10/site-packages'
[2.404s] Level 1:colcon.colcon_core.environment:checking '/data2/Brinda/Documents/Reports/ROS2/my_ros2_workspace/install/robot_interfaces/bin'
[2.404s] INFO:colcon.colcon_core.shell:Creating package script '/data2/Brinda/Documents/Reports/ROS2/my_ros2_workspace/install/robot_interfaces/share/robot_interfaces/package.ps1'
[2.406s] INFO:colcon.colcon_core.shell:Creating package descriptor '/data2/Brinda/Documents/Reports/ROS2/my_ros2_workspace/install/robot_interfaces/share/robot_interfaces/package.dsv'
[2.407s] INFO:colcon.colcon_core.shell:Creating package script '/data2/Brinda/Documents/Reports/ROS2/my_ros2_workspace/install/robot_interfaces/share/robot_interfaces/package.sh'
[2.409s] INFO:colcon.colcon_core.shell:Creating package script '/data2/Brinda/Documents/Reports/ROS2/my_ros2_workspace/install/robot_interfaces/share/robot_interfaces/package.bash'
[2.410s] INFO:colcon.colcon_core.shell:Creating package script '/data2/Brinda/Documents/Reports/ROS2/my_ros2_workspace/install/robot_interfaces/share/robot_interfaces/package.zsh'
[2.411s] Level 1:colcon.colcon_core.environment:create_file_with_runtime_dependencies(/data2/Brinda/Documents/Reports/ROS2/my_ros2_workspace/install/robot_interfaces/share/colcon-core/packages/robot_interfaces)
[2.413s] Level 1:colcon.colcon_core.environment:create_environment_scripts_only(robot_interfaces)
[2.414s] Level 1:colcon.colcon_core.environment:checking '/data2/Brinda/Documents/Reports/ROS2/my_ros2_workspace/install/robot_interfaces' for CMake module files
[2.426s] Level 1:colcon.colcon_core.environment:checking '/data2/Brinda/Documents/Reports/ROS2/my_ros2_workspace/install/robot_interfaces' for CMake config files
[2.458s] Level 1:colcon.colcon_core.shell:create_environment_hook('robot_interfaces', 'cmake_prefix_path')
[2.459s] INFO:colcon.colcon_core.shell:Creating environment hook '/data2/Brinda/Documents/Reports/ROS2/my_ros2_workspace/install/robot_interfaces/share/robot_interfaces/hook/cmake_prefix_path.ps1'
[2.460s] INFO:colcon.colcon_core.shell:Creating environment descriptor '/data2/Brinda/Documents/Reports/ROS2/my_ros2_workspace/install/robot_interfaces/share/robot_interfaces/hook/cmake_prefix_path.dsv'
[2.462s] INFO:colcon.colcon_core.shell:Creating environment hook '/data2/Brinda/Documents/Reports/ROS2/my_ros2_workspace/install/robot_interfaces/share/robot_interfaces/hook/cmake_prefix_path.sh'
[2.464s] Level 1:colcon.colcon_core.environment:checking '/data2/Brinda/Documents/Reports/ROS2/my_ros2_workspace/install/robot_interfaces/lib'
[2.465s] Level 1:colcon.colcon_core.shell:create_environment_hook('robot_interfaces', 'ld_library_path_lib')
[2.465s] INFO:colcon.colcon_core.shell:Creating environment hook '/data2/Brinda/Documents/Reports/ROS2/my_ros2_workspace/install/robot_interfaces/share/robot_interfaces/hook/ld_library_path_lib.ps1'
[2.466s] INFO:colcon.colcon_core.shell:Creating environment descriptor '/data2/Brinda/Documents/Reports/ROS2/my_ros2_workspace/install/robot_interfaces/share/robot_interfaces/hook/ld_library_path_lib.dsv'
[2.468s] INFO:colcon.colcon_core.shell:Creating environment hook '/data2/Brinda/Documents/Reports/ROS2/my_ros2_workspace/install/robot_interfaces/share/robot_interfaces/hook/ld_library_path_lib.sh'
[2.469s] Level 1:colcon.colcon_core.environment:checking '/data2/Brinda/Documents/Reports/ROS2/my_ros2_workspace/install/robot_interfaces/bin'
[2.469s] Level 1:colcon.colcon_core.environment:checking '/data2/Brinda/Documents/Reports/ROS2/my_ros2_workspace/install/robot_interfaces/lib/pkgconfig/robot_interfaces.pc'
[2.469s] Level 1:colcon.colcon_core.environment:checking '/data2/Brinda/Documents/Reports/ROS2/my_ros2_workspace/install/robot_interfaces/lib/python3.10/site-packages'
[2.470s] Level 1:colcon.colcon_core.environment:checking '/data2/Brinda/Documents/Reports/ROS2/my_ros2_workspace/install/robot_interfaces/bin'
[2.470s] INFO:colcon.colcon_core.shell:Creating package script '/data2/Brinda/Documents/Reports/ROS2/my_ros2_workspace/install/robot_interfaces/share/robot_interfaces/package.ps1'
[2.472s] INFO:colcon.colcon_core.shell:Creating package descriptor '/data2/Brinda/Documents/Reports/ROS2/my_ros2_workspace/install/robot_interfaces/share/robot_interfaces/package.dsv'
[2.473s] INFO:colcon.colcon_core.shell:Creating package script '/data2/Brinda/Documents/Reports/ROS2/my_ros2_workspace/install/robot_interfaces/share/robot_interfaces/package.sh'
[2.475s] INFO:colcon.colcon_core.shell:Creating package script '/data2/Brinda/Documents/Reports/ROS2/my_ros2_workspace/install/robot_interfaces/share/robot_interfaces/package.bash'
[2.476s] INFO:colcon.colcon_core.shell:Creating package script '/data2/Brinda/Documents/Reports/ROS2/my_ros2_workspace/install/robot_interfaces/share/robot_interfaces/package.zsh'
[2.477s] Level 1:colcon.colcon_core.environment:create_file_with_runtime_dependencies(/data2/Brinda/Documents/Reports/ROS2/my_ros2_workspace/install/robot_interfaces/share/colcon-core/packages/robot_interfaces)
[2.478s] INFO:colcon.colcon_ros.task.ament_python.build:Building ROS package in '/data2/Brinda/Documents/Reports/ROS2/my_ros2_workspace/src/robot_action_pkg' with build type 'ament_python'
[2.478s] Level 1:colcon.colcon_core.shell:create_environment_hook('robot_action_pkg', 'ament_prefix_path')
[2.478s] INFO:colcon.colcon_core.shell:Creating environment hook '/data2/Brinda/Documents/Reports/ROS2/my_ros2_workspace/install/robot_action_pkg/share/robot_action_pkg/hook/ament_prefix_path.ps1'
[2.480s] INFO:colcon.colcon_core.shell:Creating environment descriptor '/data2/Brinda/Documents/Reports/ROS2/my_ros2_workspace/install/robot_action_pkg/share/robot_action_pkg/hook/ament_prefix_path.dsv'
[2.481s] INFO:colcon.colcon_core.shell:Creating environment hook '/data2/Brinda/Documents/Reports/ROS2/my_ros2_workspace/install/robot_action_pkg/share/robot_action_pkg/hook/ament_prefix_path.sh'
[2.483s] INFO:colcon.colcon_core.shell:Skip shell extension 'powershell' for command environment: Not usable outside of PowerShell
[2.483s] DEBUG:colcon.colcon_core.shell:Skip shell extension 'dsv' for command environment
[2.501s] Level 1:colcon.colcon_core.environment:create_environment_scripts_only(my_cpp_pkg)
[2.502s] Level 1:colcon.colcon_core.environment:checking '/data2/Brinda/Documents/Reports/ROS2/my_ros2_workspace/install/my_cpp_pkg' for CMake module files
[2.502s] DEBUG:colcon.colcon_core.event_handler.log_command:Invoked command in '/data2/Brinda/Documents/Reports/ROS2/my_ros2_workspace/build/my_cpp_pkg' returned '0': CMAKE_PREFIX_PATH=${CMAKE_PREFIX_PATH}:/data2/Brinda/Documents/Reports/ROS2/my_ros2_workspace/install/vision_pkg:/data2/Brinda/Documents/Reports/ROS2/my_ros2_workspace/install/robot_service_pkg:/data2/Brinda/Documents/Reports/ROS2/my_ros2_workspace/install/robot_action_pkg:/data2/Brinda/Documents/Reports/ROS2/my_ros2_workspace/install/robot_control_pkg:/data2/Brinda/Documents/Reports/ROS2/my_ros2_workspace/install/robot_comm_pkg:/data2/Brinda/Documents/Reports/ROS2/my_ros2_workspace/install/navigation_pkg:/data2/Brinda/Documents/Reports/ROS2/my_ros2_workspace/install/my_py_pkg:/data2/Brinda/Documents/Reports/ROS2/my_ros2_workspace/install/lidar_pkg:/data2/Brinda/Documents/Reports/ROS2/my_ros2_workspace/install/camera_pkg:/opt/ros/humble /usr/bin/cmake --install /data2/Brinda/Documents/Reports/ROS2/my_ros2_workspace/build/my_cpp_pkg
[2.509s] Level 1:colcon.colcon_core.environment:checking '/data2/Brinda/Documents/Reports/ROS2/my_ros2_workspace/install/my_cpp_pkg' for CMake config files
[2.517s] Level 1:colcon.colcon_core.shell:create_environment_hook('my_cpp_pkg', 'cmake_prefix_path')
[2.517s] INFO:colcon.colcon_core.shell:Creating environment hook '/data2/Brinda/Documents/Reports/ROS2/my_ros2_workspace/install/my_cpp_pkg/share/my_cpp_pkg/hook/cmake_prefix_path.ps1'
[2.518s] INFO:colcon.colcon_core.shell:Creating environment descriptor '/data2/Brinda/Documents/Reports/ROS2/my_ros2_workspace/install/my_cpp_pkg/share/my_cpp_pkg/hook/cmake_prefix_path.dsv'
[2.519s] INFO:colcon.colcon_core.shell:Creating environment hook '/data2/Brinda/Documents/Reports/ROS2/my_ros2_workspace/install/my_cpp_pkg/share/my_cpp_pkg/hook/cmake_prefix_path.sh'
[2.521s] Level 1:colcon.colcon_core.environment:checking '/data2/Brinda/Documents/Reports/ROS2/my_ros2_workspace/install/my_cpp_pkg/lib'
[2.522s] Level 1:colcon.colcon_core.environment:checking '/data2/Brinda/Documents/Reports/ROS2/my_ros2_workspace/install/my_cpp_pkg/bin'
[2.522s] Level 1:colcon.colcon_core.environment:checking '/data2/Brinda/Documents/Reports/ROS2/my_ros2_workspace/install/my_cpp_pkg/lib/pkgconfig/my_cpp_pkg.pc'
[2.523s] Level 1:colcon.colcon_core.environment:checking '/data2/Brinda/Documents/Reports/ROS2/my_ros2_workspace/install/my_cpp_pkg/lib/python3.10/site-packages'
[2.523s] Level 1:colcon.colcon_core.environment:checking '/data2/Brinda/Documents/Reports/ROS2/my_ros2_workspace/install/my_cpp_pkg/bin'
[2.523s] INFO:colcon.colcon_core.shell:Creating package script '/data2/Brinda/Documents/Reports/ROS2/my_ros2_workspace/install/my_cpp_pkg/share/my_cpp_pkg/package.ps1'
[2.524s] INFO:colcon.colcon_core.shell:Creating package descriptor '/data2/Brinda/Documents/Reports/ROS2/my_ros2_workspace/install/my_cpp_pkg/share/my_cpp_pkg/package.dsv'
[2.525s] INFO:colcon.colcon_core.shell:Creating package script '/data2/Brinda/Documents/Reports/ROS2/my_ros2_workspace/install/my_cpp_pkg/share/my_cpp_pkg/package.sh'
[2.526s] INFO:colcon.colcon_core.shell:Creating package script '/data2/Brinda/Documents/Reports/ROS2/my_ros2_workspace/install/my_cpp_pkg/share/my_cpp_pkg/package.bash'
[2.527s] INFO:colcon.colcon_core.shell:Creating package script '/data2/Brinda/Documents/Reports/ROS2/my_ros2_workspace/install/my_cpp_pkg/share/my_cpp_pkg/package.zsh'
[2.528s] Level 1:colcon.colcon_core.environment:create_file_with_runtime_dependencies(/data2/Brinda/Documents/Reports/ROS2/my_ros2_workspace/install/my_cpp_pkg/share/colcon-core/packages/my_cpp_pkg)
[2.530s] Level 1:colcon.colcon_core.environment:create_environment_scripts_only(my_cpp_pkg)
[2.530s] Level 1:colcon.colcon_core.environment:checking '/data2/Brinda/Documents/Reports/ROS2/my_ros2_workspace/install/my_cpp_pkg' for CMake module files
[2.538s] Level 1:colcon.colcon_core.environment:checking '/data2/Brinda/Documents/Reports/ROS2/my_ros2_workspace/install/my_cpp_pkg' for CMake config files
[2.544s] Level 1:colcon.colcon_core.shell:create_environment_hook('my_cpp_pkg', 'cmake_prefix_path')
[2.544s] INFO:colcon.colcon_core.shell:Creating environment hook '/data2/Brinda/Documents/Reports/ROS2/my_ros2_workspace/install/my_cpp_pkg/share/my_cpp_pkg/hook/cmake_prefix_path.ps1'
[2.545s] INFO:colcon.colcon_core.shell:Creating environment descriptor '/data2/Brinda/Documents/Reports/ROS2/my_ros2_workspace/install/my_cpp_pkg/share/my_cpp_pkg/hook/cmake_prefix_path.dsv'
[2.547s] INFO:colcon.colcon_core.shell:Creating environment hook '/data2/Brinda/Documents/Reports/ROS2/my_ros2_workspace/install/my_cpp_pkg/share/my_cpp_pkg/hook/cmake_prefix_path.sh'
[2.549s] Level 1:colcon.colcon_core.environment:checking '/data2/Brinda/Documents/Reports/ROS2/my_ros2_workspace/install/my_cpp_pkg/lib'
[2.550s] Level 1:colcon.colcon_core.environment:checking '/data2/Brinda/Documents/Reports/ROS2/my_ros2_workspace/install/my_cpp_pkg/bin'
[2.550s] Level 1:colcon.colcon_core.environment:checking '/data2/Brinda/Documents/Reports/ROS2/my_ros2_workspace/install/my_cpp_pkg/lib/pkgconfig/my_cpp_pkg.pc'
[2.550s] Level 1:colcon.colcon_core.environment:checking '/data2/Brinda/Documents/Reports/ROS2/my_ros2_workspace/install/my_cpp_pkg/lib/python3.10/site-packages'
[2.551s] Level 1:colcon.colcon_core.environment:checking '/data2/Brinda/Documents/Reports/ROS2/my_ros2_workspace/install/my_cpp_pkg/bin'
[2.551s] INFO:colcon.colcon_core.shell:Creating package script '/data2/Brinda/Documents/Reports/ROS2/my_ros2_workspace/install/my_cpp_pkg/share/my_cpp_pkg/package.ps1'
[2.552s] INFO:colcon.colcon_core.shell:Creating package descriptor '/data2/Brinda/Documents/Reports/ROS2/my_ros2_workspace/install/my_cpp_pkg/share/my_cpp_pkg/package.dsv'
[2.553s] INFO:colcon.colcon_core.shell:Creating package script '/data2/Brinda/Documents/Reports/ROS2/my_ros2_workspace/install/my_cpp_pkg/share/my_cpp_pkg/package.sh'
[2.554s] INFO:colcon.colcon_core.shell:Creating package script '/data2/Brinda/Documents/Reports/ROS2/my_ros2_workspace/install/my_cpp_pkg/share/my_cpp_pkg/package.bash'
[2.556s] INFO:colcon.colcon_core.shell:Creating package script '/data2/Brinda/Documents/Reports/ROS2/my_ros2_workspace/install/my_cpp_pkg/share/my_cpp_pkg/package.zsh'
[2.557s] Level 1:colcon.colcon_core.environment:create_file_with_runtime_dependencies(/data2/Brinda/Documents/Reports/ROS2/my_ros2_workspace/install/my_cpp_pkg/share/colcon-core/packages/my_cpp_pkg)
[2.876s] INFO:colcon.colcon_core.task.python.build:Building Python package in '/data2/Brinda/Documents/Reports/ROS2/my_ros2_workspace/src/robot_action_pkg'
[2.876s] INFO:colcon.colcon_core.shell:Skip shell extension 'powershell' for command environment: Not usable outside of PowerShell
[2.876s] DEBUG:colcon.colcon_core.shell:Skip shell extension 'dsv' for command environment
[2.938s] DEBUG:colcon.colcon_core.event_handler.log_command:Invoking command in '/data2/Brinda/Documents/Reports/ROS2/my_ros2_workspace/build/robot_comm_pkg': PYTHONPATH=/data2/Brinda/Documents/Reports/ROS2/my_ros2_workspace/build/robot_comm_pkg/prefix_override:/usr/lib/python3/dist-packages/colcon_core/task/python/colcon_distutils_commands:/data2/Brinda/Documents/Reports/ROS2/my_ros2_workspace/install/robot_comm_pkg/lib/python3.10/site-packages:${PYTHONPATH} /usr/bin/python3 -W ignore:setup.py install is deprecated -W ignore:easy_install command is deprecated setup.py develop --editable --build-directory /data2/Brinda/Documents/Reports/ROS2/my_ros2_workspace/build/robot_comm_pkg/build --no-deps symlink_data
[2.962s] DEBUG:colcon.colcon_core.event_handler.log_command:Invoking command in '/data2/Brinda/Documents/Reports/ROS2/my_ros2_workspace/build/navigation_pkg': PYTHONPATH=/data2/Brinda/Documents/Reports/ROS2/my_ros2_workspace/build/navigation_pkg/prefix_override:/usr/lib/python3/dist-packages/colcon_core/task/python/colcon_distutils_commands:/data2/Brinda/Documents/Reports/ROS2/my_ros2_workspace/install/navigation_pkg/lib/python3.10/site-packages:${PYTHONPATH} /usr/bin/python3 -W ignore:setup.py install is deprecated -W ignore:easy_install command is deprecated setup.py develop --editable --build-directory /data2/Brinda/Documents/Reports/ROS2/my_ros2_workspace/build/navigation_pkg/build --no-deps symlink_data
[2.979s] DEBUG:colcon.colcon_core.event_handler.log_command:Invoking command in '/data2/Brinda/Documents/Reports/ROS2/my_ros2_workspace/build/my_py_pkg': PYTHONPATH=/data2/Brinda/Documents/Reports/ROS2/my_ros2_workspace/build/my_py_pkg/prefix_override:/usr/lib/python3/dist-packages/colcon_core/task/python/colcon_distutils_commands:/data2/Brinda/Documents/Reports/ROS2/my_ros2_workspace/install/my_py_pkg/lib/python3.10/site-packages:${PYTHONPATH} /usr/bin/python3 -W ignore:setup.py install is deprecated -W ignore:easy_install command is deprecated setup.py develop --editable --build-directory /data2/Brinda/Documents/Reports/ROS2/my_ros2_workspace/build/my_py_pkg/build --no-deps symlink_data
[2.985s] DEBUG:colcon.colcon_core.event_handler.log_command:Invoking command in '/data2/Brinda/Documents/Reports/ROS2/my_ros2_workspace/build/camera_pkg': PYTHONPATH=/data2/Brinda/Documents/Reports/ROS2/my_ros2_workspace/build/camera_pkg/prefix_override:/usr/lib/python3/dist-packages/colcon_core/task/python/colcon_distutils_commands:/data2/Brinda/Documents/Reports/ROS2/my_ros2_workspace/install/camera_pkg/lib/python3.10/site-packages:${PYTHONPATH} /usr/bin/python3 -W ignore:setup.py install is deprecated -W ignore:easy_install command is deprecated setup.py develop --editable --build-directory /data2/Brinda/Documents/Reports/ROS2/my_ros2_workspace/build/camera_pkg/build --no-deps symlink_data
[2.993s] DEBUG:colcon.colcon_core.event_handler.log_command:Invoking command in '/data2/Brinda/Documents/Reports/ROS2/my_ros2_workspace/build/robot_service_pkg': PYTHONPATH=/data2/Brinda/Documents/Reports/ROS2/my_ros2_workspace/build/robot_service_pkg/prefix_override:/usr/lib/python3/dist-packages/colcon_core/task/python/colcon_distutils_commands:/data2/Brinda/Documents/Reports/ROS2/my_ros2_workspace/install/robot_service_pkg/lib/python3.10/site-packages:${PYTHONPATH} /usr/bin/python3 -W ignore:setup.py install is deprecated -W ignore:easy_install command is deprecated setup.py develop --editable --build-directory /data2/Brinda/Documents/Reports/ROS2/my_ros2_workspace/build/robot_service_pkg/build --no-deps symlink_data
[3.002s] DEBUG:colcon.colcon_core.event_handler.log_command:Invoking command in '/data2/Brinda/Documents/Reports/ROS2/my_ros2_workspace/build/lidar_pkg': PYTHONPATH=/data2/Brinda/Documents/Reports/ROS2/my_ros2_workspace/build/lidar_pkg/prefix_override:/usr/lib/python3/dist-packages/colcon_core/task/python/colcon_distutils_commands:/data2/Brinda/Documents/Reports/ROS2/my_ros2_workspace/install/lidar_pkg/lib/python3.10/site-packages:${PYTHONPATH} /usr/bin/python3 -W ignore:setup.py install is deprecated -W ignore:easy_install command is deprecated setup.py develop --editable --build-directory /data2/Brinda/Documents/Reports/ROS2/my_ros2_workspace/build/lidar_pkg/build --no-deps symlink_data
[3.010s] DEBUG:colcon.colcon_core.event_handler.log_command:Invoking command in '/data2/Brinda/Documents/Reports/ROS2/my_ros2_workspace/build/robot_control_pkg': PYTHONPATH=/data2/Brinda/Documents/Reports/ROS2/my_ros2_workspace/build/robot_control_pkg/prefix_override:/usr/lib/python3/dist-packages/colcon_core/task/python/colcon_distutils_commands:/data2/Brinda/Documents/Reports/ROS2/my_ros2_workspace/install/robot_control_pkg/lib/python3.10/site-packages:${PYTHONPATH} /usr/bin/python3 -W ignore:setup.py install is deprecated -W ignore:easy_install command is deprecated setup.py develop --editable --build-directory /data2/Brinda/Documents/Reports/ROS2/my_ros2_workspace/build/robot_control_pkg/build --no-deps symlink_data
[3.019s] DEBUG:colcon.colcon_core.event_handler.log_command:Invoking command in '/data2/Brinda/Documents/Reports/ROS2/my_ros2_workspace/build/vision_pkg': PYTHONPATH=/data2/Brinda/Documents/Reports/ROS2/my_ros2_workspace/build/vision_pkg/prefix_override:/usr/lib/python3/dist-packages/colcon_core/task/python/colcon_distutils_commands:/data2/Brinda/Documents/Reports/ROS2/my_ros2_workspace/install/vision_pkg/lib/python3.10/site-packages:${PYTHONPATH} /usr/bin/python3 -W ignore:setup.py install is deprecated -W ignore:easy_install command is deprecated setup.py develop --editable --build-directory /data2/Brinda/Documents/Reports/ROS2/my_ros2_workspace/build/vision_pkg/build --no-deps symlink_data
[3.354s] DEBUG:colcon.colcon_core.event_handler.log_command:Invoked command in '/data2/Brinda/Documents/Reports/ROS2/my_ros2_workspace/build/robot_comm_pkg' returned '1': PYTHONPATH=/data2/Brinda/Documents/Reports/ROS2/my_ros2_workspace/build/robot_comm_pkg/prefix_override:/usr/lib/python3/dist-packages/colcon_core/task/python/colcon_distutils_commands:/data2/Brinda/Documents/Reports/ROS2/my_ros2_workspace/install/robot_comm_pkg/lib/python3.10/site-packages:${PYTHONPATH} /usr/bin/python3 -W ignore:setup.py install is deprecated -W ignore:easy_install command is deprecated setup.py develop --editable --build-directory /data2/Brinda/Documents/Reports/ROS2/my_ros2_workspace/build/robot_comm_pkg/build --no-deps symlink_data
[3.524s] DEBUG:colcon.colcon_parallel_executor.executor.parallel:closing loop
[3.524s] DEBUG:colcon.colcon_parallel_executor.executor.parallel:loop closed
[3.524s] DEBUG:colcon.colcon_parallel_executor.executor.parallel:run_until_complete finished with '1'
[3.524s] DEBUG:colcon.colcon_core.event_reactor:joining thread
[3.530s] INFO:colcon.colcon_core.plugin_system:Skipping extension 'colcon_notification.desktop_notification.terminal_notifier': Not used on non-Darwin systems
[3.530s] INFO:colcon.colcon_core.plugin_system:Skipping extension 'colcon_notification.desktop_notification.win32': Not used on non-Windows systems
[3.530s] INFO:colcon.colcon_notification.desktop_notification:Sending desktop notification using 'notify2'
[3.543s] DEBUG:colcon.colcon_core.event_reactor:joined thread
[3.543s] INFO:colcon.colcon_core.shell:Creating prefix script '/data2/Brinda/Documents/Reports/ROS2/my_ros2_workspace/install/local_setup.ps1'
[3.544s] INFO:colcon.colcon_core.shell:Creating prefix util module '/data2/Brinda/Documents/Reports/ROS2/my_ros2_workspace/install/_local_setup_util_ps1.py'
[3.545s] INFO:colcon.colcon_core.shell:Creating prefix chain script '/data2/Brinda/Documents/Reports/ROS2/my_ros2_workspace/install/setup.ps1'
[3.549s] INFO:colcon.colcon_core.shell:Creating prefix script '/data2/Brinda/Documents/Reports/ROS2/my_ros2_workspace/install/local_setup.sh'
[3.550s] INFO:colcon.colcon_core.shell:Creating prefix util module '/data2/Brinda/Documents/Reports/ROS2/my_ros2_workspace/install/_local_setup_util_sh.py'
[3.550s] INFO:colcon.colcon_core.shell:Creating prefix chain script '/data2/Brinda/Documents/Reports/ROS2/my_ros2_workspace/install/setup.sh'
[3.554s] INFO:colcon.colcon_core.shell:Creating prefix script '/data2/Brinda/Documents/Reports/ROS2/my_ros2_workspace/install/local_setup.bash'
[3.554s] INFO:colcon.colcon_core.shell:Creating prefix chain script '/data2/Brinda/Documents/Reports/ROS2/my_ros2_workspace/install/setup.bash'
[3.557s] INFO:colcon.colcon_core.shell:Creating prefix script '/data2/Brinda/Documents/Reports/ROS2/my_ros2_workspace/install/local_setup.zsh'
[3.558s] INFO:colcon.colcon_core.shell:Creating prefix chain script '/data2/Brinda/Documents/Reports/ROS2/my_ros2_workspace/install/setup.zsh'
