[0.102s] DEBUG:colcon:Command line arguments: ['/usr/bin/colcon', 'build', '--symlink-install']
[0.102s] DEBUG:colcon:Parsed command line arguments: Namespace(log_base=None, log_level=None, verb_name='build', build_base='build', install_base='install', merge_install=False, symlink_install=True, test_result_base=None, continue_on_error=False, executor='parallel', parallel_workers=16, event_handlers=None, ignore_user_meta=False, metas=['./colcon.meta'], base_paths=['.'], packages_ignore=None, packages_ignore_regex=None, paths=None, packages_up_to=None, packages_up_to_regex=None, packages_above=None, packages_above_and_dependencies=None, packages_above_depth=None, packages_select_by_dep=None, packages_skip_by_dep=None, packages_skip_up_to=None, packages_select_build_failed=False, packages_skip_build_finished=False, packages_select_test_failures=False, packages_skip_test_passed=False, packages_select=None, packages_skip=None, packages_select_regex=None, packages_skip_regex=None, packages_start=None, packages_end=None, allow_overriding=[], cmake_args=None, cmake_target=None, cmake_target_skip_unavailable=False, cmake_clean_cache=False, cmake_clean_first=False, cmake_force_configure=False, ament_cmake_args=None, catkin_cmake_args=None, catkin_skip_building_tests=False, mixin_files=None, mixin=None, verb_parser=<colcon_mixin.mixin.mixin_argument.MixinArgumentDecorator object at 0x74ecf49a67a0>, verb_extension=<colcon_core.verb.build.BuildVerb object at 0x74ecf49a6230>, main=<bound method BuildVerb.main of <colcon_core.verb.build.BuildVerb object at 0x74ecf49a6230>>, mixin_verb=('build',))
[0.135s] Level 1:colcon.colcon_core.package_discovery:discover_packages(colcon_meta) check parameters
[0.135s] Level 1:colcon.colcon_core.package_discovery:discover_packages(recursive) check parameters
[0.135s] Level 1:colcon.colcon_core.package_discovery:discover_packages(ignore) check parameters
[0.135s] Level 1:colcon.colcon_core.package_discovery:discover_packages(path) check parameters
[0.135s] Level 1:colcon.colcon_core.package_discovery:discover_packages(colcon_meta) discover
[0.135s] Level 1:colcon.colcon_core.package_discovery:discover_packages(recursive) discover
[0.135s] INFO:colcon.colcon_core.package_discovery:Crawling recursively for packages in '/data2/Brinda/Documents/Reports/ROS2/my_ros2_workspace'
[0.135s] Level 1:colcon.colcon_core.package_identification:_identify(.) by extensions ['ignore', 'ignore_ament_install']
[0.135s] Level 1:colcon.colcon_core.package_identification:_identify(.) by extension 'ignore'
[0.135s] Level 1:colcon.colcon_core.package_identification:_identify(.) by extension 'ignore_ament_install'
[0.135s] Level 1:colcon.colcon_core.package_identification:_identify(.) by extensions ['colcon_pkg']
[0.135s] Level 1:colcon.colcon_core.package_identification:_identify(.) by extension 'colcon_pkg'
[0.135s] Level 1:colcon.colcon_core.package_identification:_identify(.) by extensions ['colcon_meta']
[0.135s] Level 1:colcon.colcon_core.package_identification:_identify(.) by extension 'colcon_meta'
[0.135s] Level 1:colcon.colcon_core.package_identification:_identify(.) by extensions ['ros']
[0.135s] Level 1:colcon.colcon_core.package_identification:_identify(.) by extension 'ros'
[0.146s] Level 1:colcon.colcon_core.package_identification:_identify(.) by extensions ['cmake', 'python']
[0.146s] Level 1:colcon.colcon_core.package_identification:_identify(.) by extension 'cmake'
[0.146s] Level 1:colcon.colcon_core.package_identification:_identify(.) by extension 'python'
[0.146s] Level 1:colcon.colcon_core.package_identification:_identify(.) by extensions ['python_setup_py']
[0.146s] Level 1:colcon.colcon_core.package_identification:_identify(.) by extension 'python_setup_py'
[0.146s] Level 1:colcon.colcon_core.package_identification:_identify(build) by extensions ['ignore', 'ignore_ament_install']
[0.147s] Level 1:colcon.colcon_core.package_identification:_identify(build) by extension 'ignore'
[0.147s] Level 1:colcon.colcon_core.package_identification:_identify(build) ignored
[0.147s] Level 1:colcon.colcon_core.package_identification:_identify(install) by extensions ['ignore', 'ignore_ament_install']
[0.147s] Level 1:colcon.colcon_core.package_identification:_identify(install) by extension 'ignore'
[0.147s] Level 1:colcon.colcon_core.package_identification:_identify(install) ignored
[0.147s] Level 1:colcon.colcon_core.package_identification:_identify(log) by extensions ['ignore', 'ignore_ament_install']
[0.147s] Level 1:colcon.colcon_core.package_identification:_identify(log) by extension 'ignore'
[0.147s] Level 1:colcon.colcon_core.package_identification:_identify(log) ignored
[0.147s] Level 1:colcon.colcon_core.package_identification:_identify(robot_comm_pkg) by extensions ['ignore', 'ignore_ament_install']
[0.147s] Level 1:colcon.colcon_core.package_identification:_identify(robot_comm_pkg) by extension 'ignore'
[0.147s] Level 1:colcon.colcon_core.package_identification:_identify(robot_comm_pkg) by extension 'ignore_ament_install'
[0.147s] Level 1:colcon.colcon_core.package_identification:_identify(robot_comm_pkg) by extensions ['colcon_pkg']
[0.147s] Level 1:colcon.colcon_core.package_identification:_identify(robot_comm_pkg) by extension 'colcon_pkg'
[0.148s] Level 1:colcon.colcon_core.package_identification:_identify(robot_comm_pkg) by extensions ['colcon_meta']
[0.148s] Level 1:colcon.colcon_core.package_identification:_identify(robot_comm_pkg) by extension 'colcon_meta'
[0.148s] Level 1:colcon.colcon_core.package_identification:_identify(robot_comm_pkg) by extensions ['ros']
[0.148s] Level 1:colcon.colcon_core.package_identification:_identify(robot_comm_pkg) by extension 'ros'
[0.149s] DEBUG:colcon.colcon_core.package_identification:Package 'robot_comm_pkg' with type 'ros.ament_python' and name 'robot_comm_pkg'
[0.149s] Level 1:colcon.colcon_core.package_identification:_identify(src) by extensions ['ignore', 'ignore_ament_install']
[0.149s] Level 1:colcon.colcon_core.package_identification:_identify(src) by extension 'ignore'
[0.150s] Level 1:colcon.colcon_core.package_identification:_identify(src) by extension 'ignore_ament_install'
[0.150s] Level 1:colcon.colcon_core.package_identification:_identify(src) by extensions ['colcon_pkg']
[0.150s] Level 1:colcon.colcon_core.package_identification:_identify(src) by extension 'colcon_pkg'
[0.150s] Level 1:colcon.colcon_core.package_identification:_identify(src) by extensions ['colcon_meta']
[0.150s] Level 1:colcon.colcon_core.package_identification:_identify(src) by extension 'colcon_meta'
[0.150s] Level 1:colcon.colcon_core.package_identification:_identify(src) by extensions ['ros']
[0.150s] Level 1:colcon.colcon_core.package_identification:_identify(src) by extension 'ros'
[0.150s] Level 1:colcon.colcon_core.package_identification:_identify(src) by extensions ['cmake', 'python']
[0.150s] Level 1:colcon.colcon_core.package_identification:_identify(src) by extension 'cmake'
[0.150s] Level 1:colcon.colcon_core.package_identification:_identify(src) by extension 'python'
[0.150s] Level 1:colcon.colcon_core.package_identification:_identify(src) by extensions ['python_setup_py']
[0.150s] Level 1:colcon.colcon_core.package_identification:_identify(src) by extension 'python_setup_py'
[0.150s] Level 1:colcon.colcon_core.package_identification:_identify(src/basic_gazebo_robot) by extensions ['ignore', 'ignore_ament_install']
[0.150s] Level 1:colcon.colcon_core.package_identification:_identify(src/basic_gazebo_robot) by extension 'ignore'
[0.150s] Level 1:colcon.colcon_core.package_identification:_identify(src/basic_gazebo_robot) by extension 'ignore_ament_install'
[0.150s] Level 1:colcon.colcon_core.package_identification:_identify(src/basic_gazebo_robot) by extensions ['colcon_pkg']
[0.151s] Level 1:colcon.colcon_core.package_identification:_identify(src/basic_gazebo_robot) by extension 'colcon_pkg'
[0.151s] Level 1:colcon.colcon_core.package_identification:_identify(src/basic_gazebo_robot) by extensions ['colcon_meta']
[0.151s] Level 1:colcon.colcon_core.package_identification:_identify(src/basic_gazebo_robot) by extension 'colcon_meta'
[0.151s] Level 1:colcon.colcon_core.package_identification:_identify(src/basic_gazebo_robot) by extensions ['ros']
[0.151s] Level 1:colcon.colcon_core.package_identification:_identify(src/basic_gazebo_robot) by extension 'ros'
[0.152s] DEBUG:colcon.colcon_core.package_identification:Package 'src/basic_gazebo_robot' with type 'ros.ament_cmake' and name 'basic_gazebo_robot'
[0.152s] Level 1:colcon.colcon_core.package_identification:_identify(src/camera_pkg) by extensions ['ignore', 'ignore_ament_install']
[0.152s] Level 1:colcon.colcon_core.package_identification:_identify(src/camera_pkg) by extension 'ignore'
[0.152s] Level 1:colcon.colcon_core.package_identification:_identify(src/camera_pkg) by extension 'ignore_ament_install'
[0.152s] Level 1:colcon.colcon_core.package_identification:_identify(src/camera_pkg) by extensions ['colcon_pkg']
[0.152s] Level 1:colcon.colcon_core.package_identification:_identify(src/camera_pkg) by extension 'colcon_pkg'
[0.152s] Level 1:colcon.colcon_core.package_identification:_identify(src/camera_pkg) by extensions ['colcon_meta']
[0.153s] Level 1:colcon.colcon_core.package_identification:_identify(src/camera_pkg) by extension 'colcon_meta'
[0.153s] Level 1:colcon.colcon_core.package_identification:_identify(src/camera_pkg) by extensions ['ros']
[0.153s] Level 1:colcon.colcon_core.package_identification:_identify(src/camera_pkg) by extension 'ros'
[0.153s] DEBUG:colcon.colcon_core.package_identification:Package 'src/camera_pkg' with type 'ros.ament_python' and name 'camera_pkg'
[0.154s] Level 1:colcon.colcon_core.package_identification:_identify(src/launch) by extensions ['ignore', 'ignore_ament_install']
[0.154s] Level 1:colcon.colcon_core.package_identification:_identify(src/launch) by extension 'ignore'
[0.154s] Level 1:colcon.colcon_core.package_identification:_identify(src/launch) by extension 'ignore_ament_install'
[0.154s] Level 1:colcon.colcon_core.package_identification:_identify(src/launch) by extensions ['colcon_pkg']
[0.154s] Level 1:colcon.colcon_core.package_identification:_identify(src/launch) by extension 'colcon_pkg'
[0.154s] Level 1:colcon.colcon_core.package_identification:_identify(src/launch) by extensions ['colcon_meta']
[0.154s] Level 1:colcon.colcon_core.package_identification:_identify(src/launch) by extension 'colcon_meta'
[0.154s] Level 1:colcon.colcon_core.package_identification:_identify(src/launch) by extensions ['ros']
[0.154s] Level 1:colcon.colcon_core.package_identification:_identify(src/launch) by extension 'ros'
[0.154s] Level 1:colcon.colcon_core.package_identification:_identify(src/launch) by extensions ['cmake', 'python']
[0.154s] Level 1:colcon.colcon_core.package_identification:_identify(src/launch) by extension 'cmake'
[0.154s] Level 1:colcon.colcon_core.package_identification:_identify(src/launch) by extension 'python'
[0.154s] Level 1:colcon.colcon_core.package_identification:_identify(src/launch) by extensions ['python_setup_py']
[0.154s] Level 1:colcon.colcon_core.package_identification:_identify(src/launch) by extension 'python_setup_py'
[0.155s] Level 1:colcon.colcon_core.package_identification:_identify(src/lidar_pkg) by extensions ['ignore', 'ignore_ament_install']
[0.155s] Level 1:colcon.colcon_core.package_identification:_identify(src/lidar_pkg) by extension 'ignore'
[0.155s] Level 1:colcon.colcon_core.package_identification:_identify(src/lidar_pkg) by extension 'ignore_ament_install'
[0.155s] Level 1:colcon.colcon_core.package_identification:_identify(src/lidar_pkg) by extensions ['colcon_pkg']
[0.155s] Level 1:colcon.colcon_core.package_identification:_identify(src/lidar_pkg) by extension 'colcon_pkg'
[0.155s] Level 1:colcon.colcon_core.package_identification:_identify(src/lidar_pkg) by extensions ['colcon_meta']
[0.155s] Level 1:colcon.colcon_core.package_identification:_identify(src/lidar_pkg) by extension 'colcon_meta'
[0.155s] Level 1:colcon.colcon_core.package_identification:_identify(src/lidar_pkg) by extensions ['ros']
[0.155s] Level 1:colcon.colcon_core.package_identification:_identify(src/lidar_pkg) by extension 'ros'
[0.156s] DEBUG:colcon.colcon_core.package_identification:Package 'src/lidar_pkg' with type 'ros.ament_python' and name 'lidar_pkg'
[0.156s] Level 1:colcon.colcon_core.package_identification:_identify(src/my_cpp_pkg) by extensions ['ignore', 'ignore_ament_install']
[0.156s] Level 1:colcon.colcon_core.package_identification:_identify(src/my_cpp_pkg) by extension 'ignore'
[0.156s] Level 1:colcon.colcon_core.package_identification:_identify(src/my_cpp_pkg) by extension 'ignore_ament_install'
[0.156s] Level 1:colcon.colcon_core.package_identification:_identify(src/my_cpp_pkg) by extensions ['colcon_pkg']
[0.156s] Level 1:colcon.colcon_core.package_identification:_identify(src/my_cpp_pkg) by extension 'colcon_pkg'
[0.156s] Level 1:colcon.colcon_core.package_identification:_identify(src/my_cpp_pkg) by extensions ['colcon_meta']
[0.156s] Level 1:colcon.colcon_core.package_identification:_identify(src/my_cpp_pkg) by extension 'colcon_meta'
[0.156s] Level 1:colcon.colcon_core.package_identification:_identify(src/my_cpp_pkg) by extensions ['ros']
[0.156s] Level 1:colcon.colcon_core.package_identification:_identify(src/my_cpp_pkg) by extension 'ros'
[0.157s] DEBUG:colcon.colcon_core.package_identification:Package 'src/my_cpp_pkg' with type 'ros.ament_cmake' and name 'my_cpp_pkg'
[0.157s] Level 1:colcon.colcon_core.package_identification:_identify(src/my_py_pkg) by extensions ['ignore', 'ignore_ament_install']
[0.157s] Level 1:colcon.colcon_core.package_identification:_identify(src/my_py_pkg) by extension 'ignore'
[0.157s] Level 1:colcon.colcon_core.package_identification:_identify(src/my_py_pkg) by extension 'ignore_ament_install'
[0.157s] Level 1:colcon.colcon_core.package_identification:_identify(src/my_py_pkg) by extensions ['colcon_pkg']
[0.157s] Level 1:colcon.colcon_core.package_identification:_identify(src/my_py_pkg) by extension 'colcon_pkg'
[0.157s] Level 1:colcon.colcon_core.package_identification:_identify(src/my_py_pkg) by extensions ['colcon_meta']
[0.157s] Level 1:colcon.colcon_core.package_identification:_identify(src/my_py_pkg) by extension 'colcon_meta'
[0.157s] Level 1:colcon.colcon_core.package_identification:_identify(src/my_py_pkg) by extensions ['ros']
[0.157s] Level 1:colcon.colcon_core.package_identification:_identify(src/my_py_pkg) by extension 'ros'
[0.158s] DEBUG:colcon.colcon_core.package_identification:Package 'src/my_py_pkg' with type 'ros.ament_python' and name 'my_py_pkg'
[0.158s] Level 1:colcon.colcon_core.package_identification:_identify(src/navigation_pkg) by extensions ['ignore', 'ignore_ament_install']
[0.158s] Level 1:colcon.colcon_core.package_identification:_identify(src/navigation_pkg) by extension 'ignore'
[0.158s] Level 1:colcon.colcon_core.package_identification:_identify(src/navigation_pkg) by extension 'ignore_ament_install'
[0.158s] Level 1:colcon.colcon_core.package_identification:_identify(src/navigation_pkg) by extensions ['colcon_pkg']
[0.158s] Level 1:colcon.colcon_core.package_identification:_identify(src/navigation_pkg) by extension 'colcon_pkg'
[0.158s] Level 1:colcon.colcon_core.package_identification:_identify(src/navigation_pkg) by extensions ['colcon_meta']
[0.158s] Level 1:colcon.colcon_core.package_identification:_identify(src/navigation_pkg) by extension 'colcon_meta'
[0.159s] Level 1:colcon.colcon_core.package_identification:_identify(src/navigation_pkg) by extensions ['ros']
[0.159s] Level 1:colcon.colcon_core.package_identification:_identify(src/navigation_pkg) by extension 'ros'
[0.159s] DEBUG:colcon.colcon_core.package_identification:Package 'src/navigation_pkg' with type 'ros.ament_python' and name 'navigation_pkg'
[0.159s] Level 1:colcon.colcon_core.package_identification:_identify(src/robot_action_pkg) by extensions ['ignore', 'ignore_ament_install']
[0.159s] Level 1:colcon.colcon_core.package_identification:_identify(src/robot_action_pkg) by extension 'ignore'
[0.159s] Level 1:colcon.colcon_core.package_identification:_identify(src/robot_action_pkg) by extension 'ignore_ament_install'
[0.160s] Level 1:colcon.colcon_core.package_identification:_identify(src/robot_action_pkg) by extensions ['colcon_pkg']
[0.160s] Level 1:colcon.colcon_core.package_identification:_identify(src/robot_action_pkg) by extension 'colcon_pkg'
[0.160s] Level 1:colcon.colcon_core.package_identification:_identify(src/robot_action_pkg) by extensions ['colcon_meta']
[0.160s] Level 1:colcon.colcon_core.package_identification:_identify(src/robot_action_pkg) by extension 'colcon_meta'
[0.160s] Level 1:colcon.colcon_core.package_identification:_identify(src/robot_action_pkg) by extensions ['ros']
[0.160s] Level 1:colcon.colcon_core.package_identification:_identify(src/robot_action_pkg) by extension 'ros'
[0.160s] DEBUG:colcon.colcon_core.package_identification:Package 'src/robot_action_pkg' with type 'ros.ament_python' and name 'robot_action_pkg'
[0.161s] Level 1:colcon.colcon_core.package_identification:_identify(src/robot_control_pkg) by extensions ['ignore', 'ignore_ament_install']
[0.161s] Level 1:colcon.colcon_core.package_identification:_identify(src/robot_control_pkg) by extension 'ignore'
[0.161s] Level 1:colcon.colcon_core.package_identification:_identify(src/robot_control_pkg) by extension 'ignore_ament_install'
[0.161s] Level 1:colcon.colcon_core.package_identification:_identify(src/robot_control_pkg) by extensions ['colcon_pkg']
[0.161s] Level 1:colcon.colcon_core.package_identification:_identify(src/robot_control_pkg) by extension 'colcon_pkg'
[0.161s] Level 1:colcon.colcon_core.package_identification:_identify(src/robot_control_pkg) by extensions ['colcon_meta']
[0.161s] Level 1:colcon.colcon_core.package_identification:_identify(src/robot_control_pkg) by extension 'colcon_meta'
[0.161s] Level 1:colcon.colcon_core.package_identification:_identify(src/robot_control_pkg) by extensions ['ros']
[0.161s] Level 1:colcon.colcon_core.package_identification:_identify(src/robot_control_pkg) by extension 'ros'
[0.162s] DEBUG:colcon.colcon_core.package_identification:Package 'src/robot_control_pkg' with type 'ros.ament_python' and name 'robot_control_pkg'
[0.162s] Level 1:colcon.colcon_core.package_identification:_identify(src/robot_interfaces) by extensions ['ignore', 'ignore_ament_install']
[0.162s] Level 1:colcon.colcon_core.package_identification:_identify(src/robot_interfaces) by extension 'ignore'
[0.162s] Level 1:colcon.colcon_core.package_identification:_identify(src/robot_interfaces) by extension 'ignore_ament_install'
[0.162s] Level 1:colcon.colcon_core.package_identification:_identify(src/robot_interfaces) by extensions ['colcon_pkg']
[0.162s] Level 1:colcon.colcon_core.package_identification:_identify(src/robot_interfaces) by extension 'colcon_pkg'
[0.162s] Level 1:colcon.colcon_core.package_identification:_identify(src/robot_interfaces) by extensions ['colcon_meta']
[0.162s] Level 1:colcon.colcon_core.package_identification:_identify(src/robot_interfaces) by extension 'colcon_meta'
[0.162s] Level 1:colcon.colcon_core.package_identification:_identify(src/robot_interfaces) by extensions ['ros']
[0.162s] Level 1:colcon.colcon_core.package_identification:_identify(src/robot_interfaces) by extension 'ros'
[0.163s] DEBUG:colcon.colcon_core.package_identification:Package 'src/robot_interfaces' with type 'ros.ament_cmake' and name 'robot_interfaces'
[0.163s] Level 1:colcon.colcon_core.package_identification:_identify(src/robot_service_pkg) by extensions ['ignore', 'ignore_ament_install']
[0.163s] Level 1:colcon.colcon_core.package_identification:_identify(src/robot_service_pkg) by extension 'ignore'
[0.163s] Level 1:colcon.colcon_core.package_identification:_identify(src/robot_service_pkg) by extension 'ignore_ament_install'
[0.163s] Level 1:colcon.colcon_core.package_identification:_identify(src/robot_service_pkg) by extensions ['colcon_pkg']
[0.163s] Level 1:colcon.colcon_core.package_identification:_identify(src/robot_service_pkg) by extension 'colcon_pkg'
[0.163s] Level 1:colcon.colcon_core.package_identification:_identify(src/robot_service_pkg) by extensions ['colcon_meta']
[0.163s] Level 1:colcon.colcon_core.package_identification:_identify(src/robot_service_pkg) by extension 'colcon_meta'
[0.163s] Level 1:colcon.colcon_core.package_identification:_identify(src/robot_service_pkg) by extensions ['ros']
[0.163s] Level 1:colcon.colcon_core.package_identification:_identify(src/robot_service_pkg) by extension 'ros'
[0.164s] DEBUG:colcon.colcon_core.package_identification:Package 'src/robot_service_pkg' with type 'ros.ament_python' and name 'robot_service_pkg'
[0.164s] Level 1:colcon.colcon_core.package_identification:_identify(src/vision_pkg) by extensions ['ignore', 'ignore_ament_install']
[0.164s] Level 1:colcon.colcon_core.package_identification:_identify(src/vision_pkg) by extension 'ignore'
[0.164s] Level 1:colcon.colcon_core.package_identification:_identify(src/vision_pkg) by extension 'ignore_ament_install'
[0.164s] Level 1:colcon.colcon_core.package_identification:_identify(src/vision_pkg) by extensions ['colcon_pkg']
[0.164s] Level 1:colcon.colcon_core.package_identification:_identify(src/vision_pkg) by extension 'colcon_pkg'
[0.164s] Level 1:colcon.colcon_core.package_identification:_identify(src/vision_pkg) by extensions ['colcon_meta']
[0.164s] Level 1:colcon.colcon_core.package_identification:_identify(src/vision_pkg) by extension 'colcon_meta'
[0.164s] Level 1:colcon.colcon_core.package_identification:_identify(src/vision_pkg) by extensions ['ros']
[0.165s] Level 1:colcon.colcon_core.package_identification:_identify(src/vision_pkg) by extension 'ros'
[0.165s] DEBUG:colcon.colcon_core.package_identification:Package 'src/vision_pkg' with type 'ros.ament_python' and name 'vision_pkg'
[0.165s] Level 1:colcon.colcon_core.package_discovery:discover_packages(recursive) using defaults
[0.165s] Level 1:colcon.colcon_core.package_discovery:discover_packages(ignore) discover
[0.165s] Level 1:colcon.colcon_core.package_discovery:discover_packages(ignore) using defaults
[0.165s] Level 1:colcon.colcon_core.package_discovery:discover_packages(path) discover
[0.165s] Level 1:colcon.colcon_core.package_discovery:discover_packages(path) using defaults
[0.189s] Level 1:colcon.colcon_core.package_discovery:discover_packages(prefix_path) check parameters
[0.189s] Level 1:colcon.colcon_core.package_discovery:discover_packages(prefix_path) discover
[0.195s] DEBUG:colcon.colcon_installed_package_information.package_discovery:Found 12 installed packages in /data2/Brinda/Documents/Reports/ROS2/my_ros2_workspace/install
[0.196s] DEBUG:colcon.colcon_installed_package_information.package_discovery:Found 423 installed packages in /opt/ros/humble
[0.198s] Level 1:colcon.colcon_core.package_discovery:discover_packages(prefix_path) using defaults
[0.239s] Level 5:colcon.colcon_core.verb:set package 'basic_gazebo_robot' build argument 'cmake_args' from command line to 'None'
[0.239s] Level 5:colcon.colcon_core.verb:set package 'basic_gazebo_robot' build argument 'cmake_target' from command line to 'None'
[0.239s] Level 5:colcon.colcon_core.verb:set package 'basic_gazebo_robot' build argument 'cmake_target_skip_unavailable' from command line to 'False'
[0.239s] Level 5:colcon.colcon_core.verb:set package 'basic_gazebo_robot' build argument 'cmake_clean_cache' from command line to 'False'
[0.239s] Level 5:colcon.colcon_core.verb:set package 'basic_gazebo_robot' build argument 'cmake_clean_first' from command line to 'False'
[0.239s] Level 5:colcon.colcon_core.verb:set package 'basic_gazebo_robot' build argument 'cmake_force_configure' from command line to 'False'
[0.239s] Level 5:colcon.colcon_core.verb:set package 'basic_gazebo_robot' build argument 'ament_cmake_args' from command line to 'None'
[0.239s] Level 5:colcon.colcon_core.verb:set package 'basic_gazebo_robot' build argument 'catkin_cmake_args' from command line to 'None'
[0.239s] Level 5:colcon.colcon_core.verb:set package 'basic_gazebo_robot' build argument 'catkin_skip_building_tests' from command line to 'False'
[0.239s] DEBUG:colcon.colcon_core.verb:Building package 'basic_gazebo_robot' with the following arguments: {'ament_cmake_args': None, 'build_base': '/data2/Brinda/Documents/Reports/ROS2/my_ros2_workspace/build/basic_gazebo_robot', 'catkin_cmake_args': None, 'catkin_skip_building_tests': False, 'cmake_args': None, 'cmake_clean_cache': False, 'cmake_clean_first': False, 'cmake_force_configure': False, 'cmake_target': None, 'cmake_target_skip_unavailable': False, 'install_base': '/data2/Brinda/Documents/Reports/ROS2/my_ros2_workspace/install/basic_gazebo_robot', 'merge_install': False, 'path': '/data2/Brinda/Documents/Reports/ROS2/my_ros2_workspace/src/basic_gazebo_robot', 'symlink_install': True, 'test_result_base': None}
[0.240s] Level 5:colcon.colcon_core.verb:set package 'camera_pkg' build argument 'cmake_args' from command line to 'None'
[0.240s] Level 5:colcon.colcon_core.verb:set package 'camera_pkg' build argument 'cmake_target' from command line to 'None'
[0.240s] Level 5:colcon.colcon_core.verb:set package 'camera_pkg' build argument 'cmake_target_skip_unavailable' from command line to 'False'
[0.240s] Level 5:colcon.colcon_core.verb:set package 'camera_pkg' build argument 'cmake_clean_cache' from command line to 'False'
[0.240s] Level 5:colcon.colcon_core.verb:set package 'camera_pkg' build argument 'cmake_clean_first' from command line to 'False'
[0.240s] Level 5:colcon.colcon_core.verb:set package 'camera_pkg' build argument 'cmake_force_configure' from command line to 'False'
[0.240s] Level 5:colcon.colcon_core.verb:set package 'camera_pkg' build argument 'ament_cmake_args' from command line to 'None'
[0.240s] Level 5:colcon.colcon_core.verb:set package 'camera_pkg' build argument 'catkin_cmake_args' from command line to 'None'
[0.240s] Level 5:colcon.colcon_core.verb:set package 'camera_pkg' build argument 'catkin_skip_building_tests' from command line to 'False'
[0.240s] DEBUG:colcon.colcon_core.verb:Building package 'camera_pkg' with the following arguments: {'ament_cmake_args': None, 'build_base': '/data2/Brinda/Documents/Reports/ROS2/my_ros2_workspace/build/camera_pkg', 'catkin_cmake_args': None, 'catkin_skip_building_tests': False, 'cmake_args': None, 'cmake_clean_cache': False, 'cmake_clean_first': False, 'cmake_force_configure': False, 'cmake_target': None, 'cmake_target_skip_unavailable': False, 'install_base': '/data2/Brinda/Documents/Reports/ROS2/my_ros2_workspace/install/camera_pkg', 'merge_install': False, 'path': '/data2/Brinda/Documents/Reports/ROS2/my_ros2_workspace/src/camera_pkg', 'symlink_install': True, 'test_result_base': None}
[0.240s] Level 5:colcon.colcon_core.verb:set package 'lidar_pkg' build argument 'cmake_args' from command line to 'None'
[0.240s] Level 5:colcon.colcon_core.verb:set package 'lidar_pkg' build argument 'cmake_target' from command line to 'None'
[0.240s] Level 5:colcon.colcon_core.verb:set package 'lidar_pkg' build argument 'cmake_target_skip_unavailable' from command line to 'False'
[0.240s] Level 5:colcon.colcon_core.verb:set package 'lidar_pkg' build argument 'cmake_clean_cache' from command line to 'False'
[0.240s] Level 5:colcon.colcon_core.verb:set package 'lidar_pkg' build argument 'cmake_clean_first' from command line to 'False'
[0.240s] Level 5:colcon.colcon_core.verb:set package 'lidar_pkg' build argument 'cmake_force_configure' from command line to 'False'
[0.240s] Level 5:colcon.colcon_core.verb:set package 'lidar_pkg' build argument 'ament_cmake_args' from command line to 'None'
[0.241s] Level 5:colcon.colcon_core.verb:set package 'lidar_pkg' build argument 'catkin_cmake_args' from command line to 'None'
[0.241s] Level 5:colcon.colcon_core.verb:set package 'lidar_pkg' build argument 'catkin_skip_building_tests' from command line to 'False'
[0.241s] DEBUG:colcon.colcon_core.verb:Building package 'lidar_pkg' with the following arguments: {'ament_cmake_args': None, 'build_base': '/data2/Brinda/Documents/Reports/ROS2/my_ros2_workspace/build/lidar_pkg', 'catkin_cmake_args': None, 'catkin_skip_building_tests': False, 'cmake_args': None, 'cmake_clean_cache': False, 'cmake_clean_first': False, 'cmake_force_configure': False, 'cmake_target': None, 'cmake_target_skip_unavailable': False, 'install_base': '/data2/Brinda/Documents/Reports/ROS2/my_ros2_workspace/install/lidar_pkg', 'merge_install': False, 'path': '/data2/Brinda/Documents/Reports/ROS2/my_ros2_workspace/src/lidar_pkg', 'symlink_install': True, 'test_result_base': None}
[0.241s] Level 5:colcon.colcon_core.verb:set package 'my_cpp_pkg' build argument 'cmake_args' from command line to 'None'
[0.241s] Level 5:colcon.colcon_core.verb:set package 'my_cpp_pkg' build argument 'cmake_target' from command line to 'None'
[0.241s] Level 5:colcon.colcon_core.verb:set package 'my_cpp_pkg' build argument 'cmake_target_skip_unavailable' from command line to 'False'
[0.241s] Level 5:colcon.colcon_core.verb:set package 'my_cpp_pkg' build argument 'cmake_clean_cache' from command line to 'False'
[0.241s] Level 5:colcon.colcon_core.verb:set package 'my_cpp_pkg' build argument 'cmake_clean_first' from command line to 'False'
[0.241s] Level 5:colcon.colcon_core.verb:set package 'my_cpp_pkg' build argument 'cmake_force_configure' from command line to 'False'
[0.241s] Level 5:colcon.colcon_core.verb:set package 'my_cpp_pkg' build argument 'ament_cmake_args' from command line to 'None'
[0.241s] Level 5:colcon.colcon_core.verb:set package 'my_cpp_pkg' build argument 'catkin_cmake_args' from command line to 'None'
[0.241s] Level 5:colcon.colcon_core.verb:set package 'my_cpp_pkg' build argument 'catkin_skip_building_tests' from command line to 'False'
[0.241s] DEBUG:colcon.colcon_core.verb:Building package 'my_cpp_pkg' with the following arguments: {'ament_cmake_args': None, 'build_base': '/data2/Brinda/Documents/Reports/ROS2/my_ros2_workspace/build/my_cpp_pkg', 'catkin_cmake_args': None, 'catkin_skip_building_tests': False, 'cmake_args': None, 'cmake_clean_cache': False, 'cmake_clean_first': False, 'cmake_force_configure': False, 'cmake_target': None, 'cmake_target_skip_unavailable': False, 'install_base': '/data2/Brinda/Documents/Reports/ROS2/my_ros2_workspace/install/my_cpp_pkg', 'merge_install': False, 'path': '/data2/Brinda/Documents/Reports/ROS2/my_ros2_workspace/src/my_cpp_pkg', 'symlink_install': True, 'test_result_base': None}
[0.241s] Level 5:colcon.colcon_core.verb:set package 'my_py_pkg' build argument 'cmake_args' from command line to 'None'
[0.241s] Level 5:colcon.colcon_core.verb:set package 'my_py_pkg' build argument 'cmake_target' from command line to 'None'
[0.241s] Level 5:colcon.colcon_core.verb:set package 'my_py_pkg' build argument 'cmake_target_skip_unavailable' from command line to 'False'
[0.242s] Level 5:colcon.colcon_core.verb:set package 'my_py_pkg' build argument 'cmake_clean_cache' from command line to 'False'
[0.242s] Level 5:colcon.colcon_core.verb:set package 'my_py_pkg' build argument 'cmake_clean_first' from command line to 'False'
[0.242s] Level 5:colcon.colcon_core.verb:set package 'my_py_pkg' build argument 'cmake_force_configure' from command line to 'False'
[0.242s] Level 5:colcon.colcon_core.verb:set package 'my_py_pkg' build argument 'ament_cmake_args' from command line to 'None'
[0.242s] Level 5:colcon.colcon_core.verb:set package 'my_py_pkg' build argument 'catkin_cmake_args' from command line to 'None'
[0.242s] Level 5:colcon.colcon_core.verb:set package 'my_py_pkg' build argument 'catkin_skip_building_tests' from command line to 'False'
[0.242s] DEBUG:colcon.colcon_core.verb:Building package 'my_py_pkg' with the following arguments: {'ament_cmake_args': None, 'build_base': '/data2/Brinda/Documents/Reports/ROS2/my_ros2_workspace/build/my_py_pkg', 'catkin_cmake_args': None, 'catkin_skip_building_tests': False, 'cmake_args': None, 'cmake_clean_cache': False, 'cmake_clean_first': False, 'cmake_force_configure': False, 'cmake_target': None, 'cmake_target_skip_unavailable': False, 'install_base': '/data2/Brinda/Documents/Reports/ROS2/my_ros2_workspace/install/my_py_pkg', 'merge_install': False, 'path': '/data2/Brinda/Documents/Reports/ROS2/my_ros2_workspace/src/my_py_pkg', 'symlink_install': True, 'test_result_base': None}
[0.242s] Level 5:colcon.colcon_core.verb:set package 'navigation_pkg' build argument 'cmake_args' from command line to 'None'
[0.242s] Level 5:colcon.colcon_core.verb:set package 'navigation_pkg' build argument 'cmake_target' from command line to 'None'
[0.242s] Level 5:colcon.colcon_core.verb:set package 'navigation_pkg' build argument 'cmake_target_skip_unavailable' from command line to 'False'
[0.242s] Level 5:colcon.colcon_core.verb:set package 'navigation_pkg' build argument 'cmake_clean_cache' from command line to 'False'
[0.242s] Level 5:colcon.colcon_core.verb:set package 'navigation_pkg' build argument 'cmake_clean_first' from command line to 'False'
[0.242s] Level 5:colcon.colcon_core.verb:set package 'navigation_pkg' build argument 'cmake_force_configure' from command line to 'False'
[0.242s] Level 5:colcon.colcon_core.verb:set package 'navigation_pkg' build argument 'ament_cmake_args' from command line to 'None'
[0.242s] Level 5:colcon.colcon_core.verb:set package 'navigation_pkg' build argument 'catkin_cmake_args' from command line to 'None'
[0.242s] Level 5:colcon.colcon_core.verb:set package 'navigation_pkg' build argument 'catkin_skip_building_tests' from command line to 'False'
[0.242s] DEBUG:colcon.colcon_core.verb:Building package 'navigation_pkg' with the following arguments: {'ament_cmake_args': None, 'build_base': '/data2/Brinda/Documents/Reports/ROS2/my_ros2_workspace/build/navigation_pkg', 'catkin_cmake_args': None, 'catkin_skip_building_tests': False, 'cmake_args': None, 'cmake_clean_cache': False, 'cmake_clean_first': False, 'cmake_force_configure': False, 'cmake_target': None, 'cmake_target_skip_unavailable': False, 'install_base': '/data2/Brinda/Documents/Reports/ROS2/my_ros2_workspace/install/navigation_pkg', 'merge_install': False, 'path': '/data2/Brinda/Documents/Reports/ROS2/my_ros2_workspace/src/navigation_pkg', 'symlink_install': True, 'test_result_base': None}
[0.243s] Level 5:colcon.colcon_core.verb:set package 'robot_comm_pkg' build argument 'cmake_args' from command line to 'None'
[0.243s] Level 5:colcon.colcon_core.verb:set package 'robot_comm_pkg' build argument 'cmake_target' from command line to 'None'
[0.243s] Level 5:colcon.colcon_core.verb:set package 'robot_comm_pkg' build argument 'cmake_target_skip_unavailable' from command line to 'False'
[0.243s] Level 5:colcon.colcon_core.verb:set package 'robot_comm_pkg' build argument 'cmake_clean_cache' from command line to 'False'
[0.243s] Level 5:colcon.colcon_core.verb:set package 'robot_comm_pkg' build argument 'cmake_clean_first' from command line to 'False'
[0.243s] Level 5:colcon.colcon_core.verb:set package 'robot_comm_pkg' build argument 'cmake_force_configure' from command line to 'False'
[0.243s] Level 5:colcon.colcon_core.verb:set package 'robot_comm_pkg' build argument 'ament_cmake_args' from command line to 'None'
[0.243s] Level 5:colcon.colcon_core.verb:set package 'robot_comm_pkg' build argument 'catkin_cmake_args' from command line to 'None'
[0.243s] Level 5:colcon.colcon_core.verb:set package 'robot_comm_pkg' build argument 'catkin_skip_building_tests' from command line to 'False'
[0.243s] DEBUG:colcon.colcon_core.verb:Building package 'robot_comm_pkg' with the following arguments: {'ament_cmake_args': None, 'build_base': '/data2/Brinda/Documents/Reports/ROS2/my_ros2_workspace/build/robot_comm_pkg', 'catkin_cmake_args': None, 'catkin_skip_building_tests': False, 'cmake_args': None, 'cmake_clean_cache': False, 'cmake_clean_first': False, 'cmake_force_configure': False, 'cmake_target': None, 'cmake_target_skip_unavailable': False, 'install_base': '/data2/Brinda/Documents/Reports/ROS2/my_ros2_workspace/install/robot_comm_pkg', 'merge_install': False, 'path': '/data2/Brinda/Documents/Reports/ROS2/my_ros2_workspace/robot_comm_pkg', 'symlink_install': True, 'test_result_base': None}
[0.243s] Level 5:colcon.colcon_core.verb:set package 'robot_control_pkg' build argument 'cmake_args' from command line to 'None'
[0.243s] Level 5:colcon.colcon_core.verb:set package 'robot_control_pkg' build argument 'cmake_target' from command line to 'None'
[0.243s] Level 5:colcon.colcon_core.verb:set package 'robot_control_pkg' build argument 'cmake_target_skip_unavailable' from command line to 'False'
[0.243s] Level 5:colcon.colcon_core.verb:set package 'robot_control_pkg' build argument 'cmake_clean_cache' from command line to 'False'
[0.243s] Level 5:colcon.colcon_core.verb:set package 'robot_control_pkg' build argument 'cmake_clean_first' from command line to 'False'
[0.243s] Level 5:colcon.colcon_core.verb:set package 'robot_control_pkg' build argument 'cmake_force_configure' from command line to 'False'
[0.243s] Level 5:colcon.colcon_core.verb:set package 'robot_control_pkg' build argument 'ament_cmake_args' from command line to 'None'
[0.243s] Level 5:colcon.colcon_core.verb:set package 'robot_control_pkg' build argument 'catkin_cmake_args' from command line to 'None'
[0.244s] Level 5:colcon.colcon_core.verb:set package 'robot_control_pkg' build argument 'catkin_skip_building_tests' from command line to 'False'
[0.244s] DEBUG:colcon.colcon_core.verb:Building package 'robot_control_pkg' with the following arguments: {'ament_cmake_args': None, 'build_base': '/data2/Brinda/Documents/Reports/ROS2/my_ros2_workspace/build/robot_control_pkg', 'catkin_cmake_args': None, 'catkin_skip_building_tests': False, 'cmake_args': None, 'cmake_clean_cache': False, 'cmake_clean_first': False, 'cmake_force_configure': False, 'cmake_target': None, 'cmake_target_skip_unavailable': False, 'install_base': '/data2/Brinda/Documents/Reports/ROS2/my_ros2_workspace/install/robot_control_pkg', 'merge_install': False, 'path': '/data2/Brinda/Documents/Reports/ROS2/my_ros2_workspace/src/robot_control_pkg', 'symlink_install': True, 'test_result_base': None}
[0.244s] Level 5:colcon.colcon_core.verb:set package 'robot_interfaces' build argument 'cmake_args' from command line to 'None'
[0.244s] Level 5:colcon.colcon_core.verb:set package 'robot_interfaces' build argument 'cmake_target' from command line to 'None'
[0.244s] Level 5:colcon.colcon_core.verb:set package 'robot_interfaces' build argument 'cmake_target_skip_unavailable' from command line to 'False'
[0.244s] Level 5:colcon.colcon_core.verb:set package 'robot_interfaces' build argument 'cmake_clean_cache' from command line to 'False'
[0.244s] Level 5:colcon.colcon_core.verb:set package 'robot_interfaces' build argument 'cmake_clean_first' from command line to 'False'
[0.244s] Level 5:colcon.colcon_core.verb:set package 'robot_interfaces' build argument 'cmake_force_configure' from command line to 'False'
[0.244s] Level 5:colcon.colcon_core.verb:set package 'robot_interfaces' build argument 'ament_cmake_args' from command line to 'None'
[0.244s] Level 5:colcon.colcon_core.verb:set package 'robot_interfaces' build argument 'catkin_cmake_args' from command line to 'None'
[0.244s] Level 5:colcon.colcon_core.verb:set package 'robot_interfaces' build argument 'catkin_skip_building_tests' from command line to 'False'
[0.244s] DEBUG:colcon.colcon_core.verb:Building package 'robot_interfaces' with the following arguments: {'ament_cmake_args': None, 'build_base': '/data2/Brinda/Documents/Reports/ROS2/my_ros2_workspace/build/robot_interfaces', 'catkin_cmake_args': None, 'catkin_skip_building_tests': False, 'cmake_args': None, 'cmake_clean_cache': False, 'cmake_clean_first': False, 'cmake_force_configure': False, 'cmake_target': None, 'cmake_target_skip_unavailable': False, 'install_base': '/data2/Brinda/Documents/Reports/ROS2/my_ros2_workspace/install/robot_interfaces', 'merge_install': False, 'path': '/data2/Brinda/Documents/Reports/ROS2/my_ros2_workspace/src/robot_interfaces', 'symlink_install': True, 'test_result_base': None}
[0.244s] Level 5:colcon.colcon_core.verb:set package 'robot_service_pkg' build argument 'cmake_args' from command line to 'None'
[0.244s] Level 5:colcon.colcon_core.verb:set package 'robot_service_pkg' build argument 'cmake_target' from command line to 'None'
[0.244s] Level 5:colcon.colcon_core.verb:set package 'robot_service_pkg' build argument 'cmake_target_skip_unavailable' from command line to 'False'
[0.244s] Level 5:colcon.colcon_core.verb:set package 'robot_service_pkg' build argument 'cmake_clean_cache' from command line to 'False'
[0.244s] Level 5:colcon.colcon_core.verb:set package 'robot_service_pkg' build argument 'cmake_clean_first' from command line to 'False'
[0.245s] Level 5:colcon.colcon_core.verb:set package 'robot_service_pkg' build argument 'cmake_force_configure' from command line to 'False'
[0.245s] Level 5:colcon.colcon_core.verb:set package 'robot_service_pkg' build argument 'ament_cmake_args' from command line to 'None'
[0.245s] Level 5:colcon.colcon_core.verb:set package 'robot_service_pkg' build argument 'catkin_cmake_args' from command line to 'None'
[0.245s] Level 5:colcon.colcon_core.verb:set package 'robot_service_pkg' build argument 'catkin_skip_building_tests' from command line to 'False'
[0.245s] DEBUG:colcon.colcon_core.verb:Building package 'robot_service_pkg' with the following arguments: {'ament_cmake_args': None, 'build_base': '/data2/Brinda/Documents/Reports/ROS2/my_ros2_workspace/build/robot_service_pkg', 'catkin_cmake_args': None, 'catkin_skip_building_tests': False, 'cmake_args': None, 'cmake_clean_cache': False, 'cmake_clean_first': False, 'cmake_force_configure': False, 'cmake_target': None, 'cmake_target_skip_unavailable': False, 'install_base': '/data2/Brinda/Documents/Reports/ROS2/my_ros2_workspace/install/robot_service_pkg', 'merge_install': False, 'path': '/data2/Brinda/Documents/Reports/ROS2/my_ros2_workspace/src/robot_service_pkg', 'symlink_install': True, 'test_result_base': None}
[0.245s] Level 5:colcon.colcon_core.verb:set package 'vision_pkg' build argument 'cmake_args' from command line to 'None'
[0.245s] Level 5:colcon.colcon_core.verb:set package 'vision_pkg' build argument 'cmake_target' from command line to 'None'
[0.245s] Level 5:colcon.colcon_core.verb:set package 'vision_pkg' build argument 'cmake_target_skip_unavailable' from command line to 'False'
[0.245s] Level 5:colcon.colcon_core.verb:set package 'vision_pkg' build argument 'cmake_clean_cache' from command line to 'False'
[0.245s] Level 5:colcon.colcon_core.verb:set package 'vision_pkg' build argument 'cmake_clean_first' from command line to 'False'
[0.245s] Level 5:colcon.colcon_core.verb:set package 'vision_pkg' build argument 'cmake_force_configure' from command line to 'False'
[0.245s] Level 5:colcon.colcon_core.verb:set package 'vision_pkg' build argument 'ament_cmake_args' from command line to 'None'
[0.245s] Level 5:colcon.colcon_core.verb:set package 'vision_pkg' build argument 'catkin_cmake_args' from command line to 'None'
[0.245s] Level 5:colcon.colcon_core.verb:set package 'vision_pkg' build argument 'catkin_skip_building_tests' from command line to 'False'
[0.245s] DEBUG:colcon.colcon_core.verb:Building package 'vision_pkg' with the following arguments: {'ament_cmake_args': None, 'build_base': '/data2/Brinda/Documents/Reports/ROS2/my_ros2_workspace/build/vision_pkg', 'catkin_cmake_args': None, 'catkin_skip_building_tests': False, 'cmake_args': None, 'cmake_clean_cache': False, 'cmake_clean_first': False, 'cmake_force_configure': False, 'cmake_target': None, 'cmake_target_skip_unavailable': False, 'install_base': '/data2/Brinda/Documents/Reports/ROS2/my_ros2_workspace/install/vision_pkg', 'merge_install': False, 'path': '/data2/Brinda/Documents/Reports/ROS2/my_ros2_workspace/src/vision_pkg', 'symlink_install': True, 'test_result_base': None}
[0.245s] Level 5:colcon.colcon_core.verb:set package 'robot_action_pkg' build argument 'cmake_args' from command line to 'None'
[0.245s] Level 5:colcon.colcon_core.verb:set package 'robot_action_pkg' build argument 'cmake_target' from command line to 'None'
[0.246s] Level 5:colcon.colcon_core.verb:set package 'robot_action_pkg' build argument 'cmake_target_skip_unavailable' from command line to 'False'
[0.246s] Level 5:colcon.colcon_core.verb:set package 'robot_action_pkg' build argument 'cmake_clean_cache' from command line to 'False'
[0.246s] Level 5:colcon.colcon_core.verb:set package 'robot_action_pkg' build argument 'cmake_clean_first' from command line to 'False'
[0.246s] Level 5:colcon.colcon_core.verb:set package 'robot_action_pkg' build argument 'cmake_force_configure' from command line to 'False'
[0.246s] Level 5:colcon.colcon_core.verb:set package 'robot_action_pkg' build argument 'ament_cmake_args' from command line to 'None'
[0.246s] Level 5:colcon.colcon_core.verb:set package 'robot_action_pkg' build argument 'catkin_cmake_args' from command line to 'None'
[0.246s] Level 5:colcon.colcon_core.verb:set package 'robot_action_pkg' build argument 'catkin_skip_building_tests' from command line to 'False'
[0.246s] DEBUG:colcon.colcon_core.verb:Building package 'robot_action_pkg' with the following arguments: {'ament_cmake_args': None, 'build_base': '/data2/Brinda/Documents/Reports/ROS2/my_ros2_workspace/build/robot_action_pkg', 'catkin_cmake_args': None, 'catkin_skip_building_tests': False, 'cmake_args': None, 'cmake_clean_cache': False, 'cmake_clean_first': False, 'cmake_force_configure': False, 'cmake_target': None, 'cmake_target_skip_unavailable': False, 'install_base': '/data2/Brinda/Documents/Reports/ROS2/my_ros2_workspace/install/robot_action_pkg', 'merge_install': False, 'path': '/data2/Brinda/Documents/Reports/ROS2/my_ros2_workspace/src/robot_action_pkg', 'symlink_install': True, 'test_result_base': None}
[0.246s] INFO:colcon.colcon_core.executor:Executing jobs using 'parallel' executor
[0.247s] DEBUG:colcon.colcon_parallel_executor.executor.parallel:run_until_complete
[0.247s] INFO:colcon.colcon_ros.task.ament_cmake.build:Building ROS package in '/data2/Brinda/Documents/Reports/ROS2/my_ros2_workspace/src/robot_interfaces' with build type 'ament_cmake'
[0.247s] INFO:colcon.colcon_cmake.task.cmake.build:Building CMake package in '/data2/Brinda/Documents/Reports/ROS2/my_ros2_workspace/src/robot_interfaces'
[0.250s] INFO:colcon.colcon_core.plugin_system:Skipping extension 'colcon_core.shell.bat': Not used on non-Windows systems
[0.250s] INFO:colcon.colcon_core.shell:Skip shell extension 'powershell' for command environment: Not usable outside of PowerShell
[0.250s] DEBUG:colcon.colcon_core.shell:Skip shell extension 'dsv' for command environment
[0.258s] INFO:colcon.colcon_ros.task.ament_cmake.build:Building ROS package in '/data2/Brinda/Documents/Reports/ROS2/my_ros2_workspace/src/basic_gazebo_robot' with build type 'ament_cmake'
[0.258s] INFO:colcon.colcon_cmake.task.cmake.build:Building CMake package in '/data2/Brinda/Documents/Reports/ROS2/my_ros2_workspace/src/basic_gazebo_robot'
[0.258s] INFO:colcon.colcon_core.shell:Skip shell extension 'powershell' for command environment: Not usable outside of PowerShell
[0.258s] DEBUG:colcon.colcon_core.shell:Skip shell extension 'dsv' for command environment
[0.265s] INFO:colcon.colcon_ros.task.ament_python.build:Building ROS package in '/data2/Brinda/Documents/Reports/ROS2/my_ros2_workspace/src/camera_pkg' with build type 'ament_python'
[0.265s] Level 1:colcon.colcon_core.shell:create_environment_hook('camera_pkg', 'ament_prefix_path')
[0.266s] INFO:colcon.colcon_core.shell:Creating environment hook '/data2/Brinda/Documents/Reports/ROS2/my_ros2_workspace/install/camera_pkg/share/camera_pkg/hook/ament_prefix_path.ps1'
[0.266s] INFO:colcon.colcon_core.shell:Creating environment descriptor '/data2/Brinda/Documents/Reports/ROS2/my_ros2_workspace/install/camera_pkg/share/camera_pkg/hook/ament_prefix_path.dsv'
[0.267s] INFO:colcon.colcon_core.shell:Creating environment hook '/data2/Brinda/Documents/Reports/ROS2/my_ros2_workspace/install/camera_pkg/share/camera_pkg/hook/ament_prefix_path.sh'
[0.268s] INFO:colcon.colcon_core.shell:Skip shell extension 'powershell' for command environment: Not usable outside of PowerShell
[0.268s] DEBUG:colcon.colcon_core.shell:Skip shell extension 'dsv' for command environment
[0.275s] INFO:colcon.colcon_ros.task.ament_python.build:Building ROS package in '/data2/Brinda/Documents/Reports/ROS2/my_ros2_workspace/src/lidar_pkg' with build type 'ament_python'
[0.276s] Level 1:colcon.colcon_core.shell:create_environment_hook('lidar_pkg', 'ament_prefix_path')
[0.276s] INFO:colcon.colcon_core.shell:Creating environment hook '/data2/Brinda/Documents/Reports/ROS2/my_ros2_workspace/install/lidar_pkg/share/lidar_pkg/hook/ament_prefix_path.ps1'
[0.276s] INFO:colcon.colcon_core.shell:Creating environment descriptor '/data2/Brinda/Documents/Reports/ROS2/my_ros2_workspace/install/lidar_pkg/share/lidar_pkg/hook/ament_prefix_path.dsv'
[0.277s] INFO:colcon.colcon_core.shell:Creating environment hook '/data2/Brinda/Documents/Reports/ROS2/my_ros2_workspace/install/lidar_pkg/share/lidar_pkg/hook/ament_prefix_path.sh'
[0.277s] INFO:colcon.colcon_core.shell:Skip shell extension 'powershell' for command environment: Not usable outside of PowerShell
[0.278s] DEBUG:colcon.colcon_core.shell:Skip shell extension 'dsv' for command environment
[0.284s] INFO:colcon.colcon_ros.task.ament_cmake.build:Building ROS package in '/data2/Brinda/Documents/Reports/ROS2/my_ros2_workspace/src/my_cpp_pkg' with build type 'ament_cmake'
[0.284s] INFO:colcon.colcon_cmake.task.cmake.build:Building CMake package in '/data2/Brinda/Documents/Reports/ROS2/my_ros2_workspace/src/my_cpp_pkg'
[0.285s] INFO:colcon.colcon_core.shell:Skip shell extension 'powershell' for command environment: Not usable outside of PowerShell
[0.285s] DEBUG:colcon.colcon_core.shell:Skip shell extension 'dsv' for command environment
[0.292s] INFO:colcon.colcon_ros.task.ament_python.build:Building ROS package in '/data2/Brinda/Documents/Reports/ROS2/my_ros2_workspace/src/my_py_pkg' with build type 'ament_python'
[0.292s] Level 1:colcon.colcon_core.shell:create_environment_hook('my_py_pkg', 'ament_prefix_path')
[0.292s] INFO:colcon.colcon_core.shell:Creating environment hook '/data2/Brinda/Documents/Reports/ROS2/my_ros2_workspace/install/my_py_pkg/share/my_py_pkg/hook/ament_prefix_path.ps1'
[0.292s] INFO:colcon.colcon_core.shell:Creating environment descriptor '/data2/Brinda/Documents/Reports/ROS2/my_ros2_workspace/install/my_py_pkg/share/my_py_pkg/hook/ament_prefix_path.dsv'
[0.293s] INFO:colcon.colcon_core.shell:Creating environment hook '/data2/Brinda/Documents/Reports/ROS2/my_ros2_workspace/install/my_py_pkg/share/my_py_pkg/hook/ament_prefix_path.sh'
[0.293s] INFO:colcon.colcon_core.shell:Skip shell extension 'powershell' for command environment: Not usable outside of PowerShell
[0.293s] DEBUG:colcon.colcon_core.shell:Skip shell extension 'dsv' for command environment
[0.300s] INFO:colcon.colcon_ros.task.ament_python.build:Building ROS package in '/data2/Brinda/Documents/Reports/ROS2/my_ros2_workspace/src/navigation_pkg' with build type 'ament_python'
[0.300s] Level 1:colcon.colcon_core.shell:create_environment_hook('navigation_pkg', 'ament_prefix_path')
[0.300s] INFO:colcon.colcon_core.shell:Creating environment hook '/data2/Brinda/Documents/Reports/ROS2/my_ros2_workspace/install/navigation_pkg/share/navigation_pkg/hook/ament_prefix_path.ps1'
[0.301s] INFO:colcon.colcon_core.shell:Creating environment descriptor '/data2/Brinda/Documents/Reports/ROS2/my_ros2_workspace/install/navigation_pkg/share/navigation_pkg/hook/ament_prefix_path.dsv'
[0.301s] INFO:colcon.colcon_core.shell:Creating environment hook '/data2/Brinda/Documents/Reports/ROS2/my_ros2_workspace/install/navigation_pkg/share/navigation_pkg/hook/ament_prefix_path.sh'
[0.302s] INFO:colcon.colcon_core.shell:Skip shell extension 'powershell' for command environment: Not usable outside of PowerShell
[0.302s] DEBUG:colcon.colcon_core.shell:Skip shell extension 'dsv' for command environment
[0.309s] INFO:colcon.colcon_ros.task.ament_python.build:Building ROS package in '/data2/Brinda/Documents/Reports/ROS2/my_ros2_workspace/robot_comm_pkg' with build type 'ament_python'
[0.309s] Level 1:colcon.colcon_core.shell:create_environment_hook('robot_comm_pkg', 'ament_prefix_path')
[0.309s] INFO:colcon.colcon_core.shell:Creating environment hook '/data2/Brinda/Documents/Reports/ROS2/my_ros2_workspace/install/robot_comm_pkg/share/robot_comm_pkg/hook/ament_prefix_path.ps1'
[0.310s] INFO:colcon.colcon_core.shell:Creating environment descriptor '/data2/Brinda/Documents/Reports/ROS2/my_ros2_workspace/install/robot_comm_pkg/share/robot_comm_pkg/hook/ament_prefix_path.dsv'
[0.311s] INFO:colcon.colcon_core.shell:Creating environment hook '/data2/Brinda/Documents/Reports/ROS2/my_ros2_workspace/install/robot_comm_pkg/share/robot_comm_pkg/hook/ament_prefix_path.sh'
[0.311s] INFO:colcon.colcon_core.shell:Skip shell extension 'powershell' for command environment: Not usable outside of PowerShell
[0.311s] DEBUG:colcon.colcon_core.shell:Skip shell extension 'dsv' for command environment
[0.318s] INFO:colcon.colcon_ros.task.ament_python.build:Building ROS package in '/data2/Brinda/Documents/Reports/ROS2/my_ros2_workspace/src/robot_control_pkg' with build type 'ament_python'
[0.318s] Level 1:colcon.colcon_core.shell:create_environment_hook('robot_control_pkg', 'ament_prefix_path')
[0.319s] INFO:colcon.colcon_core.shell:Creating environment hook '/data2/Brinda/Documents/Reports/ROS2/my_ros2_workspace/install/robot_control_pkg/share/robot_control_pkg/hook/ament_prefix_path.ps1'
[0.319s] INFO:colcon.colcon_core.shell:Creating environment descriptor '/data2/Brinda/Documents/Reports/ROS2/my_ros2_workspace/install/robot_control_pkg/share/robot_control_pkg/hook/ament_prefix_path.dsv'
[0.320s] INFO:colcon.colcon_core.shell:Creating environment hook '/data2/Brinda/Documents/Reports/ROS2/my_ros2_workspace/install/robot_control_pkg/share/robot_control_pkg/hook/ament_prefix_path.sh'
[0.321s] INFO:colcon.colcon_core.shell:Skip shell extension 'powershell' for command environment: Not usable outside of PowerShell
[0.321s] DEBUG:colcon.colcon_core.shell:Skip shell extension 'dsv' for command environment
[0.328s] INFO:colcon.colcon_ros.task.ament_python.build:Building ROS package in '/data2/Brinda/Documents/Reports/ROS2/my_ros2_workspace/src/robot_service_pkg' with build type 'ament_python'
[0.328s] Level 1:colcon.colcon_core.shell:create_environment_hook('robot_service_pkg', 'ament_prefix_path')
[0.328s] INFO:colcon.colcon_core.shell:Creating environment hook '/data2/Brinda/Documents/Reports/ROS2/my_ros2_workspace/install/robot_service_pkg/share/robot_service_pkg/hook/ament_prefix_path.ps1'
[0.329s] INFO:colcon.colcon_core.shell:Creating environment descriptor '/data2/Brinda/Documents/Reports/ROS2/my_ros2_workspace/install/robot_service_pkg/share/robot_service_pkg/hook/ament_prefix_path.dsv'
[0.329s] INFO:colcon.colcon_core.shell:Creating environment hook '/data2/Brinda/Documents/Reports/ROS2/my_ros2_workspace/install/robot_service_pkg/share/robot_service_pkg/hook/ament_prefix_path.sh'
[0.330s] INFO:colcon.colcon_core.shell:Skip shell extension 'powershell' for command environment: Not usable outside of PowerShell
[0.330s] DEBUG:colcon.colcon_core.shell:Skip shell extension 'dsv' for command environment
[0.337s] INFO:colcon.colcon_ros.task.ament_python.build:Building ROS package in '/data2/Brinda/Documents/Reports/ROS2/my_ros2_workspace/src/vision_pkg' with build type 'ament_python'
[0.337s] Level 1:colcon.colcon_core.shell:create_environment_hook('vision_pkg', 'ament_prefix_path')
[0.338s] INFO:colcon.colcon_core.shell:Creating environment hook '/data2/Brinda/Documents/Reports/ROS2/my_ros2_workspace/install/vision_pkg/share/vision_pkg/hook/ament_prefix_path.ps1'
[0.338s] INFO:colcon.colcon_core.shell:Creating environment descriptor '/data2/Brinda/Documents/Reports/ROS2/my_ros2_workspace/install/vision_pkg/share/vision_pkg/hook/ament_prefix_path.dsv'
[0.339s] INFO:colcon.colcon_core.shell:Creating environment hook '/data2/Brinda/Documents/Reports/ROS2/my_ros2_workspace/install/vision_pkg/share/vision_pkg/hook/ament_prefix_path.sh'
[0.339s] INFO:colcon.colcon_core.shell:Skip shell extension 'powershell' for command environment: Not usable outside of PowerShell
[0.340s] DEBUG:colcon.colcon_core.shell:Skip shell extension 'dsv' for command environment
[0.350s] DEBUG:colcon.colcon_core.event_handler.log_command:Invoking command in '/data2/Brinda/Documents/Reports/ROS2/my_ros2_workspace/build/robot_interfaces': CMAKE_PREFIX_PATH=${CMAKE_PREFIX_PATH}:/data2/Brinda/Documents/Reports/ROS2/my_ros2_workspace/install/vision_pkg:/data2/Brinda/Documents/Reports/ROS2/my_ros2_workspace/install/robot_service_pkg:/data2/Brinda/Documents/Reports/ROS2/my_ros2_workspace/install/robot_action_pkg:/data2/Brinda/Documents/Reports/ROS2/my_ros2_workspace/install/robot_interfaces:/data2/Brinda/Documents/Reports/ROS2/my_ros2_workspace/install/robot_control_pkg:/data2/Brinda/Documents/Reports/ROS2/my_ros2_workspace/install/robot_comm_pkg:/data2/Brinda/Documents/Reports/ROS2/my_ros2_workspace/install/navigation_pkg:/data2/Brinda/Documents/Reports/ROS2/my_ros2_workspace/install/my_py_pkg:/data2/Brinda/Documents/Reports/ROS2/my_ros2_workspace/install/lidar_pkg:/data2/Brinda/Documents/Reports/ROS2/my_ros2_workspace/install/camera_pkg:/opt/ros/humble /usr/bin/cmake --build /data2/Brinda/Documents/Reports/ROS2/my_ros2_workspace/build/robot_interfaces -- -j16 -l16
[0.356s] DEBUG:colcon.colcon_core.event_handler.log_command:Invoking command in '/data2/Brinda/Documents/Reports/ROS2/my_ros2_workspace/build/basic_gazebo_robot': CMAKE_PREFIX_PATH=${CMAKE_PREFIX_PATH}:/data2/Brinda/Documents/Reports/ROS2/my_ros2_workspace/install/vision_pkg:/data2/Brinda/Documents/Reports/ROS2/my_ros2_workspace/install/robot_service_pkg:/data2/Brinda/Documents/Reports/ROS2/my_ros2_workspace/install/robot_action_pkg:/data2/Brinda/Documents/Reports/ROS2/my_ros2_workspace/install/robot_interfaces:/data2/Brinda/Documents/Reports/ROS2/my_ros2_workspace/install/robot_control_pkg:/data2/Brinda/Documents/Reports/ROS2/my_ros2_workspace/install/robot_comm_pkg:/data2/Brinda/Documents/Reports/ROS2/my_ros2_workspace/install/navigation_pkg:/data2/Brinda/Documents/Reports/ROS2/my_ros2_workspace/install/my_py_pkg:/data2/Brinda/Documents/Reports/ROS2/my_ros2_workspace/install/lidar_pkg:/data2/Brinda/Documents/Reports/ROS2/my_ros2_workspace/install/camera_pkg:/opt/ros/humble /usr/bin/cmake --build /data2/Brinda/Documents/Reports/ROS2/my_ros2_workspace/build/basic_gazebo_robot -- -j16 -l16
[0.625s] INFO:colcon.colcon_core.task.python.build:Building Python package in '/data2/Brinda/Documents/Reports/ROS2/my_ros2_workspace/src/camera_pkg'
[0.625s] INFO:colcon.colcon_core.shell:Skip shell extension 'powershell' for command environment: Not usable outside of PowerShell
[0.625s] DEBUG:colcon.colcon_core.shell:Skip shell extension 'dsv' for command environment
[0.996s] INFO:colcon.colcon_core.task.python.build:Building Python package in '/data2/Brinda/Documents/Reports/ROS2/my_ros2_workspace/src/lidar_pkg'
[0.996s] INFO:colcon.colcon_core.shell:Skip shell extension 'powershell' for command environment: Not usable outside of PowerShell
[0.996s] DEBUG:colcon.colcon_core.shell:Skip shell extension 'dsv' for command environment
[1.007s] DEBUG:colcon.colcon_core.event_handler.log_command:Invoking command in '/data2/Brinda/Documents/Reports/ROS2/my_ros2_workspace/build/my_cpp_pkg': CMAKE_PREFIX_PATH=${CMAKE_PREFIX_PATH}:/data2/Brinda/Documents/Reports/ROS2/my_ros2_workspace/install/vision_pkg:/data2/Brinda/Documents/Reports/ROS2/my_ros2_workspace/install/robot_service_pkg:/data2/Brinda/Documents/Reports/ROS2/my_ros2_workspace/install/robot_action_pkg:/data2/Brinda/Documents/Reports/ROS2/my_ros2_workspace/install/robot_interfaces:/data2/Brinda/Documents/Reports/ROS2/my_ros2_workspace/install/robot_control_pkg:/data2/Brinda/Documents/Reports/ROS2/my_ros2_workspace/install/robot_comm_pkg:/data2/Brinda/Documents/Reports/ROS2/my_ros2_workspace/install/navigation_pkg:/data2/Brinda/Documents/Reports/ROS2/my_ros2_workspace/install/my_py_pkg:/data2/Brinda/Documents/Reports/ROS2/my_ros2_workspace/install/lidar_pkg:/data2/Brinda/Documents/Reports/ROS2/my_ros2_workspace/install/camera_pkg:/opt/ros/humble /usr/bin/cmake --build /data2/Brinda/Documents/Reports/ROS2/my_ros2_workspace/build/my_cpp_pkg -- -j16 -l16
[1.217s] INFO:colcon.colcon_core.task.python.build:Building Python package in '/data2/Brinda/Documents/Reports/ROS2/my_ros2_workspace/src/my_py_pkg'
[1.217s] INFO:colcon.colcon_core.shell:Skip shell extension 'powershell' for command environment: Not usable outside of PowerShell
[1.217s] DEBUG:colcon.colcon_core.shell:Skip shell extension 'dsv' for command environment
[1.434s] INFO:colcon.colcon_core.task.python.build:Building Python package in '/data2/Brinda/Documents/Reports/ROS2/my_ros2_workspace/src/navigation_pkg'
[1.435s] INFO:colcon.colcon_core.shell:Skip shell extension 'powershell' for command environment: Not usable outside of PowerShell
[1.435s] DEBUG:colcon.colcon_core.shell:Skip shell extension 'dsv' for command environment
[1.656s] INFO:colcon.colcon_core.task.python.build:Building Python package in '/data2/Brinda/Documents/Reports/ROS2/my_ros2_workspace/robot_comm_pkg'
[1.657s] INFO:colcon.colcon_core.shell:Skip shell extension 'powershell' for command environment: Not usable outside of PowerShell
[1.657s] DEBUG:colcon.colcon_core.shell:Skip shell extension 'dsv' for command environment
[1.880s] INFO:colcon.colcon_core.task.python.build:Building Python package in '/data2/Brinda/Documents/Reports/ROS2/my_ros2_workspace/src/robot_control_pkg'
[1.880s] INFO:colcon.colcon_core.shell:Skip shell extension 'powershell' for command environment: Not usable outside of PowerShell
[1.881s] DEBUG:colcon.colcon_core.shell:Skip shell extension 'dsv' for command environment
[2.095s] INFO:colcon.colcon_core.task.python.build:Building Python package in '/data2/Brinda/Documents/Reports/ROS2/my_ros2_workspace/src/robot_service_pkg'
[2.095s] INFO:colcon.colcon_core.shell:Skip shell extension 'powershell' for command environment: Not usable outside of PowerShell
[2.095s] DEBUG:colcon.colcon_core.shell:Skip shell extension 'dsv' for command environment
[2.108s] DEBUG:colcon.colcon_core.event_handler.log_command:Invoked command in '/data2/Brinda/Documents/Reports/ROS2/my_ros2_workspace/build/basic_gazebo_robot' returned '0': CMAKE_PREFIX_PATH=${CMAKE_PREFIX_PATH}:/data2/Brinda/Documents/Reports/ROS2/my_ros2_workspace/install/vision_pkg:/data2/Brinda/Documents/Reports/ROS2/my_ros2_workspace/install/robot_service_pkg:/data2/Brinda/Documents/Reports/ROS2/my_ros2_workspace/install/robot_action_pkg:/data2/Brinda/Documents/Reports/ROS2/my_ros2_workspace/install/robot_interfaces:/data2/Brinda/Documents/Reports/ROS2/my_ros2_workspace/install/robot_control_pkg:/data2/Brinda/Documents/Reports/ROS2/my_ros2_workspace/install/robot_comm_pkg:/data2/Brinda/Documents/Reports/ROS2/my_ros2_workspace/install/navigation_pkg:/data2/Brinda/Documents/Reports/ROS2/my_ros2_workspace/install/my_py_pkg:/data2/Brinda/Documents/Reports/ROS2/my_ros2_workspace/install/lidar_pkg:/data2/Brinda/Documents/Reports/ROS2/my_ros2_workspace/install/camera_pkg:/opt/ros/humble /usr/bin/cmake --build /data2/Brinda/Documents/Reports/ROS2/my_ros2_workspace/build/basic_gazebo_robot -- -j16 -l16
[2.116s] DEBUG:colcon.colcon_core.event_handler.log_command:Invoking command in '/data2/Brinda/Documents/Reports/ROS2/my_ros2_workspace/build/basic_gazebo_robot': CMAKE_PREFIX_PATH=${CMAKE_PREFIX_PATH}:/data2/Brinda/Documents/Reports/ROS2/my_ros2_workspace/install/vision_pkg:/data2/Brinda/Documents/Reports/ROS2/my_ros2_workspace/install/robot_service_pkg:/data2/Brinda/Documents/Reports/ROS2/my_ros2_workspace/install/robot_action_pkg:/data2/Brinda/Documents/Reports/ROS2/my_ros2_workspace/install/robot_interfaces:/data2/Brinda/Documents/Reports/ROS2/my_ros2_workspace/install/robot_control_pkg:/data2/Brinda/Documents/Reports/ROS2/my_ros2_workspace/install/robot_comm_pkg:/data2/Brinda/Documents/Reports/ROS2/my_ros2_workspace/install/navigation_pkg:/data2/Brinda/Documents/Reports/ROS2/my_ros2_workspace/install/my_py_pkg:/data2/Brinda/Documents/Reports/ROS2/my_ros2_workspace/install/lidar_pkg:/data2/Brinda/Documents/Reports/ROS2/my_ros2_workspace/install/camera_pkg:/opt/ros/humble /usr/bin/cmake --install /data2/Brinda/Documents/Reports/ROS2/my_ros2_workspace/build/basic_gazebo_robot
[2.116s] DEBUG:colcon.colcon_core.event_handler.log_command:Invoked command in '/data2/Brinda/Documents/Reports/ROS2/my_ros2_workspace/build/robot_interfaces' returned '0': CMAKE_PREFIX_PATH=${CMAKE_PREFIX_PATH}:/data2/Brinda/Documents/Reports/ROS2/my_ros2_workspace/install/vision_pkg:/data2/Brinda/Documents/Reports/ROS2/my_ros2_workspace/install/robot_service_pkg:/data2/Brinda/Documents/Reports/ROS2/my_ros2_workspace/install/robot_action_pkg:/data2/Brinda/Documents/Reports/ROS2/my_ros2_workspace/install/robot_interfaces:/data2/Brinda/Documents/Reports/ROS2/my_ros2_workspace/install/robot_control_pkg:/data2/Brinda/Documents/Reports/ROS2/my_ros2_workspace/install/robot_comm_pkg:/data2/Brinda/Documents/Reports/ROS2/my_ros2_workspace/install/navigation_pkg:/data2/Brinda/Documents/Reports/ROS2/my_ros2_workspace/install/my_py_pkg:/data2/Brinda/Documents/Reports/ROS2/my_ros2_workspace/install/lidar_pkg:/data2/Brinda/Documents/Reports/ROS2/my_ros2_workspace/install/camera_pkg:/opt/ros/humble /usr/bin/cmake --build /data2/Brinda/Documents/Reports/ROS2/my_ros2_workspace/build/robot_interfaces -- -j16 -l16
[2.117s] DEBUG:colcon.colcon_core.event_handler.log_command:Invoking command in '/data2/Brinda/Documents/Reports/ROS2/my_ros2_workspace/build/robot_interfaces': CMAKE_PREFIX_PATH=${CMAKE_PREFIX_PATH}:/data2/Brinda/Documents/Reports/ROS2/my_ros2_workspace/install/vision_pkg:/data2/Brinda/Documents/Reports/ROS2/my_ros2_workspace/install/robot_service_pkg:/data2/Brinda/Documents/Reports/ROS2/my_ros2_workspace/install/robot_action_pkg:/data2/Brinda/Documents/Reports/ROS2/my_ros2_workspace/install/robot_interfaces:/data2/Brinda/Documents/Reports/ROS2/my_ros2_workspace/install/robot_control_pkg:/data2/Brinda/Documents/Reports/ROS2/my_ros2_workspace/install/robot_comm_pkg:/data2/Brinda/Documents/Reports/ROS2/my_ros2_workspace/install/navigation_pkg:/data2/Brinda/Documents/Reports/ROS2/my_ros2_workspace/install/my_py_pkg:/data2/Brinda/Documents/Reports/ROS2/my_ros2_workspace/install/lidar_pkg:/data2/Brinda/Documents/Reports/ROS2/my_ros2_workspace/install/camera_pkg:/opt/ros/humble /usr/bin/cmake --install /data2/Brinda/Documents/Reports/ROS2/my_ros2_workspace/build/robot_interfaces
[2.118s] DEBUG:colcon.colcon_core.event_handler.log_command:Invoked command in '/data2/Brinda/Documents/Reports/ROS2/my_ros2_workspace/build/my_cpp_pkg' returned '0': CMAKE_PREFIX_PATH=${CMAKE_PREFIX_PATH}:/data2/Brinda/Documents/Reports/ROS2/my_ros2_workspace/install/vision_pkg:/data2/Brinda/Documents/Reports/ROS2/my_ros2_workspace/install/robot_service_pkg:/data2/Brinda/Documents/Reports/ROS2/my_ros2_workspace/install/robot_action_pkg:/data2/Brinda/Documents/Reports/ROS2/my_ros2_workspace/install/robot_interfaces:/data2/Brinda/Documents/Reports/ROS2/my_ros2_workspace/install/robot_control_pkg:/data2/Brinda/Documents/Reports/ROS2/my_ros2_workspace/install/robot_comm_pkg:/data2/Brinda/Documents/Reports/ROS2/my_ros2_workspace/install/navigation_pkg:/data2/Brinda/Documents/Reports/ROS2/my_ros2_workspace/install/my_py_pkg:/data2/Brinda/Documents/Reports/ROS2/my_ros2_workspace/install/lidar_pkg:/data2/Brinda/Documents/Reports/ROS2/my_ros2_workspace/install/camera_pkg:/opt/ros/humble /usr/bin/cmake --build /data2/Brinda/Documents/Reports/ROS2/my_ros2_workspace/build/my_cpp_pkg -- -j16 -l16
[2.119s] DEBUG:colcon.colcon_core.event_handler.log_command:Invoking command in '/data2/Brinda/Documents/Reports/ROS2/my_ros2_workspace/build/my_cpp_pkg': CMAKE_PREFIX_PATH=${CMAKE_PREFIX_PATH}:/data2/Brinda/Documents/Reports/ROS2/my_ros2_workspace/install/vision_pkg:/data2/Brinda/Documents/Reports/ROS2/my_ros2_workspace/install/robot_service_pkg:/data2/Brinda/Documents/Reports/ROS2/my_ros2_workspace/install/robot_action_pkg:/data2/Brinda/Documents/Reports/ROS2/my_ros2_workspace/install/robot_interfaces:/data2/Brinda/Documents/Reports/ROS2/my_ros2_workspace/install/robot_control_pkg:/data2/Brinda/Documents/Reports/ROS2/my_ros2_workspace/install/robot_comm_pkg:/data2/Brinda/Documents/Reports/ROS2/my_ros2_workspace/install/navigation_pkg:/data2/Brinda/Documents/Reports/ROS2/my_ros2_workspace/install/my_py_pkg:/data2/Brinda/Documents/Reports/ROS2/my_ros2_workspace/install/lidar_pkg:/data2/Brinda/Documents/Reports/ROS2/my_ros2_workspace/install/camera_pkg:/opt/ros/humble /usr/bin/cmake --install /data2/Brinda/Documents/Reports/ROS2/my_ros2_workspace/build/my_cpp_pkg
[2.379s] INFO:colcon.colcon_core.task.python.build:Building Python package in '/data2/Brinda/Documents/Reports/ROS2/my_ros2_workspace/src/vision_pkg'
[2.380s] INFO:colcon.colcon_core.shell:Skip shell extension 'powershell' for command environment: Not usable outside of PowerShell
[2.380s] DEBUG:colcon.colcon_core.shell:Skip shell extension 'dsv' for command environment
[2.404s] Level 1:colcon.colcon_core.environment:create_environment_scripts_only(my_cpp_pkg)
[2.410s] Level 1:colcon.colcon_core.environment:checking '/data2/Brinda/Documents/Reports/ROS2/my_ros2_workspace/install/my_cpp_pkg' for CMake module files
[2.418s] Level 1:colcon.colcon_core.environment:checking '/data2/Brinda/Documents/Reports/ROS2/my_ros2_workspace/install/my_cpp_pkg' for CMake config files
[2.420s] DEBUG:colcon.colcon_core.event_handler.log_command:Invoked command in '/data2/Brinda/Documents/Reports/ROS2/my_ros2_workspace/build/my_cpp_pkg' returned '0': CMAKE_PREFIX_PATH=${CMAKE_PREFIX_PATH}:/data2/Brinda/Documents/Reports/ROS2/my_ros2_workspace/install/vision_pkg:/data2/Brinda/Documents/Reports/ROS2/my_ros2_workspace/install/robot_service_pkg:/data2/Brinda/Documents/Reports/ROS2/my_ros2_workspace/install/robot_action_pkg:/data2/Brinda/Documents/Reports/ROS2/my_ros2_workspace/install/robot_interfaces:/data2/Brinda/Documents/Reports/ROS2/my_ros2_workspace/install/robot_control_pkg:/data2/Brinda/Documents/Reports/ROS2/my_ros2_workspace/install/robot_comm_pkg:/data2/Brinda/Documents/Reports/ROS2/my_ros2_workspace/install/navigation_pkg:/data2/Brinda/Documents/Reports/ROS2/my_ros2_workspace/install/my_py_pkg:/data2/Brinda/Documents/Reports/ROS2/my_ros2_workspace/install/lidar_pkg:/data2/Brinda/Documents/Reports/ROS2/my_ros2_workspace/install/camera_pkg:/opt/ros/humble /usr/bin/cmake --install /data2/Brinda/Documents/Reports/ROS2/my_ros2_workspace/build/my_cpp_pkg
[2.427s] Level 1:colcon.colcon_core.shell:create_environment_hook('my_cpp_pkg', 'cmake_prefix_path')
[2.427s] INFO:colcon.colcon_core.shell:Creating environment hook '/data2/Brinda/Documents/Reports/ROS2/my_ros2_workspace/install/my_cpp_pkg/share/my_cpp_pkg/hook/cmake_prefix_path.ps1'
[2.428s] INFO:colcon.colcon_core.shell:Creating environment descriptor '/data2/Brinda/Documents/Reports/ROS2/my_ros2_workspace/install/my_cpp_pkg/share/my_cpp_pkg/hook/cmake_prefix_path.dsv'
[2.429s] INFO:colcon.colcon_core.shell:Creating environment hook '/data2/Brinda/Documents/Reports/ROS2/my_ros2_workspace/install/my_cpp_pkg/share/my_cpp_pkg/hook/cmake_prefix_path.sh'
[2.431s] Level 1:colcon.colcon_core.environment:checking '/data2/Brinda/Documents/Reports/ROS2/my_ros2_workspace/install/my_cpp_pkg/lib'
[2.432s] Level 1:colcon.colcon_core.environment:checking '/data2/Brinda/Documents/Reports/ROS2/my_ros2_workspace/install/my_cpp_pkg/bin'
[2.432s] Level 1:colcon.colcon_core.environment:checking '/data2/Brinda/Documents/Reports/ROS2/my_ros2_workspace/install/my_cpp_pkg/lib/pkgconfig/my_cpp_pkg.pc'
[2.432s] Level 1:colcon.colcon_core.environment:checking '/data2/Brinda/Documents/Reports/ROS2/my_ros2_workspace/install/my_cpp_pkg/lib/python3.10/site-packages'
[2.433s] Level 1:colcon.colcon_core.environment:checking '/data2/Brinda/Documents/Reports/ROS2/my_ros2_workspace/install/my_cpp_pkg/bin'
[2.433s] INFO:colcon.colcon_core.shell:Creating package script '/data2/Brinda/Documents/Reports/ROS2/my_ros2_workspace/install/my_cpp_pkg/share/my_cpp_pkg/package.ps1'
[2.435s] INFO:colcon.colcon_core.shell:Creating package descriptor '/data2/Brinda/Documents/Reports/ROS2/my_ros2_workspace/install/my_cpp_pkg/share/my_cpp_pkg/package.dsv'
[2.436s] INFO:colcon.colcon_core.shell:Creating package script '/data2/Brinda/Documents/Reports/ROS2/my_ros2_workspace/install/my_cpp_pkg/share/my_cpp_pkg/package.sh'
[2.438s] INFO:colcon.colcon_core.shell:Creating package script '/data2/Brinda/Documents/Reports/ROS2/my_ros2_workspace/install/my_cpp_pkg/share/my_cpp_pkg/package.bash'
[2.440s] INFO:colcon.colcon_core.shell:Creating package script '/data2/Brinda/Documents/Reports/ROS2/my_ros2_workspace/install/my_cpp_pkg/share/my_cpp_pkg/package.zsh'
[2.441s] Level 1:colcon.colcon_core.environment:create_file_with_runtime_dependencies(/data2/Brinda/Documents/Reports/ROS2/my_ros2_workspace/install/my_cpp_pkg/share/colcon-core/packages/my_cpp_pkg)
[2.443s] Level 1:colcon.colcon_core.environment:create_environment_scripts_only(my_cpp_pkg)
[2.443s] Level 1:colcon.colcon_core.environment:checking '/data2/Brinda/Documents/Reports/ROS2/my_ros2_workspace/install/my_cpp_pkg' for CMake module files
[2.450s] Level 1:colcon.colcon_core.environment:checking '/data2/Brinda/Documents/Reports/ROS2/my_ros2_workspace/install/my_cpp_pkg' for CMake config files
[2.458s] Level 1:colcon.colcon_core.shell:create_environment_hook('my_cpp_pkg', 'cmake_prefix_path')
[2.458s] INFO:colcon.colcon_core.shell:Creating environment hook '/data2/Brinda/Documents/Reports/ROS2/my_ros2_workspace/install/my_cpp_pkg/share/my_cpp_pkg/hook/cmake_prefix_path.ps1'
[2.460s] INFO:colcon.colcon_core.shell:Creating environment descriptor '/data2/Brinda/Documents/Reports/ROS2/my_ros2_workspace/install/my_cpp_pkg/share/my_cpp_pkg/hook/cmake_prefix_path.dsv'
[2.461s] INFO:colcon.colcon_core.shell:Creating environment hook '/data2/Brinda/Documents/Reports/ROS2/my_ros2_workspace/install/my_cpp_pkg/share/my_cpp_pkg/hook/cmake_prefix_path.sh'
[2.463s] Level 1:colcon.colcon_core.environment:checking '/data2/Brinda/Documents/Reports/ROS2/my_ros2_workspace/install/my_cpp_pkg/lib'
[2.463s] Level 1:colcon.colcon_core.environment:checking '/data2/Brinda/Documents/Reports/ROS2/my_ros2_workspace/install/my_cpp_pkg/bin'
[2.463s] Level 1:colcon.colcon_core.environment:checking '/data2/Brinda/Documents/Reports/ROS2/my_ros2_workspace/install/my_cpp_pkg/lib/pkgconfig/my_cpp_pkg.pc'
[2.464s] Level 1:colcon.colcon_core.environment:checking '/data2/Brinda/Documents/Reports/ROS2/my_ros2_workspace/install/my_cpp_pkg/lib/python3.10/site-packages'
[2.464s] Level 1:colcon.colcon_core.environment:checking '/data2/Brinda/Documents/Reports/ROS2/my_ros2_workspace/install/my_cpp_pkg/bin'
[2.465s] INFO:colcon.colcon_core.shell:Creating package script '/data2/Brinda/Documents/Reports/ROS2/my_ros2_workspace/install/my_cpp_pkg/share/my_cpp_pkg/package.ps1'
[2.466s] INFO:colcon.colcon_core.shell:Creating package descriptor '/data2/Brinda/Documents/Reports/ROS2/my_ros2_workspace/install/my_cpp_pkg/share/my_cpp_pkg/package.dsv'
[2.467s] INFO:colcon.colcon_core.shell:Creating package script '/data2/Brinda/Documents/Reports/ROS2/my_ros2_workspace/install/my_cpp_pkg/share/my_cpp_pkg/package.sh'
[2.468s] INFO:colcon.colcon_core.shell:Creating package script '/data2/Brinda/Documents/Reports/ROS2/my_ros2_workspace/install/my_cpp_pkg/share/my_cpp_pkg/package.bash'
[2.470s] INFO:colcon.colcon_core.shell:Creating package script '/data2/Brinda/Documents/Reports/ROS2/my_ros2_workspace/install/my_cpp_pkg/share/my_cpp_pkg/package.zsh'
[2.471s] Level 1:colcon.colcon_core.environment:create_file_with_runtime_dependencies(/data2/Brinda/Documents/Reports/ROS2/my_ros2_workspace/install/my_cpp_pkg/share/colcon-core/packages/my_cpp_pkg)
[2.475s] Level 1:colcon.colcon_core.environment:create_environment_scripts_only(basic_gazebo_robot)
[2.475s] Level 1:colcon.colcon_core.environment:checking '/data2/Brinda/Documents/Reports/ROS2/my_ros2_workspace/install/basic_gazebo_robot' for CMake module files
[2.475s] DEBUG:colcon.colcon_core.event_handler.log_command:Invoked command in '/data2/Brinda/Documents/Reports/ROS2/my_ros2_workspace/build/basic_gazebo_robot' returned '0': CMAKE_PREFIX_PATH=${CMAKE_PREFIX_PATH}:/data2/Brinda/Documents/Reports/ROS2/my_ros2_workspace/install/vision_pkg:/data2/Brinda/Documents/Reports/ROS2/my_ros2_workspace/install/robot_service_pkg:/data2/Brinda/Documents/Reports/ROS2/my_ros2_workspace/install/robot_action_pkg:/data2/Brinda/Documents/Reports/ROS2/my_ros2_workspace/install/robot_interfaces:/data2/Brinda/Documents/Reports/ROS2/my_ros2_workspace/install/robot_control_pkg:/data2/Brinda/Documents/Reports/ROS2/my_ros2_workspace/install/robot_comm_pkg:/data2/Brinda/Documents/Reports/ROS2/my_ros2_workspace/install/navigation_pkg:/data2/Brinda/Documents/Reports/ROS2/my_ros2_workspace/install/my_py_pkg:/data2/Brinda/Documents/Reports/ROS2/my_ros2_workspace/install/lidar_pkg:/data2/Brinda/Documents/Reports/ROS2/my_ros2_workspace/install/camera_pkg:/opt/ros/humble /usr/bin/cmake --install /data2/Brinda/Documents/Reports/ROS2/my_ros2_workspace/build/basic_gazebo_robot
[2.483s] Level 1:colcon.colcon_core.environment:checking '/data2/Brinda/Documents/Reports/ROS2/my_ros2_workspace/install/basic_gazebo_robot' for CMake config files
[2.490s] Level 1:colcon.colcon_core.shell:create_environment_hook('basic_gazebo_robot', 'cmake_prefix_path')
[2.490s] INFO:colcon.colcon_core.shell:Creating environment hook '/data2/Brinda/Documents/Reports/ROS2/my_ros2_workspace/install/basic_gazebo_robot/share/basic_gazebo_robot/hook/cmake_prefix_path.ps1'
[2.492s] INFO:colcon.colcon_core.shell:Creating environment descriptor '/data2/Brinda/Documents/Reports/ROS2/my_ros2_workspace/install/basic_gazebo_robot/share/basic_gazebo_robot/hook/cmake_prefix_path.dsv'
[2.493s] INFO:colcon.colcon_core.shell:Creating environment hook '/data2/Brinda/Documents/Reports/ROS2/my_ros2_workspace/install/basic_gazebo_robot/share/basic_gazebo_robot/hook/cmake_prefix_path.sh'
[2.494s] Level 1:colcon.colcon_core.environment:checking '/data2/Brinda/Documents/Reports/ROS2/my_ros2_workspace/install/basic_gazebo_robot/bin'
[2.495s] Level 1:colcon.colcon_core.environment:checking '/data2/Brinda/Documents/Reports/ROS2/my_ros2_workspace/install/basic_gazebo_robot/lib/pkgconfig/basic_gazebo_robot.pc'
[2.495s] Level 1:colcon.colcon_core.environment:checking '/data2/Brinda/Documents/Reports/ROS2/my_ros2_workspace/install/basic_gazebo_robot/lib/python3.10/site-packages'
[2.495s] Level 1:colcon.colcon_core.environment:checking '/data2/Brinda/Documents/Reports/ROS2/my_ros2_workspace/install/basic_gazebo_robot/bin'
[2.496s] INFO:colcon.colcon_core.shell:Creating package script '/data2/Brinda/Documents/Reports/ROS2/my_ros2_workspace/install/basic_gazebo_robot/share/basic_gazebo_robot/package.ps1'
[2.497s] INFO:colcon.colcon_core.shell:Creating package descriptor '/data2/Brinda/Documents/Reports/ROS2/my_ros2_workspace/install/basic_gazebo_robot/share/basic_gazebo_robot/package.dsv'
[2.498s] INFO:colcon.colcon_core.shell:Creating package script '/data2/Brinda/Documents/Reports/ROS2/my_ros2_workspace/install/basic_gazebo_robot/share/basic_gazebo_robot/package.sh'
[2.499s] INFO:colcon.colcon_core.shell:Creating package script '/data2/Brinda/Documents/Reports/ROS2/my_ros2_workspace/install/basic_gazebo_robot/share/basic_gazebo_robot/package.bash'
[2.501s] INFO:colcon.colcon_core.shell:Creating package script '/data2/Brinda/Documents/Reports/ROS2/my_ros2_workspace/install/basic_gazebo_robot/share/basic_gazebo_robot/package.zsh'
[2.502s] Level 1:colcon.colcon_core.environment:create_file_with_runtime_dependencies(/data2/Brinda/Documents/Reports/ROS2/my_ros2_workspace/install/basic_gazebo_robot/share/colcon-core/packages/basic_gazebo_robot)
[2.505s] Level 1:colcon.colcon_core.environment:create_environment_scripts_only(basic_gazebo_robot)
[2.505s] Level 1:colcon.colcon_core.environment:checking '/data2/Brinda/Documents/Reports/ROS2/my_ros2_workspace/install/basic_gazebo_robot' for CMake module files
[2.512s] Level 1:colcon.colcon_core.environment:checking '/data2/Brinda/Documents/Reports/ROS2/my_ros2_workspace/install/basic_gazebo_robot' for CMake config files
[2.518s] Level 1:colcon.colcon_core.shell:create_environment_hook('basic_gazebo_robot', 'cmake_prefix_path')
[2.518s] INFO:colcon.colcon_core.shell:Creating environment hook '/data2/Brinda/Documents/Reports/ROS2/my_ros2_workspace/install/basic_gazebo_robot/share/basic_gazebo_robot/hook/cmake_prefix_path.ps1'
[2.520s] INFO:colcon.colcon_core.shell:Creating environment descriptor '/data2/Brinda/Documents/Reports/ROS2/my_ros2_workspace/install/basic_gazebo_robot/share/basic_gazebo_robot/hook/cmake_prefix_path.dsv'
[2.521s] INFO:colcon.colcon_core.shell:Creating environment hook '/data2/Brinda/Documents/Reports/ROS2/my_ros2_workspace/install/basic_gazebo_robot/share/basic_gazebo_robot/hook/cmake_prefix_path.sh'
[2.523s] Level 1:colcon.colcon_core.environment:checking '/data2/Brinda/Documents/Reports/ROS2/my_ros2_workspace/install/basic_gazebo_robot/bin'
[2.524s] Level 1:colcon.colcon_core.environment:checking '/data2/Brinda/Documents/Reports/ROS2/my_ros2_workspace/install/basic_gazebo_robot/lib/pkgconfig/basic_gazebo_robot.pc'
[2.524s] Level 1:colcon.colcon_core.environment:checking '/data2/Brinda/Documents/Reports/ROS2/my_ros2_workspace/install/basic_gazebo_robot/lib/python3.10/site-packages'
[2.524s] Level 1:colcon.colcon_core.environment:checking '/data2/Brinda/Documents/Reports/ROS2/my_ros2_workspace/install/basic_gazebo_robot/bin'
[2.525s] INFO:colcon.colcon_core.shell:Creating package script '/data2/Brinda/Documents/Reports/ROS2/my_ros2_workspace/install/basic_gazebo_robot/share/basic_gazebo_robot/package.ps1'
[2.526s] INFO:colcon.colcon_core.shell:Creating package descriptor '/data2/Brinda/Documents/Reports/ROS2/my_ros2_workspace/install/basic_gazebo_robot/share/basic_gazebo_robot/package.dsv'
[2.527s] INFO:colcon.colcon_core.shell:Creating package script '/data2/Brinda/Documents/Reports/ROS2/my_ros2_workspace/install/basic_gazebo_robot/share/basic_gazebo_robot/package.sh'
[2.529s] INFO:colcon.colcon_core.shell:Creating package script '/data2/Brinda/Documents/Reports/ROS2/my_ros2_workspace/install/basic_gazebo_robot/share/basic_gazebo_robot/package.bash'
[2.530s] INFO:colcon.colcon_core.shell:Creating package script '/data2/Brinda/Documents/Reports/ROS2/my_ros2_workspace/install/basic_gazebo_robot/share/basic_gazebo_robot/package.zsh'
[2.531s] Level 1:colcon.colcon_core.environment:create_file_with_runtime_dependencies(/data2/Brinda/Documents/Reports/ROS2/my_ros2_workspace/install/basic_gazebo_robot/share/colcon-core/packages/basic_gazebo_robot)
[2.532s] Level 1:colcon.colcon_core.environment:create_environment_scripts_only(robot_interfaces)
[2.533s] Level 1:colcon.colcon_core.environment:checking '/data2/Brinda/Documents/Reports/ROS2/my_ros2_workspace/install/robot_interfaces' for CMake module files
[2.533s] DEBUG:colcon.colcon_core.event_handler.log_command:Invoked command in '/data2/Brinda/Documents/Reports/ROS2/my_ros2_workspace/build/robot_interfaces' returned '0': CMAKE_PREFIX_PATH=${CMAKE_PREFIX_PATH}:/data2/Brinda/Documents/Reports/ROS2/my_ros2_workspace/install/vision_pkg:/data2/Brinda/Documents/Reports/ROS2/my_ros2_workspace/install/robot_service_pkg:/data2/Brinda/Documents/Reports/ROS2/my_ros2_workspace/install/robot_action_pkg:/data2/Brinda/Documents/Reports/ROS2/my_ros2_workspace/install/robot_interfaces:/data2/Brinda/Documents/Reports/ROS2/my_ros2_workspace/install/robot_control_pkg:/data2/Brinda/Documents/Reports/ROS2/my_ros2_workspace/install/robot_comm_pkg:/data2/Brinda/Documents/Reports/ROS2/my_ros2_workspace/install/navigation_pkg:/data2/Brinda/Documents/Reports/ROS2/my_ros2_workspace/install/my_py_pkg:/data2/Brinda/Documents/Reports/ROS2/my_ros2_workspace/install/lidar_pkg:/data2/Brinda/Documents/Reports/ROS2/my_ros2_workspace/install/camera_pkg:/opt/ros/humble /usr/bin/cmake --install /data2/Brinda/Documents/Reports/ROS2/my_ros2_workspace/build/robot_interfaces
[2.546s] Level 1:colcon.colcon_core.environment:checking '/data2/Brinda/Documents/Reports/ROS2/my_ros2_workspace/install/robot_interfaces' for CMake config files
[2.572s] Level 1:colcon.colcon_core.shell:create_environment_hook('robot_interfaces', 'cmake_prefix_path')
[2.573s] INFO:colcon.colcon_core.shell:Creating environment hook '/data2/Brinda/Documents/Reports/ROS2/my_ros2_workspace/install/robot_interfaces/share/robot_interfaces/hook/cmake_prefix_path.ps1'
[2.574s] INFO:colcon.colcon_core.shell:Creating environment descriptor '/data2/Brinda/Documents/Reports/ROS2/my_ros2_workspace/install/robot_interfaces/share/robot_interfaces/hook/cmake_prefix_path.dsv'
[2.575s] INFO:colcon.colcon_core.shell:Creating environment hook '/data2/Brinda/Documents/Reports/ROS2/my_ros2_workspace/install/robot_interfaces/share/robot_interfaces/hook/cmake_prefix_path.sh'
[2.576s] Level 1:colcon.colcon_core.environment:checking '/data2/Brinda/Documents/Reports/ROS2/my_ros2_workspace/install/robot_interfaces/lib'
[2.577s] Level 1:colcon.colcon_core.shell:create_environment_hook('robot_interfaces', 'ld_library_path_lib')
[2.577s] INFO:colcon.colcon_core.shell:Creating environment hook '/data2/Brinda/Documents/Reports/ROS2/my_ros2_workspace/install/robot_interfaces/share/robot_interfaces/hook/ld_library_path_lib.ps1'
[2.578s] INFO:colcon.colcon_core.shell:Creating environment descriptor '/data2/Brinda/Documents/Reports/ROS2/my_ros2_workspace/install/robot_interfaces/share/robot_interfaces/hook/ld_library_path_lib.dsv'
[2.578s] INFO:colcon.colcon_core.shell:Creating environment hook '/data2/Brinda/Documents/Reports/ROS2/my_ros2_workspace/install/robot_interfaces/share/robot_interfaces/hook/ld_library_path_lib.sh'
[2.579s] Level 1:colcon.colcon_core.environment:checking '/data2/Brinda/Documents/Reports/ROS2/my_ros2_workspace/install/robot_interfaces/bin'
[2.580s] Level 1:colcon.colcon_core.environment:checking '/data2/Brinda/Documents/Reports/ROS2/my_ros2_workspace/install/robot_interfaces/lib/pkgconfig/robot_interfaces.pc'
[2.580s] Level 1:colcon.colcon_core.environment:checking '/data2/Brinda/Documents/Reports/ROS2/my_ros2_workspace/install/robot_interfaces/lib/python3.10/site-packages'
[2.580s] Level 1:colcon.colcon_core.environment:checking '/data2/Brinda/Documents/Reports/ROS2/my_ros2_workspace/install/robot_interfaces/bin'
[2.581s] INFO:colcon.colcon_core.shell:Creating package script '/data2/Brinda/Documents/Reports/ROS2/my_ros2_workspace/install/robot_interfaces/share/robot_interfaces/package.ps1'
[2.582s] INFO:colcon.colcon_core.shell:Creating package descriptor '/data2/Brinda/Documents/Reports/ROS2/my_ros2_workspace/install/robot_interfaces/share/robot_interfaces/package.dsv'
[2.584s] INFO:colcon.colcon_core.shell:Creating package script '/data2/Brinda/Documents/Reports/ROS2/my_ros2_workspace/install/robot_interfaces/share/robot_interfaces/package.sh'
[2.585s] INFO:colcon.colcon_core.shell:Creating package script '/data2/Brinda/Documents/Reports/ROS2/my_ros2_workspace/install/robot_interfaces/share/robot_interfaces/package.bash'
[2.587s] INFO:colcon.colcon_core.shell:Creating package script '/data2/Brinda/Documents/Reports/ROS2/my_ros2_workspace/install/robot_interfaces/share/robot_interfaces/package.zsh'
[2.588s] Level 1:colcon.colcon_core.environment:create_file_with_runtime_dependencies(/data2/Brinda/Documents/Reports/ROS2/my_ros2_workspace/install/robot_interfaces/share/colcon-core/packages/robot_interfaces)
[2.590s] Level 1:colcon.colcon_core.environment:create_environment_scripts_only(robot_interfaces)
[2.590s] Level 1:colcon.colcon_core.environment:checking '/data2/Brinda/Documents/Reports/ROS2/my_ros2_workspace/install/robot_interfaces' for CMake module files
[2.599s] Level 1:colcon.colcon_core.environment:checking '/data2/Brinda/Documents/Reports/ROS2/my_ros2_workspace/install/robot_interfaces' for CMake config files
[2.622s] Level 1:colcon.colcon_core.shell:create_environment_hook('robot_interfaces', 'cmake_prefix_path')
[2.622s] INFO:colcon.colcon_core.shell:Creating environment hook '/data2/Brinda/Documents/Reports/ROS2/my_ros2_workspace/install/robot_interfaces/share/robot_interfaces/hook/cmake_prefix_path.ps1'
[2.624s] INFO:colcon.colcon_core.shell:Creating environment descriptor '/data2/Brinda/Documents/Reports/ROS2/my_ros2_workspace/install/robot_interfaces/share/robot_interfaces/hook/cmake_prefix_path.dsv'
[2.625s] INFO:colcon.colcon_core.shell:Creating environment hook '/data2/Brinda/Documents/Reports/ROS2/my_ros2_workspace/install/robot_interfaces/share/robot_interfaces/hook/cmake_prefix_path.sh'
[2.627s] Level 1:colcon.colcon_core.environment:checking '/data2/Brinda/Documents/Reports/ROS2/my_ros2_workspace/install/robot_interfaces/lib'
[2.627s] Level 1:colcon.colcon_core.shell:create_environment_hook('robot_interfaces', 'ld_library_path_lib')
[2.628s] INFO:colcon.colcon_core.shell:Creating environment hook '/data2/Brinda/Documents/Reports/ROS2/my_ros2_workspace/install/robot_interfaces/share/robot_interfaces/hook/ld_library_path_lib.ps1'
[2.628s] INFO:colcon.colcon_core.shell:Creating environment descriptor '/data2/Brinda/Documents/Reports/ROS2/my_ros2_workspace/install/robot_interfaces/share/robot_interfaces/hook/ld_library_path_lib.dsv'
[2.629s] INFO:colcon.colcon_core.shell:Creating environment hook '/data2/Brinda/Documents/Reports/ROS2/my_ros2_workspace/install/robot_interfaces/share/robot_interfaces/hook/ld_library_path_lib.sh'
[2.630s] Level 1:colcon.colcon_core.environment:checking '/data2/Brinda/Documents/Reports/ROS2/my_ros2_workspace/install/robot_interfaces/bin'
[2.630s] Level 1:colcon.colcon_core.environment:checking '/data2/Brinda/Documents/Reports/ROS2/my_ros2_workspace/install/robot_interfaces/lib/pkgconfig/robot_interfaces.pc'
[2.630s] Level 1:colcon.colcon_core.environment:checking '/data2/Brinda/Documents/Reports/ROS2/my_ros2_workspace/install/robot_interfaces/lib/python3.10/site-packages'
[2.630s] Level 1:colcon.colcon_core.environment:checking '/data2/Brinda/Documents/Reports/ROS2/my_ros2_workspace/install/robot_interfaces/bin'
[2.631s] INFO:colcon.colcon_core.shell:Creating package script '/data2/Brinda/Documents/Reports/ROS2/my_ros2_workspace/install/robot_interfaces/share/robot_interfaces/package.ps1'
[2.632s] INFO:colcon.colcon_core.shell:Creating package descriptor '/data2/Brinda/Documents/Reports/ROS2/my_ros2_workspace/install/robot_interfaces/share/robot_interfaces/package.dsv'
[2.632s] INFO:colcon.colcon_core.shell:Creating package script '/data2/Brinda/Documents/Reports/ROS2/my_ros2_workspace/install/robot_interfaces/share/robot_interfaces/package.sh'
[2.633s] INFO:colcon.colcon_core.shell:Creating package script '/data2/Brinda/Documents/Reports/ROS2/my_ros2_workspace/install/robot_interfaces/share/robot_interfaces/package.bash'
[2.634s] INFO:colcon.colcon_core.shell:Creating package script '/data2/Brinda/Documents/Reports/ROS2/my_ros2_workspace/install/robot_interfaces/share/robot_interfaces/package.zsh'
[2.635s] Level 1:colcon.colcon_core.environment:create_file_with_runtime_dependencies(/data2/Brinda/Documents/Reports/ROS2/my_ros2_workspace/install/robot_interfaces/share/colcon-core/packages/robot_interfaces)
[2.639s] INFO:colcon.colcon_ros.task.ament_python.build:Building ROS package in '/data2/Brinda/Documents/Reports/ROS2/my_ros2_workspace/src/robot_action_pkg' with build type 'ament_python'
[2.639s] Level 1:colcon.colcon_core.shell:create_environment_hook('robot_action_pkg', 'ament_prefix_path')
[2.639s] INFO:colcon.colcon_core.shell:Creating environment hook '/data2/Brinda/Documents/Reports/ROS2/my_ros2_workspace/install/robot_action_pkg/share/robot_action_pkg/hook/ament_prefix_path.ps1'
[2.641s] INFO:colcon.colcon_core.shell:Creating environment descriptor '/data2/Brinda/Documents/Reports/ROS2/my_ros2_workspace/install/robot_action_pkg/share/robot_action_pkg/hook/ament_prefix_path.dsv'
[2.642s] INFO:colcon.colcon_core.shell:Creating environment hook '/data2/Brinda/Documents/Reports/ROS2/my_ros2_workspace/install/robot_action_pkg/share/robot_action_pkg/hook/ament_prefix_path.sh'
[2.643s] INFO:colcon.colcon_core.shell:Skip shell extension 'powershell' for command environment: Not usable outside of PowerShell
[2.643s] DEBUG:colcon.colcon_core.shell:Skip shell extension 'dsv' for command environment
[2.992s] INFO:colcon.colcon_core.task.python.build:Building Python package in '/data2/Brinda/Documents/Reports/ROS2/my_ros2_workspace/src/robot_action_pkg'
[2.992s] INFO:colcon.colcon_core.shell:Skip shell extension 'powershell' for command environment: Not usable outside of PowerShell
[2.992s] DEBUG:colcon.colcon_core.shell:Skip shell extension 'dsv' for command environment
[3.121s] DEBUG:colcon.colcon_core.event_handler.log_command:Invoking command in '/data2/Brinda/Documents/Reports/ROS2/my_ros2_workspace/build/robot_service_pkg': PYTHONPATH=/data2/Brinda/Documents/Reports/ROS2/my_ros2_workspace/build/robot_service_pkg/prefix_override:/usr/lib/python3/dist-packages/colcon_core/task/python/colcon_distutils_commands:/data2/Brinda/Documents/Reports/ROS2/my_ros2_workspace/install/robot_service_pkg/lib/python3.10/site-packages:${PYTHONPATH} /usr/bin/python3 -W ignore:setup.py install is deprecated -W ignore:easy_install command is deprecated setup.py develop --editable --build-directory /data2/Brinda/Documents/Reports/ROS2/my_ros2_workspace/build/robot_service_pkg/build --no-deps symlink_data
[3.128s] DEBUG:colcon.colcon_core.event_handler.log_command:Invoking command in '/data2/Brinda/Documents/Reports/ROS2/my_ros2_workspace/build/lidar_pkg': PYTHONPATH=/data2/Brinda/Documents/Reports/ROS2/my_ros2_workspace/build/lidar_pkg/prefix_override:/usr/lib/python3/dist-packages/colcon_core/task/python/colcon_distutils_commands:/data2/Brinda/Documents/Reports/ROS2/my_ros2_workspace/install/lidar_pkg/lib/python3.10/site-packages:${PYTHONPATH} /usr/bin/python3 -W ignore:setup.py install is deprecated -W ignore:easy_install command is deprecated setup.py develop --editable --build-directory /data2/Brinda/Documents/Reports/ROS2/my_ros2_workspace/build/lidar_pkg/build --no-deps symlink_data
[3.133s] DEBUG:colcon.colcon_core.event_handler.log_command:Invoking command in '/data2/Brinda/Documents/Reports/ROS2/my_ros2_workspace/build/camera_pkg': PYTHONPATH=/data2/Brinda/Documents/Reports/ROS2/my_ros2_workspace/build/camera_pkg/prefix_override:/usr/lib/python3/dist-packages/colcon_core/task/python/colcon_distutils_commands:/data2/Brinda/Documents/Reports/ROS2/my_ros2_workspace/install/camera_pkg/lib/python3.10/site-packages:${PYTHONPATH} /usr/bin/python3 -W ignore:setup.py install is deprecated -W ignore:easy_install command is deprecated setup.py develop --editable --build-directory /data2/Brinda/Documents/Reports/ROS2/my_ros2_workspace/build/camera_pkg/build --no-deps symlink_data
[3.140s] DEBUG:colcon.colcon_core.event_handler.log_command:Invoking command in '/data2/Brinda/Documents/Reports/ROS2/my_ros2_workspace/build/navigation_pkg': PYTHONPATH=/data2/Brinda/Documents/Reports/ROS2/my_ros2_workspace/build/navigation_pkg/prefix_override:/usr/lib/python3/dist-packages/colcon_core/task/python/colcon_distutils_commands:/data2/Brinda/Documents/Reports/ROS2/my_ros2_workspace/install/navigation_pkg/lib/python3.10/site-packages:${PYTHONPATH} /usr/bin/python3 -W ignore:setup.py install is deprecated -W ignore:easy_install command is deprecated setup.py develop --editable --build-directory /data2/Brinda/Documents/Reports/ROS2/my_ros2_workspace/build/navigation_pkg/build --no-deps symlink_data
[3.147s] DEBUG:colcon.colcon_core.event_handler.log_command:Invoking command in '/data2/Brinda/Documents/Reports/ROS2/my_ros2_workspace/build/my_py_pkg': PYTHONPATH=/data2/Brinda/Documents/Reports/ROS2/my_ros2_workspace/build/my_py_pkg/prefix_override:/usr/lib/python3/dist-packages/colcon_core/task/python/colcon_distutils_commands:/data2/Brinda/Documents/Reports/ROS2/my_ros2_workspace/install/my_py_pkg/lib/python3.10/site-packages:${PYTHONPATH} /usr/bin/python3 -W ignore:setup.py install is deprecated -W ignore:easy_install command is deprecated setup.py develop --editable --build-directory /data2/Brinda/Documents/Reports/ROS2/my_ros2_workspace/build/my_py_pkg/build --no-deps symlink_data
[3.155s] DEBUG:colcon.colcon_core.event_handler.log_command:Invoking command in '/data2/Brinda/Documents/Reports/ROS2/my_ros2_workspace/build/robot_comm_pkg': PYTHONPATH=/data2/Brinda/Documents/Reports/ROS2/my_ros2_workspace/build/robot_comm_pkg/prefix_override:/usr/lib/python3/dist-packages/colcon_core/task/python/colcon_distutils_commands:/data2/Brinda/Documents/Reports/ROS2/my_ros2_workspace/install/robot_comm_pkg/lib/python3.10/site-packages:${PYTHONPATH} /usr/bin/python3 -W ignore:setup.py install is deprecated -W ignore:easy_install command is deprecated setup.py develop --editable --build-directory /data2/Brinda/Documents/Reports/ROS2/my_ros2_workspace/build/robot_comm_pkg/build --no-deps symlink_data
[3.164s] DEBUG:colcon.colcon_core.event_handler.log_command:Invoking command in '/data2/Brinda/Documents/Reports/ROS2/my_ros2_workspace/build/robot_control_pkg': PYTHONPATH=/data2/Brinda/Documents/Reports/ROS2/my_ros2_workspace/build/robot_control_pkg/prefix_override:/usr/lib/python3/dist-packages/colcon_core/task/python/colcon_distutils_commands:/data2/Brinda/Documents/Reports/ROS2/my_ros2_workspace/install/robot_control_pkg/lib/python3.10/site-packages:${PYTHONPATH} /usr/bin/python3 -W ignore:setup.py install is deprecated -W ignore:easy_install command is deprecated setup.py develop --editable --build-directory /data2/Brinda/Documents/Reports/ROS2/my_ros2_workspace/build/robot_control_pkg/build --no-deps symlink_data
[3.225s] DEBUG:colcon.colcon_core.event_handler.log_command:Invoking command in '/data2/Brinda/Documents/Reports/ROS2/my_ros2_workspace/build/vision_pkg': PYTHONPATH=/data2/Brinda/Documents/Reports/ROS2/my_ros2_workspace/build/vision_pkg/prefix_override:/usr/lib/python3/dist-packages/colcon_core/task/python/colcon_distutils_commands:/data2/Brinda/Documents/Reports/ROS2/my_ros2_workspace/install/vision_pkg/lib/python3.10/site-packages:${PYTHONPATH} /usr/bin/python3 -W ignore:setup.py install is deprecated -W ignore:easy_install command is deprecated setup.py develop --editable --build-directory /data2/Brinda/Documents/Reports/ROS2/my_ros2_workspace/build/vision_pkg/build --no-deps symlink_data
[3.530s] DEBUG:colcon.colcon_core.event_handler.log_command:Invoked command in '/data2/Brinda/Documents/Reports/ROS2/my_ros2_workspace/build/robot_service_pkg' returned '1': PYTHONPATH=/data2/Brinda/Documents/Reports/ROS2/my_ros2_workspace/build/robot_service_pkg/prefix_override:/usr/lib/python3/dist-packages/colcon_core/task/python/colcon_distutils_commands:/data2/Brinda/Documents/Reports/ROS2/my_ros2_workspace/install/robot_service_pkg/lib/python3.10/site-packages:${PYTHONPATH} /usr/bin/python3 -W ignore:setup.py install is deprecated -W ignore:easy_install command is deprecated setup.py develop --editable --build-directory /data2/Brinda/Documents/Reports/ROS2/my_ros2_workspace/build/robot_service_pkg/build --no-deps symlink_data
[3.636s] DEBUG:colcon.colcon_parallel_executor.executor.parallel:closing loop
[3.636s] DEBUG:colcon.colcon_parallel_executor.executor.parallel:loop closed
[3.636s] DEBUG:colcon.colcon_parallel_executor.executor.parallel:run_until_complete finished with '1'
[3.636s] DEBUG:colcon.colcon_core.event_reactor:joining thread
[3.642s] INFO:colcon.colcon_core.plugin_system:Skipping extension 'colcon_notification.desktop_notification.terminal_notifier': Not used on non-Darwin systems
[3.642s] INFO:colcon.colcon_core.plugin_system:Skipping extension 'colcon_notification.desktop_notification.win32': Not used on non-Windows systems
[3.643s] INFO:colcon.colcon_notification.desktop_notification:Sending desktop notification using 'notify2'
[3.649s] DEBUG:colcon.colcon_core.event_reactor:joined thread
[3.649s] INFO:colcon.colcon_core.shell:Creating prefix script '/data2/Brinda/Documents/Reports/ROS2/my_ros2_workspace/install/local_setup.ps1'
[3.650s] INFO:colcon.colcon_core.shell:Creating prefix util module '/data2/Brinda/Documents/Reports/ROS2/my_ros2_workspace/install/_local_setup_util_ps1.py'
[3.651s] INFO:colcon.colcon_core.shell:Creating prefix chain script '/data2/Brinda/Documents/Reports/ROS2/my_ros2_workspace/install/setup.ps1'
[3.655s] INFO:colcon.colcon_core.shell:Creating prefix script '/data2/Brinda/Documents/Reports/ROS2/my_ros2_workspace/install/local_setup.sh'
[3.655s] INFO:colcon.colcon_core.shell:Creating prefix util module '/data2/Brinda/Documents/Reports/ROS2/my_ros2_workspace/install/_local_setup_util_sh.py'
[3.656s] INFO:colcon.colcon_core.shell:Creating prefix chain script '/data2/Brinda/Documents/Reports/ROS2/my_ros2_workspace/install/setup.sh'
[3.659s] INFO:colcon.colcon_core.shell:Creating prefix script '/data2/Brinda/Documents/Reports/ROS2/my_ros2_workspace/install/local_setup.bash'
[3.660s] INFO:colcon.colcon_core.shell:Creating prefix chain script '/data2/Brinda/Documents/Reports/ROS2/my_ros2_workspace/install/setup.bash'
[3.663s] INFO:colcon.colcon_core.shell:Creating prefix script '/data2/Brinda/Documents/Reports/ROS2/my_ros2_workspace/install/local_setup.zsh'
[3.663s] INFO:colcon.colcon_core.shell:Creating prefix chain script '/data2/Brinda/Documents/Reports/ROS2/my_ros2_workspace/install/setup.zsh'
