[0.072s] DEBUG:colcon:Command line arguments: ['/usr/bin/colcon', 'build']
[0.072s] DEBUG:colcon:Parsed command line arguments: Namespace(log_base=None, log_level=None, verb_name='build', build_base='build', install_base='install', merge_install=False, symlink_install=False, test_result_base=None, continue_on_error=False, executor='parallel', parallel_workers=16, event_handlers=None, ignore_user_meta=False, metas=['./colcon.meta'], base_paths=['.'], packages_ignore=None, packages_ignore_regex=None, paths=None, packages_up_to=None, packages_up_to_regex=None, packages_above=None, packages_above_and_dependencies=None, packages_above_depth=None, packages_select_by_dep=None, packages_skip_by_dep=None, packages_skip_up_to=None, packages_select_build_failed=False, packages_skip_build_finished=False, packages_select_test_failures=False, packages_skip_test_passed=False, packages_select=None, packages_skip=None, packages_select_regex=None, packages_skip_regex=None, packages_start=None, packages_end=None, allow_overriding=[], cmake_args=None, cmake_target=None, cmake_target_skip_unavailable=False, cmake_clean_cache=False, cmake_clean_first=False, cmake_force_configure=False, ament_cmake_args=None, catkin_cmake_args=None, catkin_skip_building_tests=False, mixin_files=None, mixin=None, verb_parser=<colcon_mixin.mixin.mixin_argument.MixinArgumentDecorator object at 0x7d0427c45600>, verb_extension=<colcon_core.verb.build.BuildVerb object at 0x7d0427c45090>, main=<bound method BuildVerb.main of <colcon_core.verb.build.BuildVerb object at 0x7d0427c45090>>, mixin_verb=('build',))
[0.096s] Level 1:colcon.colcon_core.package_discovery:discover_packages(colcon_meta) check parameters
[0.096s] Level 1:colcon.colcon_core.package_discovery:discover_packages(recursive) check parameters
[0.096s] Level 1:colcon.colcon_core.package_discovery:discover_packages(ignore) check parameters
[0.096s] Level 1:colcon.colcon_core.package_discovery:discover_packages(path) check parameters
[0.096s] Level 1:colcon.colcon_core.package_discovery:discover_packages(colcon_meta) discover
[0.096s] Level 1:colcon.colcon_core.package_discovery:discover_packages(recursive) discover
[0.096s] INFO:colcon.colcon_core.package_discovery:Crawling recursively for packages in '/data2/Brinda/Documents/Reports/ROS2/my_ros2_workspace'
[0.096s] Level 1:colcon.colcon_core.package_identification:_identify(.) by extensions ['ignore', 'ignore_ament_install']
[0.096s] Level 1:colcon.colcon_core.package_identification:_identify(.) by extension 'ignore'
[0.097s] Level 1:colcon.colcon_core.package_identification:_identify(.) by extension 'ignore_ament_install'
[0.097s] Level 1:colcon.colcon_core.package_identification:_identify(.) by extensions ['colcon_pkg']
[0.097s] Level 1:colcon.colcon_core.package_identification:_identify(.) by extension 'colcon_pkg'
[0.097s] Level 1:colcon.colcon_core.package_identification:_identify(.) by extensions ['colcon_meta']
[0.097s] Level 1:colcon.colcon_core.package_identification:_identify(.) by extension 'colcon_meta'
[0.097s] Level 1:colcon.colcon_core.package_identification:_identify(.) by extensions ['ros']
[0.097s] Level 1:colcon.colcon_core.package_identification:_identify(.) by extension 'ros'
[0.105s] Level 1:colcon.colcon_core.package_identification:_identify(.) by extensions ['cmake', 'python']
[0.105s] Level 1:colcon.colcon_core.package_identification:_identify(.) by extension 'cmake'
[0.106s] Level 1:colcon.colcon_core.package_identification:_identify(.) by extension 'python'
[0.106s] Level 1:colcon.colcon_core.package_identification:_identify(.) by extensions ['python_setup_py']
[0.106s] Level 1:colcon.colcon_core.package_identification:_identify(.) by extension 'python_setup_py'
[0.106s] Level 1:colcon.colcon_core.package_identification:_identify(build) by extensions ['ignore', 'ignore_ament_install']
[0.106s] Level 1:colcon.colcon_core.package_identification:_identify(build) by extension 'ignore'
[0.106s] Level 1:colcon.colcon_core.package_identification:_identify(build) ignored
[0.106s] Level 1:colcon.colcon_core.package_identification:_identify(install) by extensions ['ignore', 'ignore_ament_install']
[0.106s] Level 1:colcon.colcon_core.package_identification:_identify(install) by extension 'ignore'
[0.106s] Level 1:colcon.colcon_core.package_identification:_identify(install) ignored
[0.107s] Level 1:colcon.colcon_core.package_identification:_identify(log) by extensions ['ignore', 'ignore_ament_install']
[0.107s] Level 1:colcon.colcon_core.package_identification:_identify(log) by extension 'ignore'
[0.107s] Level 1:colcon.colcon_core.package_identification:_identify(log) ignored
[0.107s] Level 1:colcon.colcon_core.package_identification:_identify(robot_comm_pkg) by extensions ['ignore', 'ignore_ament_install']
[0.107s] Level 1:colcon.colcon_core.package_identification:_identify(robot_comm_pkg) by extension 'ignore'
[0.107s] Level 1:colcon.colcon_core.package_identification:_identify(robot_comm_pkg) by extension 'ignore_ament_install'
[0.107s] Level 1:colcon.colcon_core.package_identification:_identify(robot_comm_pkg) by extensions ['colcon_pkg']
[0.107s] Level 1:colcon.colcon_core.package_identification:_identify(robot_comm_pkg) by extension 'colcon_pkg'
[0.107s] Level 1:colcon.colcon_core.package_identification:_identify(robot_comm_pkg) by extensions ['colcon_meta']
[0.107s] Level 1:colcon.colcon_core.package_identification:_identify(robot_comm_pkg) by extension 'colcon_meta'
[0.107s] Level 1:colcon.colcon_core.package_identification:_identify(robot_comm_pkg) by extensions ['ros']
[0.107s] Level 1:colcon.colcon_core.package_identification:_identify(robot_comm_pkg) by extension 'ros'
[0.109s] DEBUG:colcon.colcon_core.package_identification:Package 'robot_comm_pkg' with type 'ros.ament_python' and name 'robot_comm_pkg'
[0.109s] Level 1:colcon.colcon_core.package_identification:_identify(src) by extensions ['ignore', 'ignore_ament_install']
[0.109s] Level 1:colcon.colcon_core.package_identification:_identify(src) by extension 'ignore'
[0.109s] Level 1:colcon.colcon_core.package_identification:_identify(src) by extension 'ignore_ament_install'
[0.109s] Level 1:colcon.colcon_core.package_identification:_identify(src) by extensions ['colcon_pkg']
[0.109s] Level 1:colcon.colcon_core.package_identification:_identify(src) by extension 'colcon_pkg'
[0.109s] Level 1:colcon.colcon_core.package_identification:_identify(src) by extensions ['colcon_meta']
[0.109s] Level 1:colcon.colcon_core.package_identification:_identify(src) by extension 'colcon_meta'
[0.110s] Level 1:colcon.colcon_core.package_identification:_identify(src) by extensions ['ros']
[0.110s] Level 1:colcon.colcon_core.package_identification:_identify(src) by extension 'ros'
[0.110s] Level 1:colcon.colcon_core.package_identification:_identify(src) by extensions ['cmake', 'python']
[0.110s] Level 1:colcon.colcon_core.package_identification:_identify(src) by extension 'cmake'
[0.110s] Level 1:colcon.colcon_core.package_identification:_identify(src) by extension 'python'
[0.110s] Level 1:colcon.colcon_core.package_identification:_identify(src) by extensions ['python_setup_py']
[0.110s] Level 1:colcon.colcon_core.package_identification:_identify(src) by extension 'python_setup_py'
[0.110s] Level 1:colcon.colcon_core.package_identification:_identify(src/basic_gazebo_robot) by extensions ['ignore', 'ignore_ament_install']
[0.110s] Level 1:colcon.colcon_core.package_identification:_identify(src/basic_gazebo_robot) by extension 'ignore'
[0.110s] Level 1:colcon.colcon_core.package_identification:_identify(src/basic_gazebo_robot) by extension 'ignore_ament_install'
[0.110s] Level 1:colcon.colcon_core.package_identification:_identify(src/basic_gazebo_robot) by extensions ['colcon_pkg']
[0.110s] Level 1:colcon.colcon_core.package_identification:_identify(src/basic_gazebo_robot) by extension 'colcon_pkg'
[0.110s] Level 1:colcon.colcon_core.package_identification:_identify(src/basic_gazebo_robot) by extensions ['colcon_meta']
[0.110s] Level 1:colcon.colcon_core.package_identification:_identify(src/basic_gazebo_robot) by extension 'colcon_meta'
[0.111s] Level 1:colcon.colcon_core.package_identification:_identify(src/basic_gazebo_robot) by extensions ['ros']
[0.111s] Level 1:colcon.colcon_core.package_identification:_identify(src/basic_gazebo_robot) by extension 'ros'
[0.111s] DEBUG:colcon.colcon_core.package_identification:Package 'src/basic_gazebo_robot' with type 'ros.ament_cmake' and name 'basic_gazebo_robot'
[0.111s] Level 1:colcon.colcon_core.package_identification:_identify(src/camera_pkg) by extensions ['ignore', 'ignore_ament_install']
[0.111s] Level 1:colcon.colcon_core.package_identification:_identify(src/camera_pkg) by extension 'ignore'
[0.111s] Level 1:colcon.colcon_core.package_identification:_identify(src/camera_pkg) by extension 'ignore_ament_install'
[0.112s] Level 1:colcon.colcon_core.package_identification:_identify(src/camera_pkg) by extensions ['colcon_pkg']
[0.112s] Level 1:colcon.colcon_core.package_identification:_identify(src/camera_pkg) by extension 'colcon_pkg'
[0.112s] Level 1:colcon.colcon_core.package_identification:_identify(src/camera_pkg) by extensions ['colcon_meta']
[0.112s] Level 1:colcon.colcon_core.package_identification:_identify(src/camera_pkg) by extension 'colcon_meta'
[0.112s] Level 1:colcon.colcon_core.package_identification:_identify(src/camera_pkg) by extensions ['ros']
[0.112s] Level 1:colcon.colcon_core.package_identification:_identify(src/camera_pkg) by extension 'ros'
[0.112s] DEBUG:colcon.colcon_core.package_identification:Package 'src/camera_pkg' with type 'ros.ament_python' and name 'camera_pkg'
[0.113s] Level 1:colcon.colcon_core.package_identification:_identify(src/launch) by extensions ['ignore', 'ignore_ament_install']
[0.113s] Level 1:colcon.colcon_core.package_identification:_identify(src/launch) by extension 'ignore'
[0.113s] Level 1:colcon.colcon_core.package_identification:_identify(src/launch) by extension 'ignore_ament_install'
[0.113s] Level 1:colcon.colcon_core.package_identification:_identify(src/launch) by extensions ['colcon_pkg']
[0.113s] Level 1:colcon.colcon_core.package_identification:_identify(src/launch) by extension 'colcon_pkg'
[0.113s] Level 1:colcon.colcon_core.package_identification:_identify(src/launch) by extensions ['colcon_meta']
[0.113s] Level 1:colcon.colcon_core.package_identification:_identify(src/launch) by extension 'colcon_meta'
[0.113s] Level 1:colcon.colcon_core.package_identification:_identify(src/launch) by extensions ['ros']
[0.113s] Level 1:colcon.colcon_core.package_identification:_identify(src/launch) by extension 'ros'
[0.113s] Level 1:colcon.colcon_core.package_identification:_identify(src/launch) by extensions ['cmake', 'python']
[0.113s] Level 1:colcon.colcon_core.package_identification:_identify(src/launch) by extension 'cmake'
[0.113s] Level 1:colcon.colcon_core.package_identification:_identify(src/launch) by extension 'python'
[0.113s] Level 1:colcon.colcon_core.package_identification:_identify(src/launch) by extensions ['python_setup_py']
[0.113s] Level 1:colcon.colcon_core.package_identification:_identify(src/launch) by extension 'python_setup_py'
[0.113s] Level 1:colcon.colcon_core.package_identification:_identify(src/lidar_pkg) by extensions ['ignore', 'ignore_ament_install']
[0.114s] Level 1:colcon.colcon_core.package_identification:_identify(src/lidar_pkg) by extension 'ignore'
[0.114s] Level 1:colcon.colcon_core.package_identification:_identify(src/lidar_pkg) by extension 'ignore_ament_install'
[0.114s] Level 1:colcon.colcon_core.package_identification:_identify(src/lidar_pkg) by extensions ['colcon_pkg']
[0.114s] Level 1:colcon.colcon_core.package_identification:_identify(src/lidar_pkg) by extension 'colcon_pkg'
[0.114s] Level 1:colcon.colcon_core.package_identification:_identify(src/lidar_pkg) by extensions ['colcon_meta']
[0.114s] Level 1:colcon.colcon_core.package_identification:_identify(src/lidar_pkg) by extension 'colcon_meta'
[0.114s] Level 1:colcon.colcon_core.package_identification:_identify(src/lidar_pkg) by extensions ['ros']
[0.114s] Level 1:colcon.colcon_core.package_identification:_identify(src/lidar_pkg) by extension 'ros'
[0.114s] DEBUG:colcon.colcon_core.package_identification:Package 'src/lidar_pkg' with type 'ros.ament_python' and name 'lidar_pkg'
[0.115s] Level 1:colcon.colcon_core.package_identification:_identify(src/my_cpp_pkg) by extensions ['ignore', 'ignore_ament_install']
[0.115s] Level 1:colcon.colcon_core.package_identification:_identify(src/my_cpp_pkg) by extension 'ignore'
[0.115s] Level 1:colcon.colcon_core.package_identification:_identify(src/my_cpp_pkg) by extension 'ignore_ament_install'
[0.115s] Level 1:colcon.colcon_core.package_identification:_identify(src/my_cpp_pkg) by extensions ['colcon_pkg']
[0.115s] Level 1:colcon.colcon_core.package_identification:_identify(src/my_cpp_pkg) by extension 'colcon_pkg'
[0.115s] Level 1:colcon.colcon_core.package_identification:_identify(src/my_cpp_pkg) by extensions ['colcon_meta']
[0.115s] Level 1:colcon.colcon_core.package_identification:_identify(src/my_cpp_pkg) by extension 'colcon_meta'
[0.115s] Level 1:colcon.colcon_core.package_identification:_identify(src/my_cpp_pkg) by extensions ['ros']
[0.115s] Level 1:colcon.colcon_core.package_identification:_identify(src/my_cpp_pkg) by extension 'ros'
[0.116s] DEBUG:colcon.colcon_core.package_identification:Package 'src/my_cpp_pkg' with type 'ros.ament_cmake' and name 'my_cpp_pkg'
[0.116s] Level 1:colcon.colcon_core.package_identification:_identify(src/my_py_pkg) by extensions ['ignore', 'ignore_ament_install']
[0.116s] Level 1:colcon.colcon_core.package_identification:_identify(src/my_py_pkg) by extension 'ignore'
[0.116s] Level 1:colcon.colcon_core.package_identification:_identify(src/my_py_pkg) by extension 'ignore_ament_install'
[0.116s] Level 1:colcon.colcon_core.package_identification:_identify(src/my_py_pkg) by extensions ['colcon_pkg']
[0.116s] Level 1:colcon.colcon_core.package_identification:_identify(src/my_py_pkg) by extension 'colcon_pkg'
[0.116s] Level 1:colcon.colcon_core.package_identification:_identify(src/my_py_pkg) by extensions ['colcon_meta']
[0.116s] Level 1:colcon.colcon_core.package_identification:_identify(src/my_py_pkg) by extension 'colcon_meta'
[0.116s] Level 1:colcon.colcon_core.package_identification:_identify(src/my_py_pkg) by extensions ['ros']
[0.116s] Level 1:colcon.colcon_core.package_identification:_identify(src/my_py_pkg) by extension 'ros'
[0.117s] DEBUG:colcon.colcon_core.package_identification:Package 'src/my_py_pkg' with type 'ros.ament_python' and name 'my_py_pkg'
[0.117s] Level 1:colcon.colcon_core.package_identification:_identify(src/navigation_pkg) by extensions ['ignore', 'ignore_ament_install']
[0.117s] Level 1:colcon.colcon_core.package_identification:_identify(src/navigation_pkg) by extension 'ignore'
[0.117s] Level 1:colcon.colcon_core.package_identification:_identify(src/navigation_pkg) by extension 'ignore_ament_install'
[0.117s] Level 1:colcon.colcon_core.package_identification:_identify(src/navigation_pkg) by extensions ['colcon_pkg']
[0.117s] Level 1:colcon.colcon_core.package_identification:_identify(src/navigation_pkg) by extension 'colcon_pkg'
[0.117s] Level 1:colcon.colcon_core.package_identification:_identify(src/navigation_pkg) by extensions ['colcon_meta']
[0.117s] Level 1:colcon.colcon_core.package_identification:_identify(src/navigation_pkg) by extension 'colcon_meta'
[0.117s] Level 1:colcon.colcon_core.package_identification:_identify(src/navigation_pkg) by extensions ['ros']
[0.117s] Level 1:colcon.colcon_core.package_identification:_identify(src/navigation_pkg) by extension 'ros'
[0.118s] DEBUG:colcon.colcon_core.package_identification:Package 'src/navigation_pkg' with type 'ros.ament_python' and name 'navigation_pkg'
[0.118s] Level 1:colcon.colcon_core.package_identification:_identify(src/robot_action_pkg) by extensions ['ignore', 'ignore_ament_install']
[0.118s] Level 1:colcon.colcon_core.package_identification:_identify(src/robot_action_pkg) by extension 'ignore'
[0.118s] Level 1:colcon.colcon_core.package_identification:_identify(src/robot_action_pkg) by extension 'ignore_ament_install'
[0.118s] Level 1:colcon.colcon_core.package_identification:_identify(src/robot_action_pkg) by extensions ['colcon_pkg']
[0.118s] Level 1:colcon.colcon_core.package_identification:_identify(src/robot_action_pkg) by extension 'colcon_pkg'
[0.118s] Level 1:colcon.colcon_core.package_identification:_identify(src/robot_action_pkg) by extensions ['colcon_meta']
[0.118s] Level 1:colcon.colcon_core.package_identification:_identify(src/robot_action_pkg) by extension 'colcon_meta'
[0.119s] Level 1:colcon.colcon_core.package_identification:_identify(src/robot_action_pkg) by extensions ['ros']
[0.119s] Level 1:colcon.colcon_core.package_identification:_identify(src/robot_action_pkg) by extension 'ros'
[0.119s] DEBUG:colcon.colcon_core.package_identification:Package 'src/robot_action_pkg' with type 'ros.ament_python' and name 'robot_action_pkg'
[0.119s] Level 1:colcon.colcon_core.package_identification:_identify(src/robot_control_pkg) by extensions ['ignore', 'ignore_ament_install']
[0.119s] Level 1:colcon.colcon_core.package_identification:_identify(src/robot_control_pkg) by extension 'ignore'
[0.119s] Level 1:colcon.colcon_core.package_identification:_identify(src/robot_control_pkg) by extension 'ignore_ament_install'
[0.120s] Level 1:colcon.colcon_core.package_identification:_identify(src/robot_control_pkg) by extensions ['colcon_pkg']
[0.120s] Level 1:colcon.colcon_core.package_identification:_identify(src/robot_control_pkg) by extension 'colcon_pkg'
[0.120s] Level 1:colcon.colcon_core.package_identification:_identify(src/robot_control_pkg) by extensions ['colcon_meta']
[0.120s] Level 1:colcon.colcon_core.package_identification:_identify(src/robot_control_pkg) by extension 'colcon_meta'
[0.120s] Level 1:colcon.colcon_core.package_identification:_identify(src/robot_control_pkg) by extensions ['ros']
[0.120s] Level 1:colcon.colcon_core.package_identification:_identify(src/robot_control_pkg) by extension 'ros'
[0.120s] DEBUG:colcon.colcon_core.package_identification:Package 'src/robot_control_pkg' with type 'ros.ament_python' and name 'robot_control_pkg'
[0.120s] Level 1:colcon.colcon_core.package_identification:_identify(src/robot_interfaces) by extensions ['ignore', 'ignore_ament_install']
[0.121s] Level 1:colcon.colcon_core.package_identification:_identify(src/robot_interfaces) by extension 'ignore'
[0.121s] Level 1:colcon.colcon_core.package_identification:_identify(src/robot_interfaces) by extension 'ignore_ament_install'
[0.121s] Level 1:colcon.colcon_core.package_identification:_identify(src/robot_interfaces) by extensions ['colcon_pkg']
[0.121s] Level 1:colcon.colcon_core.package_identification:_identify(src/robot_interfaces) by extension 'colcon_pkg'
[0.121s] Level 1:colcon.colcon_core.package_identification:_identify(src/robot_interfaces) by extensions ['colcon_meta']
[0.121s] Level 1:colcon.colcon_core.package_identification:_identify(src/robot_interfaces) by extension 'colcon_meta'
[0.121s] Level 1:colcon.colcon_core.package_identification:_identify(src/robot_interfaces) by extensions ['ros']
[0.121s] Level 1:colcon.colcon_core.package_identification:_identify(src/robot_interfaces) by extension 'ros'
[0.122s] DEBUG:colcon.colcon_core.package_identification:Package 'src/robot_interfaces' with type 'ros.ament_cmake' and name 'robot_interfaces'
[0.122s] Level 1:colcon.colcon_core.package_identification:_identify(src/robot_service_pkg) by extensions ['ignore', 'ignore_ament_install']
[0.122s] Level 1:colcon.colcon_core.package_identification:_identify(src/robot_service_pkg) by extension 'ignore'
[0.122s] Level 1:colcon.colcon_core.package_identification:_identify(src/robot_service_pkg) by extension 'ignore_ament_install'
[0.122s] Level 1:colcon.colcon_core.package_identification:_identify(src/robot_service_pkg) by extensions ['colcon_pkg']
[0.122s] Level 1:colcon.colcon_core.package_identification:_identify(src/robot_service_pkg) by extension 'colcon_pkg'
[0.123s] Level 1:colcon.colcon_core.package_identification:_identify(src/robot_service_pkg) by extensions ['colcon_meta']
[0.123s] Level 1:colcon.colcon_core.package_identification:_identify(src/robot_service_pkg) by extension 'colcon_meta'
[0.123s] Level 1:colcon.colcon_core.package_identification:_identify(src/robot_service_pkg) by extensions ['ros']
[0.123s] Level 1:colcon.colcon_core.package_identification:_identify(src/robot_service_pkg) by extension 'ros'
[0.123s] DEBUG:colcon.colcon_core.package_identification:Package 'src/robot_service_pkg' with type 'ros.ament_python' and name 'robot_service_pkg'
[0.123s] Level 1:colcon.colcon_core.package_identification:_identify(src/vision_pkg) by extensions ['ignore', 'ignore_ament_install']
[0.123s] Level 1:colcon.colcon_core.package_identification:_identify(src/vision_pkg) by extension 'ignore'
[0.124s] Level 1:colcon.colcon_core.package_identification:_identify(src/vision_pkg) by extension 'ignore_ament_install'
[0.124s] Level 1:colcon.colcon_core.package_identification:_identify(src/vision_pkg) by extensions ['colcon_pkg']
[0.124s] Level 1:colcon.colcon_core.package_identification:_identify(src/vision_pkg) by extension 'colcon_pkg'
[0.124s] Level 1:colcon.colcon_core.package_identification:_identify(src/vision_pkg) by extensions ['colcon_meta']
[0.124s] Level 1:colcon.colcon_core.package_identification:_identify(src/vision_pkg) by extension 'colcon_meta'
[0.124s] Level 1:colcon.colcon_core.package_identification:_identify(src/vision_pkg) by extensions ['ros']
[0.124s] Level 1:colcon.colcon_core.package_identification:_identify(src/vision_pkg) by extension 'ros'
[0.124s] DEBUG:colcon.colcon_core.package_identification:Package 'src/vision_pkg' with type 'ros.ament_python' and name 'vision_pkg'
[0.124s] Level 1:colcon.colcon_core.package_discovery:discover_packages(recursive) using defaults
[0.125s] Level 1:colcon.colcon_core.package_discovery:discover_packages(ignore) discover
[0.125s] Level 1:colcon.colcon_core.package_discovery:discover_packages(ignore) using defaults
[0.125s] Level 1:colcon.colcon_core.package_discovery:discover_packages(path) discover
[0.125s] Level 1:colcon.colcon_core.package_discovery:discover_packages(path) using defaults
[0.142s] Level 1:colcon.colcon_core.package_discovery:discover_packages(prefix_path) check parameters
[0.142s] Level 1:colcon.colcon_core.package_discovery:discover_packages(prefix_path) discover
[0.146s] DEBUG:colcon.colcon_installed_package_information.package_discovery:Found 3 installed packages in /data2/Brinda/Documents/Reports/ROS2/my_ros2_workspace/install
[0.148s] DEBUG:colcon.colcon_installed_package_information.package_discovery:Found 422 installed packages in /opt/ros/humble
[0.149s] Level 1:colcon.colcon_core.package_discovery:discover_packages(prefix_path) using defaults
[0.183s] Level 5:colcon.colcon_core.verb:set package 'basic_gazebo_robot' build argument 'cmake_args' from command line to 'None'
[0.183s] Level 5:colcon.colcon_core.verb:set package 'basic_gazebo_robot' build argument 'cmake_target' from command line to 'None'
[0.183s] Level 5:colcon.colcon_core.verb:set package 'basic_gazebo_robot' build argument 'cmake_target_skip_unavailable' from command line to 'False'
[0.183s] Level 5:colcon.colcon_core.verb:set package 'basic_gazebo_robot' build argument 'cmake_clean_cache' from command line to 'False'
[0.183s] Level 5:colcon.colcon_core.verb:set package 'basic_gazebo_robot' build argument 'cmake_clean_first' from command line to 'False'
[0.183s] Level 5:colcon.colcon_core.verb:set package 'basic_gazebo_robot' build argument 'cmake_force_configure' from command line to 'False'
[0.184s] Level 5:colcon.colcon_core.verb:set package 'basic_gazebo_robot' build argument 'ament_cmake_args' from command line to 'None'
[0.184s] Level 5:colcon.colcon_core.verb:set package 'basic_gazebo_robot' build argument 'catkin_cmake_args' from command line to 'None'
[0.184s] Level 5:colcon.colcon_core.verb:set package 'basic_gazebo_robot' build argument 'catkin_skip_building_tests' from command line to 'False'
[0.184s] DEBUG:colcon.colcon_core.verb:Building package 'basic_gazebo_robot' with the following arguments: {'ament_cmake_args': None, 'build_base': '/data2/Brinda/Documents/Reports/ROS2/my_ros2_workspace/build/basic_gazebo_robot', 'catkin_cmake_args': None, 'catkin_skip_building_tests': False, 'cmake_args': None, 'cmake_clean_cache': False, 'cmake_clean_first': False, 'cmake_force_configure': False, 'cmake_target': None, 'cmake_target_skip_unavailable': False, 'install_base': '/data2/Brinda/Documents/Reports/ROS2/my_ros2_workspace/install/basic_gazebo_robot', 'merge_install': False, 'path': '/data2/Brinda/Documents/Reports/ROS2/my_ros2_workspace/src/basic_gazebo_robot', 'symlink_install': False, 'test_result_base': None}
[0.184s] Level 5:colcon.colcon_core.verb:set package 'camera_pkg' build argument 'cmake_args' from command line to 'None'
[0.184s] Level 5:colcon.colcon_core.verb:set package 'camera_pkg' build argument 'cmake_target' from command line to 'None'
[0.184s] Level 5:colcon.colcon_core.verb:set package 'camera_pkg' build argument 'cmake_target_skip_unavailable' from command line to 'False'
[0.184s] Level 5:colcon.colcon_core.verb:set package 'camera_pkg' build argument 'cmake_clean_cache' from command line to 'False'
[0.184s] Level 5:colcon.colcon_core.verb:set package 'camera_pkg' build argument 'cmake_clean_first' from command line to 'False'
[0.184s] Level 5:colcon.colcon_core.verb:set package 'camera_pkg' build argument 'cmake_force_configure' from command line to 'False'
[0.184s] Level 5:colcon.colcon_core.verb:set package 'camera_pkg' build argument 'ament_cmake_args' from command line to 'None'
[0.184s] Level 5:colcon.colcon_core.verb:set package 'camera_pkg' build argument 'catkin_cmake_args' from command line to 'None'
[0.184s] Level 5:colcon.colcon_core.verb:set package 'camera_pkg' build argument 'catkin_skip_building_tests' from command line to 'False'
[0.184s] DEBUG:colcon.colcon_core.verb:Building package 'camera_pkg' with the following arguments: {'ament_cmake_args': None, 'build_base': '/data2/Brinda/Documents/Reports/ROS2/my_ros2_workspace/build/camera_pkg', 'catkin_cmake_args': None, 'catkin_skip_building_tests': False, 'cmake_args': None, 'cmake_clean_cache': False, 'cmake_clean_first': False, 'cmake_force_configure': False, 'cmake_target': None, 'cmake_target_skip_unavailable': False, 'install_base': '/data2/Brinda/Documents/Reports/ROS2/my_ros2_workspace/install/camera_pkg', 'merge_install': False, 'path': '/data2/Brinda/Documents/Reports/ROS2/my_ros2_workspace/src/camera_pkg', 'symlink_install': False, 'test_result_base': None}
[0.185s] Level 5:colcon.colcon_core.verb:set package 'lidar_pkg' build argument 'cmake_args' from command line to 'None'
[0.185s] Level 5:colcon.colcon_core.verb:set package 'lidar_pkg' build argument 'cmake_target' from command line to 'None'
[0.185s] Level 5:colcon.colcon_core.verb:set package 'lidar_pkg' build argument 'cmake_target_skip_unavailable' from command line to 'False'
[0.185s] Level 5:colcon.colcon_core.verb:set package 'lidar_pkg' build argument 'cmake_clean_cache' from command line to 'False'
[0.185s] Level 5:colcon.colcon_core.verb:set package 'lidar_pkg' build argument 'cmake_clean_first' from command line to 'False'
[0.185s] Level 5:colcon.colcon_core.verb:set package 'lidar_pkg' build argument 'cmake_force_configure' from command line to 'False'
[0.185s] Level 5:colcon.colcon_core.verb:set package 'lidar_pkg' build argument 'ament_cmake_args' from command line to 'None'
[0.185s] Level 5:colcon.colcon_core.verb:set package 'lidar_pkg' build argument 'catkin_cmake_args' from command line to 'None'
[0.185s] Level 5:colcon.colcon_core.verb:set package 'lidar_pkg' build argument 'catkin_skip_building_tests' from command line to 'False'
[0.185s] DEBUG:colcon.colcon_core.verb:Building package 'lidar_pkg' with the following arguments: {'ament_cmake_args': None, 'build_base': '/data2/Brinda/Documents/Reports/ROS2/my_ros2_workspace/build/lidar_pkg', 'catkin_cmake_args': None, 'catkin_skip_building_tests': False, 'cmake_args': None, 'cmake_clean_cache': False, 'cmake_clean_first': False, 'cmake_force_configure': False, 'cmake_target': None, 'cmake_target_skip_unavailable': False, 'install_base': '/data2/Brinda/Documents/Reports/ROS2/my_ros2_workspace/install/lidar_pkg', 'merge_install': False, 'path': '/data2/Brinda/Documents/Reports/ROS2/my_ros2_workspace/src/lidar_pkg', 'symlink_install': False, 'test_result_base': None}
[0.185s] Level 5:colcon.colcon_core.verb:set package 'my_cpp_pkg' build argument 'cmake_args' from command line to 'None'
[0.185s] Level 5:colcon.colcon_core.verb:set package 'my_cpp_pkg' build argument 'cmake_target' from command line to 'None'
[0.185s] Level 5:colcon.colcon_core.verb:set package 'my_cpp_pkg' build argument 'cmake_target_skip_unavailable' from command line to 'False'
[0.185s] Level 5:colcon.colcon_core.verb:set package 'my_cpp_pkg' build argument 'cmake_clean_cache' from command line to 'False'
[0.185s] Level 5:colcon.colcon_core.verb:set package 'my_cpp_pkg' build argument 'cmake_clean_first' from command line to 'False'
[0.185s] Level 5:colcon.colcon_core.verb:set package 'my_cpp_pkg' build argument 'cmake_force_configure' from command line to 'False'
[0.185s] Level 5:colcon.colcon_core.verb:set package 'my_cpp_pkg' build argument 'ament_cmake_args' from command line to 'None'
[0.185s] Level 5:colcon.colcon_core.verb:set package 'my_cpp_pkg' build argument 'catkin_cmake_args' from command line to 'None'
[0.185s] Level 5:colcon.colcon_core.verb:set package 'my_cpp_pkg' build argument 'catkin_skip_building_tests' from command line to 'False'
[0.185s] DEBUG:colcon.colcon_core.verb:Building package 'my_cpp_pkg' with the following arguments: {'ament_cmake_args': None, 'build_base': '/data2/Brinda/Documents/Reports/ROS2/my_ros2_workspace/build/my_cpp_pkg', 'catkin_cmake_args': None, 'catkin_skip_building_tests': False, 'cmake_args': None, 'cmake_clean_cache': False, 'cmake_clean_first': False, 'cmake_force_configure': False, 'cmake_target': None, 'cmake_target_skip_unavailable': False, 'install_base': '/data2/Brinda/Documents/Reports/ROS2/my_ros2_workspace/install/my_cpp_pkg', 'merge_install': False, 'path': '/data2/Brinda/Documents/Reports/ROS2/my_ros2_workspace/src/my_cpp_pkg', 'symlink_install': False, 'test_result_base': None}
[0.185s] Level 5:colcon.colcon_core.verb:set package 'my_py_pkg' build argument 'cmake_args' from command line to 'None'
[0.185s] Level 5:colcon.colcon_core.verb:set package 'my_py_pkg' build argument 'cmake_target' from command line to 'None'
[0.186s] Level 5:colcon.colcon_core.verb:set package 'my_py_pkg' build argument 'cmake_target_skip_unavailable' from command line to 'False'
[0.186s] Level 5:colcon.colcon_core.verb:set package 'my_py_pkg' build argument 'cmake_clean_cache' from command line to 'False'
[0.186s] Level 5:colcon.colcon_core.verb:set package 'my_py_pkg' build argument 'cmake_clean_first' from command line to 'False'
[0.186s] Level 5:colcon.colcon_core.verb:set package 'my_py_pkg' build argument 'cmake_force_configure' from command line to 'False'
[0.186s] Level 5:colcon.colcon_core.verb:set package 'my_py_pkg' build argument 'ament_cmake_args' from command line to 'None'
[0.186s] Level 5:colcon.colcon_core.verb:set package 'my_py_pkg' build argument 'catkin_cmake_args' from command line to 'None'
[0.186s] Level 5:colcon.colcon_core.verb:set package 'my_py_pkg' build argument 'catkin_skip_building_tests' from command line to 'False'
[0.186s] DEBUG:colcon.colcon_core.verb:Building package 'my_py_pkg' with the following arguments: {'ament_cmake_args': None, 'build_base': '/data2/Brinda/Documents/Reports/ROS2/my_ros2_workspace/build/my_py_pkg', 'catkin_cmake_args': None, 'catkin_skip_building_tests': False, 'cmake_args': None, 'cmake_clean_cache': False, 'cmake_clean_first': False, 'cmake_force_configure': False, 'cmake_target': None, 'cmake_target_skip_unavailable': False, 'install_base': '/data2/Brinda/Documents/Reports/ROS2/my_ros2_workspace/install/my_py_pkg', 'merge_install': False, 'path': '/data2/Brinda/Documents/Reports/ROS2/my_ros2_workspace/src/my_py_pkg', 'symlink_install': False, 'test_result_base': None}
[0.186s] Level 5:colcon.colcon_core.verb:set package 'navigation_pkg' build argument 'cmake_args' from command line to 'None'
[0.186s] Level 5:colcon.colcon_core.verb:set package 'navigation_pkg' build argument 'cmake_target' from command line to 'None'
[0.186s] Level 5:colcon.colcon_core.verb:set package 'navigation_pkg' build argument 'cmake_target_skip_unavailable' from command line to 'False'
[0.186s] Level 5:colcon.colcon_core.verb:set package 'navigation_pkg' build argument 'cmake_clean_cache' from command line to 'False'
[0.186s] Level 5:colcon.colcon_core.verb:set package 'navigation_pkg' build argument 'cmake_clean_first' from command line to 'False'
[0.186s] Level 5:colcon.colcon_core.verb:set package 'navigation_pkg' build argument 'cmake_force_configure' from command line to 'False'
[0.186s] Level 5:colcon.colcon_core.verb:set package 'navigation_pkg' build argument 'ament_cmake_args' from command line to 'None'
[0.186s] Level 5:colcon.colcon_core.verb:set package 'navigation_pkg' build argument 'catkin_cmake_args' from command line to 'None'
[0.186s] Level 5:colcon.colcon_core.verb:set package 'navigation_pkg' build argument 'catkin_skip_building_tests' from command line to 'False'
[0.186s] DEBUG:colcon.colcon_core.verb:Building package 'navigation_pkg' with the following arguments: {'ament_cmake_args': None, 'build_base': '/data2/Brinda/Documents/Reports/ROS2/my_ros2_workspace/build/navigation_pkg', 'catkin_cmake_args': None, 'catkin_skip_building_tests': False, 'cmake_args': None, 'cmake_clean_cache': False, 'cmake_clean_first': False, 'cmake_force_configure': False, 'cmake_target': None, 'cmake_target_skip_unavailable': False, 'install_base': '/data2/Brinda/Documents/Reports/ROS2/my_ros2_workspace/install/navigation_pkg', 'merge_install': False, 'path': '/data2/Brinda/Documents/Reports/ROS2/my_ros2_workspace/src/navigation_pkg', 'symlink_install': False, 'test_result_base': None}
[0.186s] Level 5:colcon.colcon_core.verb:set package 'robot_comm_pkg' build argument 'cmake_args' from command line to 'None'
[0.186s] Level 5:colcon.colcon_core.verb:set package 'robot_comm_pkg' build argument 'cmake_target' from command line to 'None'
[0.186s] Level 5:colcon.colcon_core.verb:set package 'robot_comm_pkg' build argument 'cmake_target_skip_unavailable' from command line to 'False'
[0.186s] Level 5:colcon.colcon_core.verb:set package 'robot_comm_pkg' build argument 'cmake_clean_cache' from command line to 'False'
[0.186s] Level 5:colcon.colcon_core.verb:set package 'robot_comm_pkg' build argument 'cmake_clean_first' from command line to 'False'
[0.186s] Level 5:colcon.colcon_core.verb:set package 'robot_comm_pkg' build argument 'cmake_force_configure' from command line to 'False'
[0.186s] Level 5:colcon.colcon_core.verb:set package 'robot_comm_pkg' build argument 'ament_cmake_args' from command line to 'None'
[0.186s] Level 5:colcon.colcon_core.verb:set package 'robot_comm_pkg' build argument 'catkin_cmake_args' from command line to 'None'
[0.186s] Level 5:colcon.colcon_core.verb:set package 'robot_comm_pkg' build argument 'catkin_skip_building_tests' from command line to 'False'
[0.187s] DEBUG:colcon.colcon_core.verb:Building package 'robot_comm_pkg' with the following arguments: {'ament_cmake_args': None, 'build_base': '/data2/Brinda/Documents/Reports/ROS2/my_ros2_workspace/build/robot_comm_pkg', 'catkin_cmake_args': None, 'catkin_skip_building_tests': False, 'cmake_args': None, 'cmake_clean_cache': False, 'cmake_clean_first': False, 'cmake_force_configure': False, 'cmake_target': None, 'cmake_target_skip_unavailable': False, 'install_base': '/data2/Brinda/Documents/Reports/ROS2/my_ros2_workspace/install/robot_comm_pkg', 'merge_install': False, 'path': '/data2/Brinda/Documents/Reports/ROS2/my_ros2_workspace/robot_comm_pkg', 'symlink_install': False, 'test_result_base': None}
[0.187s] Level 5:colcon.colcon_core.verb:set package 'robot_control_pkg' build argument 'cmake_args' from command line to 'None'
[0.187s] Level 5:colcon.colcon_core.verb:set package 'robot_control_pkg' build argument 'cmake_target' from command line to 'None'
[0.187s] Level 5:colcon.colcon_core.verb:set package 'robot_control_pkg' build argument 'cmake_target_skip_unavailable' from command line to 'False'
[0.187s] Level 5:colcon.colcon_core.verb:set package 'robot_control_pkg' build argument 'cmake_clean_cache' from command line to 'False'
[0.187s] Level 5:colcon.colcon_core.verb:set package 'robot_control_pkg' build argument 'cmake_clean_first' from command line to 'False'
[0.187s] Level 5:colcon.colcon_core.verb:set package 'robot_control_pkg' build argument 'cmake_force_configure' from command line to 'False'
[0.187s] Level 5:colcon.colcon_core.verb:set package 'robot_control_pkg' build argument 'ament_cmake_args' from command line to 'None'
[0.187s] Level 5:colcon.colcon_core.verb:set package 'robot_control_pkg' build argument 'catkin_cmake_args' from command line to 'None'
[0.187s] Level 5:colcon.colcon_core.verb:set package 'robot_control_pkg' build argument 'catkin_skip_building_tests' from command line to 'False'
[0.187s] DEBUG:colcon.colcon_core.verb:Building package 'robot_control_pkg' with the following arguments: {'ament_cmake_args': None, 'build_base': '/data2/Brinda/Documents/Reports/ROS2/my_ros2_workspace/build/robot_control_pkg', 'catkin_cmake_args': None, 'catkin_skip_building_tests': False, 'cmake_args': None, 'cmake_clean_cache': False, 'cmake_clean_first': False, 'cmake_force_configure': False, 'cmake_target': None, 'cmake_target_skip_unavailable': False, 'install_base': '/data2/Brinda/Documents/Reports/ROS2/my_ros2_workspace/install/robot_control_pkg', 'merge_install': False, 'path': '/data2/Brinda/Documents/Reports/ROS2/my_ros2_workspace/src/robot_control_pkg', 'symlink_install': False, 'test_result_base': None}
[0.187s] Level 5:colcon.colcon_core.verb:set package 'robot_interfaces' build argument 'cmake_args' from command line to 'None'
[0.187s] Level 5:colcon.colcon_core.verb:set package 'robot_interfaces' build argument 'cmake_target' from command line to 'None'
[0.187s] Level 5:colcon.colcon_core.verb:set package 'robot_interfaces' build argument 'cmake_target_skip_unavailable' from command line to 'False'
[0.187s] Level 5:colcon.colcon_core.verb:set package 'robot_interfaces' build argument 'cmake_clean_cache' from command line to 'False'
[0.187s] Level 5:colcon.colcon_core.verb:set package 'robot_interfaces' build argument 'cmake_clean_first' from command line to 'False'
[0.187s] Level 5:colcon.colcon_core.verb:set package 'robot_interfaces' build argument 'cmake_force_configure' from command line to 'False'
[0.187s] Level 5:colcon.colcon_core.verb:set package 'robot_interfaces' build argument 'ament_cmake_args' from command line to 'None'
[0.187s] Level 5:colcon.colcon_core.verb:set package 'robot_interfaces' build argument 'catkin_cmake_args' from command line to 'None'
[0.187s] Level 5:colcon.colcon_core.verb:set package 'robot_interfaces' build argument 'catkin_skip_building_tests' from command line to 'False'
[0.187s] DEBUG:colcon.colcon_core.verb:Building package 'robot_interfaces' with the following arguments: {'ament_cmake_args': None, 'build_base': '/data2/Brinda/Documents/Reports/ROS2/my_ros2_workspace/build/robot_interfaces', 'catkin_cmake_args': None, 'catkin_skip_building_tests': False, 'cmake_args': None, 'cmake_clean_cache': False, 'cmake_clean_first': False, 'cmake_force_configure': False, 'cmake_target': None, 'cmake_target_skip_unavailable': False, 'install_base': '/data2/Brinda/Documents/Reports/ROS2/my_ros2_workspace/install/robot_interfaces', 'merge_install': False, 'path': '/data2/Brinda/Documents/Reports/ROS2/my_ros2_workspace/src/robot_interfaces', 'symlink_install': False, 'test_result_base': None}
[0.187s] Level 5:colcon.colcon_core.verb:set package 'robot_service_pkg' build argument 'cmake_args' from command line to 'None'
[0.187s] Level 5:colcon.colcon_core.verb:set package 'robot_service_pkg' build argument 'cmake_target' from command line to 'None'
[0.188s] Level 5:colcon.colcon_core.verb:set package 'robot_service_pkg' build argument 'cmake_target_skip_unavailable' from command line to 'False'
[0.188s] Level 5:colcon.colcon_core.verb:set package 'robot_service_pkg' build argument 'cmake_clean_cache' from command line to 'False'
[0.188s] Level 5:colcon.colcon_core.verb:set package 'robot_service_pkg' build argument 'cmake_clean_first' from command line to 'False'
[0.188s] Level 5:colcon.colcon_core.verb:set package 'robot_service_pkg' build argument 'cmake_force_configure' from command line to 'False'
[0.188s] Level 5:colcon.colcon_core.verb:set package 'robot_service_pkg' build argument 'ament_cmake_args' from command line to 'None'
[0.188s] Level 5:colcon.colcon_core.verb:set package 'robot_service_pkg' build argument 'catkin_cmake_args' from command line to 'None'
[0.188s] Level 5:colcon.colcon_core.verb:set package 'robot_service_pkg' build argument 'catkin_skip_building_tests' from command line to 'False'
[0.188s] DEBUG:colcon.colcon_core.verb:Building package 'robot_service_pkg' with the following arguments: {'ament_cmake_args': None, 'build_base': '/data2/Brinda/Documents/Reports/ROS2/my_ros2_workspace/build/robot_service_pkg', 'catkin_cmake_args': None, 'catkin_skip_building_tests': False, 'cmake_args': None, 'cmake_clean_cache': False, 'cmake_clean_first': False, 'cmake_force_configure': False, 'cmake_target': None, 'cmake_target_skip_unavailable': False, 'install_base': '/data2/Brinda/Documents/Reports/ROS2/my_ros2_workspace/install/robot_service_pkg', 'merge_install': False, 'path': '/data2/Brinda/Documents/Reports/ROS2/my_ros2_workspace/src/robot_service_pkg', 'symlink_install': False, 'test_result_base': None}
[0.188s] Level 5:colcon.colcon_core.verb:set package 'vision_pkg' build argument 'cmake_args' from command line to 'None'
[0.188s] Level 5:colcon.colcon_core.verb:set package 'vision_pkg' build argument 'cmake_target' from command line to 'None'
[0.188s] Level 5:colcon.colcon_core.verb:set package 'vision_pkg' build argument 'cmake_target_skip_unavailable' from command line to 'False'
[0.188s] Level 5:colcon.colcon_core.verb:set package 'vision_pkg' build argument 'cmake_clean_cache' from command line to 'False'
[0.188s] Level 5:colcon.colcon_core.verb:set package 'vision_pkg' build argument 'cmake_clean_first' from command line to 'False'
[0.188s] Level 5:colcon.colcon_core.verb:set package 'vision_pkg' build argument 'cmake_force_configure' from command line to 'False'
[0.188s] Level 5:colcon.colcon_core.verb:set package 'vision_pkg' build argument 'ament_cmake_args' from command line to 'None'
[0.188s] Level 5:colcon.colcon_core.verb:set package 'vision_pkg' build argument 'catkin_cmake_args' from command line to 'None'
[0.188s] Level 5:colcon.colcon_core.verb:set package 'vision_pkg' build argument 'catkin_skip_building_tests' from command line to 'False'
[0.188s] DEBUG:colcon.colcon_core.verb:Building package 'vision_pkg' with the following arguments: {'ament_cmake_args': None, 'build_base': '/data2/Brinda/Documents/Reports/ROS2/my_ros2_workspace/build/vision_pkg', 'catkin_cmake_args': None, 'catkin_skip_building_tests': False, 'cmake_args': None, 'cmake_clean_cache': False, 'cmake_clean_first': False, 'cmake_force_configure': False, 'cmake_target': None, 'cmake_target_skip_unavailable': False, 'install_base': '/data2/Brinda/Documents/Reports/ROS2/my_ros2_workspace/install/vision_pkg', 'merge_install': False, 'path': '/data2/Brinda/Documents/Reports/ROS2/my_ros2_workspace/src/vision_pkg', 'symlink_install': False, 'test_result_base': None}
[0.188s] Level 5:colcon.colcon_core.verb:set package 'robot_action_pkg' build argument 'cmake_args' from command line to 'None'
[0.188s] Level 5:colcon.colcon_core.verb:set package 'robot_action_pkg' build argument 'cmake_target' from command line to 'None'
[0.188s] Level 5:colcon.colcon_core.verb:set package 'robot_action_pkg' build argument 'cmake_target_skip_unavailable' from command line to 'False'
[0.188s] Level 5:colcon.colcon_core.verb:set package 'robot_action_pkg' build argument 'cmake_clean_cache' from command line to 'False'
[0.188s] Level 5:colcon.colcon_core.verb:set package 'robot_action_pkg' build argument 'cmake_clean_first' from command line to 'False'
[0.188s] Level 5:colcon.colcon_core.verb:set package 'robot_action_pkg' build argument 'cmake_force_configure' from command line to 'False'
[0.188s] Level 5:colcon.colcon_core.verb:set package 'robot_action_pkg' build argument 'ament_cmake_args' from command line to 'None'
[0.188s] Level 5:colcon.colcon_core.verb:set package 'robot_action_pkg' build argument 'catkin_cmake_args' from command line to 'None'
[0.188s] Level 5:colcon.colcon_core.verb:set package 'robot_action_pkg' build argument 'catkin_skip_building_tests' from command line to 'False'
[0.189s] DEBUG:colcon.colcon_core.verb:Building package 'robot_action_pkg' with the following arguments: {'ament_cmake_args': None, 'build_base': '/data2/Brinda/Documents/Reports/ROS2/my_ros2_workspace/build/robot_action_pkg', 'catkin_cmake_args': None, 'catkin_skip_building_tests': False, 'cmake_args': None, 'cmake_clean_cache': False, 'cmake_clean_first': False, 'cmake_force_configure': False, 'cmake_target': None, 'cmake_target_skip_unavailable': False, 'install_base': '/data2/Brinda/Documents/Reports/ROS2/my_ros2_workspace/install/robot_action_pkg', 'merge_install': False, 'path': '/data2/Brinda/Documents/Reports/ROS2/my_ros2_workspace/src/robot_action_pkg', 'symlink_install': False, 'test_result_base': None}
[0.189s] INFO:colcon.colcon_core.executor:Executing jobs using 'parallel' executor
[0.189s] DEBUG:colcon.colcon_parallel_executor.executor.parallel:run_until_complete
[0.189s] INFO:colcon.colcon_ros.task.ament_cmake.build:Building ROS package in '/data2/Brinda/Documents/Reports/ROS2/my_ros2_workspace/src/robot_interfaces' with build type 'ament_cmake'
[0.190s] INFO:colcon.colcon_cmake.task.cmake.build:Building CMake package in '/data2/Brinda/Documents/Reports/ROS2/my_ros2_workspace/src/robot_interfaces'
[0.191s] INFO:colcon.colcon_core.plugin_system:Skipping extension 'colcon_core.shell.bat': Not used on non-Windows systems
[0.191s] INFO:colcon.colcon_core.shell:Skip shell extension 'powershell' for command environment: Not usable outside of PowerShell
[0.191s] DEBUG:colcon.colcon_core.shell:Skip shell extension 'dsv' for command environment
[0.196s] INFO:colcon.colcon_ros.task.ament_cmake.build:Building ROS package in '/data2/Brinda/Documents/Reports/ROS2/my_ros2_workspace/src/basic_gazebo_robot' with build type 'ament_cmake'
[0.196s] INFO:colcon.colcon_cmake.task.cmake.build:Building CMake package in '/data2/Brinda/Documents/Reports/ROS2/my_ros2_workspace/src/basic_gazebo_robot'
[0.196s] INFO:colcon.colcon_core.shell:Skip shell extension 'powershell' for command environment: Not usable outside of PowerShell
[0.196s] DEBUG:colcon.colcon_core.shell:Skip shell extension 'dsv' for command environment
[0.201s] INFO:colcon.colcon_ros.task.ament_python.build:Building ROS package in '/data2/Brinda/Documents/Reports/ROS2/my_ros2_workspace/src/camera_pkg' with build type 'ament_python'
[0.201s] Level 1:colcon.colcon_core.shell:create_environment_hook('camera_pkg', 'ament_prefix_path')
[0.201s] INFO:colcon.colcon_core.shell:Creating environment hook '/data2/Brinda/Documents/Reports/ROS2/my_ros2_workspace/install/camera_pkg/share/camera_pkg/hook/ament_prefix_path.ps1'
[0.201s] INFO:colcon.colcon_core.shell:Creating environment descriptor '/data2/Brinda/Documents/Reports/ROS2/my_ros2_workspace/install/camera_pkg/share/camera_pkg/hook/ament_prefix_path.dsv'
[0.202s] INFO:colcon.colcon_core.shell:Creating environment hook '/data2/Brinda/Documents/Reports/ROS2/my_ros2_workspace/install/camera_pkg/share/camera_pkg/hook/ament_prefix_path.sh'
[0.203s] INFO:colcon.colcon_core.shell:Skip shell extension 'powershell' for command environment: Not usable outside of PowerShell
[0.203s] DEBUG:colcon.colcon_core.shell:Skip shell extension 'dsv' for command environment
[0.207s] INFO:colcon.colcon_ros.task.ament_python.build:Building ROS package in '/data2/Brinda/Documents/Reports/ROS2/my_ros2_workspace/src/lidar_pkg' with build type 'ament_python'
[0.207s] Level 1:colcon.colcon_core.shell:create_environment_hook('lidar_pkg', 'ament_prefix_path')
[0.207s] INFO:colcon.colcon_core.shell:Creating environment hook '/data2/Brinda/Documents/Reports/ROS2/my_ros2_workspace/install/lidar_pkg/share/lidar_pkg/hook/ament_prefix_path.ps1'
[0.208s] INFO:colcon.colcon_core.shell:Creating environment descriptor '/data2/Brinda/Documents/Reports/ROS2/my_ros2_workspace/install/lidar_pkg/share/lidar_pkg/hook/ament_prefix_path.dsv'
[0.208s] INFO:colcon.colcon_core.shell:Creating environment hook '/data2/Brinda/Documents/Reports/ROS2/my_ros2_workspace/install/lidar_pkg/share/lidar_pkg/hook/ament_prefix_path.sh'
[0.209s] INFO:colcon.colcon_core.shell:Skip shell extension 'powershell' for command environment: Not usable outside of PowerShell
[0.209s] DEBUG:colcon.colcon_core.shell:Skip shell extension 'dsv' for command environment
[0.213s] INFO:colcon.colcon_ros.task.ament_cmake.build:Building ROS package in '/data2/Brinda/Documents/Reports/ROS2/my_ros2_workspace/src/my_cpp_pkg' with build type 'ament_cmake'
[0.213s] INFO:colcon.colcon_cmake.task.cmake.build:Building CMake package in '/data2/Brinda/Documents/Reports/ROS2/my_ros2_workspace/src/my_cpp_pkg'
[0.213s] INFO:colcon.colcon_core.shell:Skip shell extension 'powershell' for command environment: Not usable outside of PowerShell
[0.213s] DEBUG:colcon.colcon_core.shell:Skip shell extension 'dsv' for command environment
[0.218s] INFO:colcon.colcon_ros.task.ament_python.build:Building ROS package in '/data2/Brinda/Documents/Reports/ROS2/my_ros2_workspace/src/my_py_pkg' with build type 'ament_python'
[0.218s] Level 1:colcon.colcon_core.shell:create_environment_hook('my_py_pkg', 'ament_prefix_path')
[0.218s] INFO:colcon.colcon_core.shell:Creating environment hook '/data2/Brinda/Documents/Reports/ROS2/my_ros2_workspace/install/my_py_pkg/share/my_py_pkg/hook/ament_prefix_path.ps1'
[0.219s] INFO:colcon.colcon_core.shell:Creating environment descriptor '/data2/Brinda/Documents/Reports/ROS2/my_ros2_workspace/install/my_py_pkg/share/my_py_pkg/hook/ament_prefix_path.dsv'
[0.219s] INFO:colcon.colcon_core.shell:Creating environment hook '/data2/Brinda/Documents/Reports/ROS2/my_ros2_workspace/install/my_py_pkg/share/my_py_pkg/hook/ament_prefix_path.sh'
[0.220s] INFO:colcon.colcon_core.shell:Skip shell extension 'powershell' for command environment: Not usable outside of PowerShell
[0.220s] DEBUG:colcon.colcon_core.shell:Skip shell extension 'dsv' for command environment
[0.224s] INFO:colcon.colcon_ros.task.ament_python.build:Building ROS package in '/data2/Brinda/Documents/Reports/ROS2/my_ros2_workspace/src/navigation_pkg' with build type 'ament_python'
[0.224s] Level 1:colcon.colcon_core.shell:create_environment_hook('navigation_pkg', 'ament_prefix_path')
[0.224s] INFO:colcon.colcon_core.shell:Creating environment hook '/data2/Brinda/Documents/Reports/ROS2/my_ros2_workspace/install/navigation_pkg/share/navigation_pkg/hook/ament_prefix_path.ps1'
[0.225s] INFO:colcon.colcon_core.shell:Creating environment descriptor '/data2/Brinda/Documents/Reports/ROS2/my_ros2_workspace/install/navigation_pkg/share/navigation_pkg/hook/ament_prefix_path.dsv'
[0.225s] INFO:colcon.colcon_core.shell:Creating environment hook '/data2/Brinda/Documents/Reports/ROS2/my_ros2_workspace/install/navigation_pkg/share/navigation_pkg/hook/ament_prefix_path.sh'
[0.226s] INFO:colcon.colcon_core.shell:Skip shell extension 'powershell' for command environment: Not usable outside of PowerShell
[0.226s] DEBUG:colcon.colcon_core.shell:Skip shell extension 'dsv' for command environment
[0.230s] INFO:colcon.colcon_ros.task.ament_python.build:Building ROS package in '/data2/Brinda/Documents/Reports/ROS2/my_ros2_workspace/robot_comm_pkg' with build type 'ament_python'
[0.230s] Level 1:colcon.colcon_core.shell:create_environment_hook('robot_comm_pkg', 'ament_prefix_path')
[0.230s] INFO:colcon.colcon_core.shell:Creating environment hook '/data2/Brinda/Documents/Reports/ROS2/my_ros2_workspace/install/robot_comm_pkg/share/robot_comm_pkg/hook/ament_prefix_path.ps1'
[0.231s] INFO:colcon.colcon_core.shell:Creating environment descriptor '/data2/Brinda/Documents/Reports/ROS2/my_ros2_workspace/install/robot_comm_pkg/share/robot_comm_pkg/hook/ament_prefix_path.dsv'
[0.231s] INFO:colcon.colcon_core.shell:Creating environment hook '/data2/Brinda/Documents/Reports/ROS2/my_ros2_workspace/install/robot_comm_pkg/share/robot_comm_pkg/hook/ament_prefix_path.sh'
[0.232s] INFO:colcon.colcon_core.shell:Skip shell extension 'powershell' for command environment: Not usable outside of PowerShell
[0.232s] DEBUG:colcon.colcon_core.shell:Skip shell extension 'dsv' for command environment
[0.236s] INFO:colcon.colcon_ros.task.ament_python.build:Building ROS package in '/data2/Brinda/Documents/Reports/ROS2/my_ros2_workspace/src/robot_control_pkg' with build type 'ament_python'
[0.236s] Level 1:colcon.colcon_core.shell:create_environment_hook('robot_control_pkg', 'ament_prefix_path')
[0.236s] INFO:colcon.colcon_core.shell:Creating environment hook '/data2/Brinda/Documents/Reports/ROS2/my_ros2_workspace/install/robot_control_pkg/share/robot_control_pkg/hook/ament_prefix_path.ps1'
[0.236s] INFO:colcon.colcon_core.shell:Creating environment descriptor '/data2/Brinda/Documents/Reports/ROS2/my_ros2_workspace/install/robot_control_pkg/share/robot_control_pkg/hook/ament_prefix_path.dsv'
[0.237s] INFO:colcon.colcon_core.shell:Creating environment hook '/data2/Brinda/Documents/Reports/ROS2/my_ros2_workspace/install/robot_control_pkg/share/robot_control_pkg/hook/ament_prefix_path.sh'
[0.238s] INFO:colcon.colcon_core.shell:Skip shell extension 'powershell' for command environment: Not usable outside of PowerShell
[0.238s] DEBUG:colcon.colcon_core.shell:Skip shell extension 'dsv' for command environment
[0.242s] INFO:colcon.colcon_ros.task.ament_python.build:Building ROS package in '/data2/Brinda/Documents/Reports/ROS2/my_ros2_workspace/src/robot_service_pkg' with build type 'ament_python'
[0.242s] Level 1:colcon.colcon_core.shell:create_environment_hook('robot_service_pkg', 'ament_prefix_path')
[0.242s] INFO:colcon.colcon_core.shell:Creating environment hook '/data2/Brinda/Documents/Reports/ROS2/my_ros2_workspace/install/robot_service_pkg/share/robot_service_pkg/hook/ament_prefix_path.ps1'
[0.242s] INFO:colcon.colcon_core.shell:Creating environment descriptor '/data2/Brinda/Documents/Reports/ROS2/my_ros2_workspace/install/robot_service_pkg/share/robot_service_pkg/hook/ament_prefix_path.dsv'
[0.243s] INFO:colcon.colcon_core.shell:Creating environment hook '/data2/Brinda/Documents/Reports/ROS2/my_ros2_workspace/install/robot_service_pkg/share/robot_service_pkg/hook/ament_prefix_path.sh'
[0.243s] INFO:colcon.colcon_core.shell:Skip shell extension 'powershell' for command environment: Not usable outside of PowerShell
[0.244s] DEBUG:colcon.colcon_core.shell:Skip shell extension 'dsv' for command environment
[0.248s] INFO:colcon.colcon_ros.task.ament_python.build:Building ROS package in '/data2/Brinda/Documents/Reports/ROS2/my_ros2_workspace/src/vision_pkg' with build type 'ament_python'
[0.248s] Level 1:colcon.colcon_core.shell:create_environment_hook('vision_pkg', 'ament_prefix_path')
[0.248s] INFO:colcon.colcon_core.shell:Creating environment hook '/data2/Brinda/Documents/Reports/ROS2/my_ros2_workspace/install/vision_pkg/share/vision_pkg/hook/ament_prefix_path.ps1'
[0.248s] INFO:colcon.colcon_core.shell:Creating environment descriptor '/data2/Brinda/Documents/Reports/ROS2/my_ros2_workspace/install/vision_pkg/share/vision_pkg/hook/ament_prefix_path.dsv'
[0.249s] INFO:colcon.colcon_core.shell:Creating environment hook '/data2/Brinda/Documents/Reports/ROS2/my_ros2_workspace/install/vision_pkg/share/vision_pkg/hook/ament_prefix_path.sh'
[0.250s] INFO:colcon.colcon_core.shell:Skip shell extension 'powershell' for command environment: Not usable outside of PowerShell
[0.250s] DEBUG:colcon.colcon_core.shell:Skip shell extension 'dsv' for command environment
[0.258s] DEBUG:colcon.colcon_core.event_handler.log_command:Invoking command in '/data2/Brinda/Documents/Reports/ROS2/my_ros2_workspace/build/robot_interfaces': CMAKE_PREFIX_PATH=${CMAKE_PREFIX_PATH}:/opt/ros/humble CONDA_PROMPT_MODIFIER=(cv) /usr/bin/cmake /data2/Brinda/Documents/Reports/ROS2/my_ros2_workspace/src/robot_interfaces -DCMAKE_INSTALL_PREFIX=/data2/Brinda/Documents/Reports/ROS2/my_ros2_workspace/install/robot_interfaces
[0.261s] DEBUG:colcon.colcon_core.event_handler.log_command:Invoking command in '/data2/Brinda/Documents/Reports/ROS2/my_ros2_workspace/build/basic_gazebo_robot': CMAKE_PREFIX_PATH=${CMAKE_PREFIX_PATH}:/opt/ros/humble CONDA_PROMPT_MODIFIER=(cv) /usr/bin/cmake /data2/Brinda/Documents/Reports/ROS2/my_ros2_workspace/src/basic_gazebo_robot -DCMAKE_INSTALL_PREFIX=/data2/Brinda/Documents/Reports/ROS2/my_ros2_workspace/install/basic_gazebo_robot
[0.411s] INFO:colcon.colcon_core.task.python.build:Building Python package in '/data2/Brinda/Documents/Reports/ROS2/my_ros2_workspace/src/camera_pkg'
[0.412s] INFO:colcon.colcon_core.shell:Skip shell extension 'powershell' for command environment: Not usable outside of PowerShell
[0.412s] DEBUG:colcon.colcon_core.shell:Skip shell extension 'dsv' for command environment
[0.566s] INFO:colcon.colcon_core.task.python.build:Building Python package in '/data2/Brinda/Documents/Reports/ROS2/my_ros2_workspace/src/lidar_pkg'
[0.566s] INFO:colcon.colcon_core.shell:Skip shell extension 'powershell' for command environment: Not usable outside of PowerShell
[0.567s] DEBUG:colcon.colcon_core.shell:Skip shell extension 'dsv' for command environment
[0.575s] DEBUG:colcon.colcon_core.event_handler.log_command:Invoking command in '/data2/Brinda/Documents/Reports/ROS2/my_ros2_workspace/build/my_cpp_pkg': CMAKE_PREFIX_PATH=${CMAKE_PREFIX_PATH}:/opt/ros/humble CONDA_PROMPT_MODIFIER=(cv) /usr/bin/cmake /data2/Brinda/Documents/Reports/ROS2/my_ros2_workspace/src/my_cpp_pkg -DCMAKE_INSTALL_PREFIX=/data2/Brinda/Documents/Reports/ROS2/my_ros2_workspace/install/my_cpp_pkg
[0.729s] INFO:colcon.colcon_core.task.python.build:Building Python package in '/data2/Brinda/Documents/Reports/ROS2/my_ros2_workspace/src/my_py_pkg'
[0.729s] INFO:colcon.colcon_core.shell:Skip shell extension 'powershell' for command environment: Not usable outside of PowerShell
[0.729s] DEBUG:colcon.colcon_core.shell:Skip shell extension 'dsv' for command environment
[0.886s] INFO:colcon.colcon_core.task.python.build:Building Python package in '/data2/Brinda/Documents/Reports/ROS2/my_ros2_workspace/src/navigation_pkg'
[0.887s] INFO:colcon.colcon_core.shell:Skip shell extension 'powershell' for command environment: Not usable outside of PowerShell
[0.887s] DEBUG:colcon.colcon_core.shell:Skip shell extension 'dsv' for command environment
[1.045s] INFO:colcon.colcon_core.task.python.build:Building Python package in '/data2/Brinda/Documents/Reports/ROS2/my_ros2_workspace/robot_comm_pkg'
[1.045s] INFO:colcon.colcon_core.shell:Skip shell extension 'powershell' for command environment: Not usable outside of PowerShell
[1.045s] DEBUG:colcon.colcon_core.shell:Skip shell extension 'dsv' for command environment
[1.196s] INFO:colcon.colcon_core.task.python.build:Building Python package in '/data2/Brinda/Documents/Reports/ROS2/my_ros2_workspace/src/robot_control_pkg'
[1.197s] INFO:colcon.colcon_core.shell:Skip shell extension 'powershell' for command environment: Not usable outside of PowerShell
[1.197s] DEBUG:colcon.colcon_core.shell:Skip shell extension 'dsv' for command environment
[1.353s] INFO:colcon.colcon_core.task.python.build:Building Python package in '/data2/Brinda/Documents/Reports/ROS2/my_ros2_workspace/src/robot_service_pkg'
[1.353s] INFO:colcon.colcon_core.shell:Skip shell extension 'powershell' for command environment: Not usable outside of PowerShell
[1.353s] DEBUG:colcon.colcon_core.shell:Skip shell extension 'dsv' for command environment
[1.366s] DEBUG:colcon.colcon_core.event_handler.log_command:Invoked command in '/data2/Brinda/Documents/Reports/ROS2/my_ros2_workspace/build/basic_gazebo_robot' returned '0': CMAKE_PREFIX_PATH=${CMAKE_PREFIX_PATH}:/opt/ros/humble CONDA_PROMPT_MODIFIER=(cv) /usr/bin/cmake /data2/Brinda/Documents/Reports/ROS2/my_ros2_workspace/src/basic_gazebo_robot -DCMAKE_INSTALL_PREFIX=/data2/Brinda/Documents/Reports/ROS2/my_ros2_workspace/install/basic_gazebo_robot
[1.366s] DEBUG:colcon.colcon_core.event_handler.log_command:Invoking command in '/data2/Brinda/Documents/Reports/ROS2/my_ros2_workspace/build/basic_gazebo_robot': CMAKE_PREFIX_PATH=${CMAKE_PREFIX_PATH}:/opt/ros/humble CONDA_PROMPT_MODIFIER=(cv) /usr/bin/cmake --build /data2/Brinda/Documents/Reports/ROS2/my_ros2_workspace/build/basic_gazebo_robot -- -j16 -l16
[1.506s] INFO:colcon.colcon_core.task.python.build:Building Python package in '/data2/Brinda/Documents/Reports/ROS2/my_ros2_workspace/src/vision_pkg'
[1.506s] INFO:colcon.colcon_core.shell:Skip shell extension 'powershell' for command environment: Not usable outside of PowerShell
[1.506s] DEBUG:colcon.colcon_core.shell:Skip shell extension 'dsv' for command environment
[1.511s] DEBUG:colcon.colcon_core.event_handler.log_command:Invoked command in '/data2/Brinda/Documents/Reports/ROS2/my_ros2_workspace/build/my_cpp_pkg' returned '0': CMAKE_PREFIX_PATH=${CMAKE_PREFIX_PATH}:/opt/ros/humble CONDA_PROMPT_MODIFIER=(cv) /usr/bin/cmake /data2/Brinda/Documents/Reports/ROS2/my_ros2_workspace/src/my_cpp_pkg -DCMAKE_INSTALL_PREFIX=/data2/Brinda/Documents/Reports/ROS2/my_ros2_workspace/install/my_cpp_pkg
[1.512s] DEBUG:colcon.colcon_core.event_handler.log_command:Invoking command in '/data2/Brinda/Documents/Reports/ROS2/my_ros2_workspace/build/my_cpp_pkg': CMAKE_PREFIX_PATH=${CMAKE_PREFIX_PATH}:/opt/ros/humble CONDA_PROMPT_MODIFIER=(cv) /usr/bin/cmake --build /data2/Brinda/Documents/Reports/ROS2/my_ros2_workspace/build/my_cpp_pkg -- -j16 -l16
[1.512s] DEBUG:colcon.colcon_core.event_handler.log_command:Invoked command in '/data2/Brinda/Documents/Reports/ROS2/my_ros2_workspace/build/robot_interfaces' returned '0': CMAKE_PREFIX_PATH=${CMAKE_PREFIX_PATH}:/opt/ros/humble CONDA_PROMPT_MODIFIER=(cv) /usr/bin/cmake /data2/Brinda/Documents/Reports/ROS2/my_ros2_workspace/src/robot_interfaces -DCMAKE_INSTALL_PREFIX=/data2/Brinda/Documents/Reports/ROS2/my_ros2_workspace/install/robot_interfaces
[1.513s] DEBUG:colcon.colcon_core.event_handler.log_command:Invoking command in '/data2/Brinda/Documents/Reports/ROS2/my_ros2_workspace/build/robot_interfaces': CMAKE_PREFIX_PATH=${CMAKE_PREFIX_PATH}:/opt/ros/humble CONDA_PROMPT_MODIFIER=(cv) /usr/bin/cmake --build /data2/Brinda/Documents/Reports/ROS2/my_ros2_workspace/build/robot_interfaces -- -j16 -l16
[1.526s] DEBUG:colcon.colcon_core.event_handler.log_command:Invoked command in '/data2/Brinda/Documents/Reports/ROS2/my_ros2_workspace/build/basic_gazebo_robot' returned '0': CMAKE_PREFIX_PATH=${CMAKE_PREFIX_PATH}:/opt/ros/humble CONDA_PROMPT_MODIFIER=(cv) /usr/bin/cmake --build /data2/Brinda/Documents/Reports/ROS2/my_ros2_workspace/build/basic_gazebo_robot -- -j16 -l16
[1.542s] DEBUG:colcon.colcon_core.event_handler.log_command:Invoking command in '/data2/Brinda/Documents/Reports/ROS2/my_ros2_workspace/build/basic_gazebo_robot': CMAKE_PREFIX_PATH=${CMAKE_PREFIX_PATH}:/opt/ros/humble CONDA_PROMPT_MODIFIER=(cv) /usr/bin/cmake --install /data2/Brinda/Documents/Reports/ROS2/my_ros2_workspace/build/basic_gazebo_robot
[1.678s] Level 1:colcon.colcon_core.environment:create_environment_scripts_only(basic_gazebo_robot)
[1.679s] DEBUG:colcon.colcon_core.event_handler.log_command:Invoked command in '/data2/Brinda/Documents/Reports/ROS2/my_ros2_workspace/build/basic_gazebo_robot' returned '0': CMAKE_PREFIX_PATH=${CMAKE_PREFIX_PATH}:/opt/ros/humble CONDA_PROMPT_MODIFIER=(cv) /usr/bin/cmake --install /data2/Brinda/Documents/Reports/ROS2/my_ros2_workspace/build/basic_gazebo_robot
[1.681s] Level 1:colcon.colcon_core.environment:checking '/data2/Brinda/Documents/Reports/ROS2/my_ros2_workspace/install/basic_gazebo_robot' for CMake module files
[1.696s] Level 1:colcon.colcon_core.environment:checking '/data2/Brinda/Documents/Reports/ROS2/my_ros2_workspace/install/basic_gazebo_robot' for CMake config files
[1.710s] Level 1:colcon.colcon_core.shell:create_environment_hook('basic_gazebo_robot', 'cmake_prefix_path')
[1.711s] INFO:colcon.colcon_core.shell:Creating environment hook '/data2/Brinda/Documents/Reports/ROS2/my_ros2_workspace/install/basic_gazebo_robot/share/basic_gazebo_robot/hook/cmake_prefix_path.ps1'
[1.713s] INFO:colcon.colcon_core.shell:Creating environment descriptor '/data2/Brinda/Documents/Reports/ROS2/my_ros2_workspace/install/basic_gazebo_robot/share/basic_gazebo_robot/hook/cmake_prefix_path.dsv'
[1.715s] INFO:colcon.colcon_core.shell:Creating environment hook '/data2/Brinda/Documents/Reports/ROS2/my_ros2_workspace/install/basic_gazebo_robot/share/basic_gazebo_robot/hook/cmake_prefix_path.sh'
[1.719s] Level 1:colcon.colcon_core.environment:checking '/data2/Brinda/Documents/Reports/ROS2/my_ros2_workspace/install/basic_gazebo_robot/bin'
[1.719s] Level 1:colcon.colcon_core.environment:checking '/data2/Brinda/Documents/Reports/ROS2/my_ros2_workspace/install/basic_gazebo_robot/lib/pkgconfig/basic_gazebo_robot.pc'
[1.720s] Level 1:colcon.colcon_core.environment:checking '/data2/Brinda/Documents/Reports/ROS2/my_ros2_workspace/install/basic_gazebo_robot/lib/python3.10/site-packages'
[1.720s] Level 1:colcon.colcon_core.environment:checking '/data2/Brinda/Documents/Reports/ROS2/my_ros2_workspace/install/basic_gazebo_robot/bin'
[1.721s] INFO:colcon.colcon_core.shell:Creating package script '/data2/Brinda/Documents/Reports/ROS2/my_ros2_workspace/install/basic_gazebo_robot/share/basic_gazebo_robot/package.ps1'
[1.725s] INFO:colcon.colcon_core.shell:Creating package descriptor '/data2/Brinda/Documents/Reports/ROS2/my_ros2_workspace/install/basic_gazebo_robot/share/basic_gazebo_robot/package.dsv'
[1.728s] INFO:colcon.colcon_core.shell:Creating package script '/data2/Brinda/Documents/Reports/ROS2/my_ros2_workspace/install/basic_gazebo_robot/share/basic_gazebo_robot/package.sh'
[1.731s] INFO:colcon.colcon_core.shell:Creating package script '/data2/Brinda/Documents/Reports/ROS2/my_ros2_workspace/install/basic_gazebo_robot/share/basic_gazebo_robot/package.bash'
[1.733s] INFO:colcon.colcon_core.shell:Creating package script '/data2/Brinda/Documents/Reports/ROS2/my_ros2_workspace/install/basic_gazebo_robot/share/basic_gazebo_robot/package.zsh'
[1.736s] Level 1:colcon.colcon_core.environment:create_file_with_runtime_dependencies(/data2/Brinda/Documents/Reports/ROS2/my_ros2_workspace/install/basic_gazebo_robot/share/colcon-core/packages/basic_gazebo_robot)
[1.739s] Level 1:colcon.colcon_core.environment:create_environment_scripts_only(basic_gazebo_robot)
[1.740s] Level 1:colcon.colcon_core.environment:checking '/data2/Brinda/Documents/Reports/ROS2/my_ros2_workspace/install/basic_gazebo_robot' for CMake module files
[1.754s] Level 1:colcon.colcon_core.environment:checking '/data2/Brinda/Documents/Reports/ROS2/my_ros2_workspace/install/basic_gazebo_robot' for CMake config files
[1.769s] Level 1:colcon.colcon_core.shell:create_environment_hook('basic_gazebo_robot', 'cmake_prefix_path')
[1.769s] INFO:colcon.colcon_core.shell:Creating environment hook '/data2/Brinda/Documents/Reports/ROS2/my_ros2_workspace/install/basic_gazebo_robot/share/basic_gazebo_robot/hook/cmake_prefix_path.ps1'
[1.772s] INFO:colcon.colcon_core.shell:Creating environment descriptor '/data2/Brinda/Documents/Reports/ROS2/my_ros2_workspace/install/basic_gazebo_robot/share/basic_gazebo_robot/hook/cmake_prefix_path.dsv'
[1.775s] INFO:colcon.colcon_core.shell:Creating environment hook '/data2/Brinda/Documents/Reports/ROS2/my_ros2_workspace/install/basic_gazebo_robot/share/basic_gazebo_robot/hook/cmake_prefix_path.sh'
[1.779s] Level 1:colcon.colcon_core.environment:checking '/data2/Brinda/Documents/Reports/ROS2/my_ros2_workspace/install/basic_gazebo_robot/bin'
[1.779s] Level 1:colcon.colcon_core.environment:checking '/data2/Brinda/Documents/Reports/ROS2/my_ros2_workspace/install/basic_gazebo_robot/lib/pkgconfig/basic_gazebo_robot.pc'
[1.780s] Level 1:colcon.colcon_core.environment:checking '/data2/Brinda/Documents/Reports/ROS2/my_ros2_workspace/install/basic_gazebo_robot/lib/python3.10/site-packages'
[1.780s] Level 1:colcon.colcon_core.environment:checking '/data2/Brinda/Documents/Reports/ROS2/my_ros2_workspace/install/basic_gazebo_robot/bin'
[1.781s] INFO:colcon.colcon_core.shell:Creating package script '/data2/Brinda/Documents/Reports/ROS2/my_ros2_workspace/install/basic_gazebo_robot/share/basic_gazebo_robot/package.ps1'
[1.784s] INFO:colcon.colcon_core.shell:Creating package descriptor '/data2/Brinda/Documents/Reports/ROS2/my_ros2_workspace/install/basic_gazebo_robot/share/basic_gazebo_robot/package.dsv'
[1.786s] INFO:colcon.colcon_core.shell:Creating package script '/data2/Brinda/Documents/Reports/ROS2/my_ros2_workspace/install/basic_gazebo_robot/share/basic_gazebo_robot/package.sh'
[1.789s] INFO:colcon.colcon_core.shell:Creating package script '/data2/Brinda/Documents/Reports/ROS2/my_ros2_workspace/install/basic_gazebo_robot/share/basic_gazebo_robot/package.bash'
[1.791s] INFO:colcon.colcon_core.shell:Creating package script '/data2/Brinda/Documents/Reports/ROS2/my_ros2_workspace/install/basic_gazebo_robot/share/basic_gazebo_robot/package.zsh'
[1.794s] Level 1:colcon.colcon_core.environment:create_file_with_runtime_dependencies(/data2/Brinda/Documents/Reports/ROS2/my_ros2_workspace/install/basic_gazebo_robot/share/colcon-core/packages/basic_gazebo_robot)
[1.841s] DEBUG:colcon.colcon_core.event_handler.log_command:Invoked command in '/data2/Brinda/Documents/Reports/ROS2/my_ros2_workspace/build/my_cpp_pkg' returned '0': CMAKE_PREFIX_PATH=${CMAKE_PREFIX_PATH}:/opt/ros/humble CONDA_PROMPT_MODIFIER=(cv) /usr/bin/cmake --build /data2/Brinda/Documents/Reports/ROS2/my_ros2_workspace/build/my_cpp_pkg -- -j16 -l16
[1.845s] DEBUG:colcon.colcon_core.event_handler.log_command:Invoking command in '/data2/Brinda/Documents/Reports/ROS2/my_ros2_workspace/build/my_cpp_pkg': CMAKE_PREFIX_PATH=${CMAKE_PREFIX_PATH}:/opt/ros/humble CONDA_PROMPT_MODIFIER=(cv) /usr/bin/cmake --install /data2/Brinda/Documents/Reports/ROS2/my_ros2_workspace/build/my_cpp_pkg
[1.916s] Level 1:colcon.colcon_core.environment:create_environment_scripts_only(my_cpp_pkg)
[1.916s] Level 1:colcon.colcon_core.environment:checking '/data2/Brinda/Documents/Reports/ROS2/my_ros2_workspace/install/my_cpp_pkg' for CMake module files
[1.917s] DEBUG:colcon.colcon_core.event_handler.log_command:Invoked command in '/data2/Brinda/Documents/Reports/ROS2/my_ros2_workspace/build/my_cpp_pkg' returned '0': CMAKE_PREFIX_PATH=${CMAKE_PREFIX_PATH}:/opt/ros/humble CONDA_PROMPT_MODIFIER=(cv) /usr/bin/cmake --install /data2/Brinda/Documents/Reports/ROS2/my_ros2_workspace/build/my_cpp_pkg
[1.922s] Level 1:colcon.colcon_core.environment:checking '/data2/Brinda/Documents/Reports/ROS2/my_ros2_workspace/install/my_cpp_pkg' for CMake config files
[1.927s] Level 1:colcon.colcon_core.shell:create_environment_hook('my_cpp_pkg', 'cmake_prefix_path')
[1.927s] INFO:colcon.colcon_core.shell:Creating environment hook '/data2/Brinda/Documents/Reports/ROS2/my_ros2_workspace/install/my_cpp_pkg/share/my_cpp_pkg/hook/cmake_prefix_path.ps1'
[1.928s] INFO:colcon.colcon_core.shell:Creating environment descriptor '/data2/Brinda/Documents/Reports/ROS2/my_ros2_workspace/install/my_cpp_pkg/share/my_cpp_pkg/hook/cmake_prefix_path.dsv'
[1.929s] INFO:colcon.colcon_core.shell:Creating environment hook '/data2/Brinda/Documents/Reports/ROS2/my_ros2_workspace/install/my_cpp_pkg/share/my_cpp_pkg/hook/cmake_prefix_path.sh'
[1.931s] Level 1:colcon.colcon_core.environment:checking '/data2/Brinda/Documents/Reports/ROS2/my_ros2_workspace/install/my_cpp_pkg/lib'
[1.931s] Level 1:colcon.colcon_core.environment:checking '/data2/Brinda/Documents/Reports/ROS2/my_ros2_workspace/install/my_cpp_pkg/bin'
[1.931s] Level 1:colcon.colcon_core.environment:checking '/data2/Brinda/Documents/Reports/ROS2/my_ros2_workspace/install/my_cpp_pkg/lib/pkgconfig/my_cpp_pkg.pc'
[1.931s] Level 1:colcon.colcon_core.environment:checking '/data2/Brinda/Documents/Reports/ROS2/my_ros2_workspace/install/my_cpp_pkg/lib/python3.10/site-packages'
[1.932s] Level 1:colcon.colcon_core.environment:checking '/data2/Brinda/Documents/Reports/ROS2/my_ros2_workspace/install/my_cpp_pkg/bin'
[1.932s] INFO:colcon.colcon_core.shell:Creating package script '/data2/Brinda/Documents/Reports/ROS2/my_ros2_workspace/install/my_cpp_pkg/share/my_cpp_pkg/package.ps1'
[1.933s] INFO:colcon.colcon_core.shell:Creating package descriptor '/data2/Brinda/Documents/Reports/ROS2/my_ros2_workspace/install/my_cpp_pkg/share/my_cpp_pkg/package.dsv'
[1.933s] INFO:colcon.colcon_core.shell:Creating package script '/data2/Brinda/Documents/Reports/ROS2/my_ros2_workspace/install/my_cpp_pkg/share/my_cpp_pkg/package.sh'
[1.934s] INFO:colcon.colcon_core.shell:Creating package script '/data2/Brinda/Documents/Reports/ROS2/my_ros2_workspace/install/my_cpp_pkg/share/my_cpp_pkg/package.bash'
[1.935s] INFO:colcon.colcon_core.shell:Creating package script '/data2/Brinda/Documents/Reports/ROS2/my_ros2_workspace/install/my_cpp_pkg/share/my_cpp_pkg/package.zsh'
[1.935s] Level 1:colcon.colcon_core.environment:create_file_with_runtime_dependencies(/data2/Brinda/Documents/Reports/ROS2/my_ros2_workspace/install/my_cpp_pkg/share/colcon-core/packages/my_cpp_pkg)
[1.936s] Level 1:colcon.colcon_core.environment:create_environment_scripts_only(my_cpp_pkg)
[1.936s] Level 1:colcon.colcon_core.environment:checking '/data2/Brinda/Documents/Reports/ROS2/my_ros2_workspace/install/my_cpp_pkg' for CMake module files
[1.941s] Level 1:colcon.colcon_core.environment:checking '/data2/Brinda/Documents/Reports/ROS2/my_ros2_workspace/install/my_cpp_pkg' for CMake config files
[1.946s] Level 1:colcon.colcon_core.shell:create_environment_hook('my_cpp_pkg', 'cmake_prefix_path')
[1.946s] INFO:colcon.colcon_core.shell:Creating environment hook '/data2/Brinda/Documents/Reports/ROS2/my_ros2_workspace/install/my_cpp_pkg/share/my_cpp_pkg/hook/cmake_prefix_path.ps1'
[1.947s] INFO:colcon.colcon_core.shell:Creating environment descriptor '/data2/Brinda/Documents/Reports/ROS2/my_ros2_workspace/install/my_cpp_pkg/share/my_cpp_pkg/hook/cmake_prefix_path.dsv'
[1.948s] INFO:colcon.colcon_core.shell:Creating environment hook '/data2/Brinda/Documents/Reports/ROS2/my_ros2_workspace/install/my_cpp_pkg/share/my_cpp_pkg/hook/cmake_prefix_path.sh'
[1.949s] Level 1:colcon.colcon_core.environment:checking '/data2/Brinda/Documents/Reports/ROS2/my_ros2_workspace/install/my_cpp_pkg/lib'
[1.949s] Level 1:colcon.colcon_core.environment:checking '/data2/Brinda/Documents/Reports/ROS2/my_ros2_workspace/install/my_cpp_pkg/bin'
[1.949s] Level 1:colcon.colcon_core.environment:checking '/data2/Brinda/Documents/Reports/ROS2/my_ros2_workspace/install/my_cpp_pkg/lib/pkgconfig/my_cpp_pkg.pc'
[1.949s] Level 1:colcon.colcon_core.environment:checking '/data2/Brinda/Documents/Reports/ROS2/my_ros2_workspace/install/my_cpp_pkg/lib/python3.10/site-packages'
[1.950s] Level 1:colcon.colcon_core.environment:checking '/data2/Brinda/Documents/Reports/ROS2/my_ros2_workspace/install/my_cpp_pkg/bin'
[1.950s] INFO:colcon.colcon_core.shell:Creating package script '/data2/Brinda/Documents/Reports/ROS2/my_ros2_workspace/install/my_cpp_pkg/share/my_cpp_pkg/package.ps1'
[1.951s] INFO:colcon.colcon_core.shell:Creating package descriptor '/data2/Brinda/Documents/Reports/ROS2/my_ros2_workspace/install/my_cpp_pkg/share/my_cpp_pkg/package.dsv'
[1.952s] INFO:colcon.colcon_core.shell:Creating package script '/data2/Brinda/Documents/Reports/ROS2/my_ros2_workspace/install/my_cpp_pkg/share/my_cpp_pkg/package.sh'
[1.952s] INFO:colcon.colcon_core.shell:Creating package script '/data2/Brinda/Documents/Reports/ROS2/my_ros2_workspace/install/my_cpp_pkg/share/my_cpp_pkg/package.bash'
[1.953s] INFO:colcon.colcon_core.shell:Creating package script '/data2/Brinda/Documents/Reports/ROS2/my_ros2_workspace/install/my_cpp_pkg/share/my_cpp_pkg/package.zsh'
[1.954s] Level 1:colcon.colcon_core.environment:create_file_with_runtime_dependencies(/data2/Brinda/Documents/Reports/ROS2/my_ros2_workspace/install/my_cpp_pkg/share/colcon-core/packages/my_cpp_pkg)
[2.062s] DEBUG:colcon.colcon_core.event_handler.log_command:Invoking command in '/data2/Brinda/Documents/Reports/ROS2/my_ros2_workspace/src/camera_pkg': CONDA_PROMPT_MODIFIER=(cv) PYTHONPATH=/data2/Brinda/Documents/Reports/ROS2/my_ros2_workspace/build/camera_pkg/prefix_override:/usr/lib/python3/dist-packages/colcon_core/task/python/colcon_distutils_commands:/data2/Brinda/Documents/Reports/ROS2/my_ros2_workspace/install/camera_pkg/lib/python3.10/site-packages:${PYTHONPATH} /usr/bin/python3 -W ignore:setup.py install is deprecated -W ignore:easy_install command is deprecated setup.py egg_info --egg-base ../../build/camera_pkg build --build-base /data2/Brinda/Documents/Reports/ROS2/my_ros2_workspace/build/camera_pkg/build install --record /data2/Brinda/Documents/Reports/ROS2/my_ros2_workspace/build/camera_pkg/install.log --single-version-externally-managed install_data
[2.093s] DEBUG:colcon.colcon_core.event_handler.log_command:Invoking command in '/data2/Brinda/Documents/Reports/ROS2/my_ros2_workspace/src/lidar_pkg': CONDA_PROMPT_MODIFIER=(cv) PYTHONPATH=/data2/Brinda/Documents/Reports/ROS2/my_ros2_workspace/build/lidar_pkg/prefix_override:/usr/lib/python3/dist-packages/colcon_core/task/python/colcon_distutils_commands:/data2/Brinda/Documents/Reports/ROS2/my_ros2_workspace/install/lidar_pkg/lib/python3.10/site-packages:${PYTHONPATH} /usr/bin/python3 -W ignore:setup.py install is deprecated -W ignore:easy_install command is deprecated setup.py egg_info --egg-base ../../build/lidar_pkg build --build-base /data2/Brinda/Documents/Reports/ROS2/my_ros2_workspace/build/lidar_pkg/build install --record /data2/Brinda/Documents/Reports/ROS2/my_ros2_workspace/build/lidar_pkg/install.log --single-version-externally-managed install_data
[2.102s] DEBUG:colcon.colcon_core.event_handler.log_command:Invoking command in '/data2/Brinda/Documents/Reports/ROS2/my_ros2_workspace/robot_comm_pkg': CONDA_PROMPT_MODIFIER=(cv) PYTHONPATH=/data2/Brinda/Documents/Reports/ROS2/my_ros2_workspace/build/robot_comm_pkg/prefix_override:/usr/lib/python3/dist-packages/colcon_core/task/python/colcon_distutils_commands:/data2/Brinda/Documents/Reports/ROS2/my_ros2_workspace/install/robot_comm_pkg/lib/python3.10/site-packages:${PYTHONPATH} /usr/bin/python3 -W ignore:setup.py install is deprecated -W ignore:easy_install command is deprecated setup.py egg_info --egg-base ../build/robot_comm_pkg build --build-base /data2/Brinda/Documents/Reports/ROS2/my_ros2_workspace/build/robot_comm_pkg/build install --record /data2/Brinda/Documents/Reports/ROS2/my_ros2_workspace/build/robot_comm_pkg/install.log --single-version-externally-managed install_data
[2.107s] DEBUG:colcon.colcon_core.event_handler.log_command:Invoking command in '/data2/Brinda/Documents/Reports/ROS2/my_ros2_workspace/src/my_py_pkg': CONDA_PROMPT_MODIFIER=(cv) PYTHONPATH=/data2/Brinda/Documents/Reports/ROS2/my_ros2_workspace/build/my_py_pkg/prefix_override:/usr/lib/python3/dist-packages/colcon_core/task/python/colcon_distutils_commands:/data2/Brinda/Documents/Reports/ROS2/my_ros2_workspace/install/my_py_pkg/lib/python3.10/site-packages:${PYTHONPATH} /usr/bin/python3 -W ignore:setup.py install is deprecated -W ignore:easy_install command is deprecated setup.py egg_info --egg-base ../../build/my_py_pkg build --build-base /data2/Brinda/Documents/Reports/ROS2/my_ros2_workspace/build/my_py_pkg/build install --record /data2/Brinda/Documents/Reports/ROS2/my_ros2_workspace/build/my_py_pkg/install.log --single-version-externally-managed install_data
[2.112s] DEBUG:colcon.colcon_core.event_handler.log_command:Invoking command in '/data2/Brinda/Documents/Reports/ROS2/my_ros2_workspace/src/navigation_pkg': CONDA_PROMPT_MODIFIER=(cv) PYTHONPATH=/data2/Brinda/Documents/Reports/ROS2/my_ros2_workspace/build/navigation_pkg/prefix_override:/usr/lib/python3/dist-packages/colcon_core/task/python/colcon_distutils_commands:/data2/Brinda/Documents/Reports/ROS2/my_ros2_workspace/install/navigation_pkg/lib/python3.10/site-packages:${PYTHONPATH} /usr/bin/python3 -W ignore:setup.py install is deprecated -W ignore:easy_install command is deprecated setup.py egg_info --egg-base ../../build/navigation_pkg build --build-base /data2/Brinda/Documents/Reports/ROS2/my_ros2_workspace/build/navigation_pkg/build install --record /data2/Brinda/Documents/Reports/ROS2/my_ros2_workspace/build/navigation_pkg/install.log --single-version-externally-managed install_data
[2.117s] DEBUG:colcon.colcon_core.event_handler.log_command:Invoking command in '/data2/Brinda/Documents/Reports/ROS2/my_ros2_workspace/src/robot_control_pkg': CONDA_PROMPT_MODIFIER=(cv) PYTHONPATH=/data2/Brinda/Documents/Reports/ROS2/my_ros2_workspace/build/robot_control_pkg/prefix_override:/usr/lib/python3/dist-packages/colcon_core/task/python/colcon_distutils_commands:/data2/Brinda/Documents/Reports/ROS2/my_ros2_workspace/install/robot_control_pkg/lib/python3.10/site-packages:${PYTHONPATH} /usr/bin/python3 -W ignore:setup.py install is deprecated -W ignore:easy_install command is deprecated setup.py egg_info --egg-base ../../build/robot_control_pkg build --build-base /data2/Brinda/Documents/Reports/ROS2/my_ros2_workspace/build/robot_control_pkg/build install --record /data2/Brinda/Documents/Reports/ROS2/my_ros2_workspace/build/robot_control_pkg/install.log --single-version-externally-managed install_data
[2.135s] DEBUG:colcon.colcon_core.event_handler.log_command:Invoking command in '/data2/Brinda/Documents/Reports/ROS2/my_ros2_workspace/src/vision_pkg': CONDA_PROMPT_MODIFIER=(cv) PYTHONPATH=/data2/Brinda/Documents/Reports/ROS2/my_ros2_workspace/build/vision_pkg/prefix_override:/usr/lib/python3/dist-packages/colcon_core/task/python/colcon_distutils_commands:/data2/Brinda/Documents/Reports/ROS2/my_ros2_workspace/install/vision_pkg/lib/python3.10/site-packages:${PYTHONPATH} /usr/bin/python3 -W ignore:setup.py install is deprecated -W ignore:easy_install command is deprecated setup.py egg_info --egg-base ../../build/vision_pkg build --build-base /data2/Brinda/Documents/Reports/ROS2/my_ros2_workspace/build/vision_pkg/build install --record /data2/Brinda/Documents/Reports/ROS2/my_ros2_workspace/build/vision_pkg/install.log --single-version-externally-managed install_data
[2.140s] DEBUG:colcon.colcon_core.event_handler.log_command:Invoking command in '/data2/Brinda/Documents/Reports/ROS2/my_ros2_workspace/src/robot_service_pkg': CONDA_PROMPT_MODIFIER=(cv) PYTHONPATH=/data2/Brinda/Documents/Reports/ROS2/my_ros2_workspace/build/robot_service_pkg/prefix_override:/usr/lib/python3/dist-packages/colcon_core/task/python/colcon_distutils_commands:/data2/Brinda/Documents/Reports/ROS2/my_ros2_workspace/install/robot_service_pkg/lib/python3.10/site-packages:${PYTHONPATH} /usr/bin/python3 -W ignore:setup.py install is deprecated -W ignore:easy_install command is deprecated setup.py egg_info --egg-base ../../build/robot_service_pkg build --build-base /data2/Brinda/Documents/Reports/ROS2/my_ros2_workspace/build/robot_service_pkg/build install --record /data2/Brinda/Documents/Reports/ROS2/my_ros2_workspace/build/robot_service_pkg/install.log --single-version-externally-managed install_data
[2.230s] DEBUG:colcon.colcon_core.event_handler.log_command:Invoked command in '/data2/Brinda/Documents/Reports/ROS2/my_ros2_workspace/build/robot_interfaces' returned '0': CMAKE_PREFIX_PATH=${CMAKE_PREFIX_PATH}:/opt/ros/humble CONDA_PROMPT_MODIFIER=(cv) /usr/bin/cmake --build /data2/Brinda/Documents/Reports/ROS2/my_ros2_workspace/build/robot_interfaces -- -j16 -l16
[2.232s] DEBUG:colcon.colcon_core.event_handler.log_command:Invoking command in '/data2/Brinda/Documents/Reports/ROS2/my_ros2_workspace/build/robot_interfaces': CMAKE_PREFIX_PATH=${CMAKE_PREFIX_PATH}:/opt/ros/humble CONDA_PROMPT_MODIFIER=(cv) /usr/bin/cmake --install /data2/Brinda/Documents/Reports/ROS2/my_ros2_workspace/build/robot_interfaces
[2.565s] Level 1:colcon.colcon_core.environment:checking '/data2/Brinda/Documents/Reports/ROS2/my_ros2_workspace/install/robot_control_pkg' for CMake module files
[2.566s] DEBUG:colcon.colcon_core.event_handler.log_command:Invoked command in '/data2/Brinda/Documents/Reports/ROS2/my_ros2_workspace/src/robot_control_pkg' returned '0': CONDA_PROMPT_MODIFIER=(cv) PYTHONPATH=/data2/Brinda/Documents/Reports/ROS2/my_ros2_workspace/build/robot_control_pkg/prefix_override:/usr/lib/python3/dist-packages/colcon_core/task/python/colcon_distutils_commands:/data2/Brinda/Documents/Reports/ROS2/my_ros2_workspace/install/robot_control_pkg/lib/python3.10/site-packages:${PYTHONPATH} /usr/bin/python3 -W ignore:setup.py install is deprecated -W ignore:easy_install command is deprecated setup.py egg_info --egg-base ../../build/robot_control_pkg build --build-base /data2/Brinda/Documents/Reports/ROS2/my_ros2_workspace/build/robot_control_pkg/build install --record /data2/Brinda/Documents/Reports/ROS2/my_ros2_workspace/build/robot_control_pkg/install.log --single-version-externally-managed install_data
[2.569s] Level 1:colcon.colcon_core.environment:checking '/data2/Brinda/Documents/Reports/ROS2/my_ros2_workspace/install/robot_control_pkg' for CMake config files
[2.573s] Level 1:colcon.colcon_core.environment:checking '/data2/Brinda/Documents/Reports/ROS2/my_ros2_workspace/install/robot_control_pkg/lib'
[2.573s] Level 1:colcon.colcon_core.environment:checking '/data2/Brinda/Documents/Reports/ROS2/my_ros2_workspace/install/robot_control_pkg/bin'
[2.573s] Level 1:colcon.colcon_core.environment:checking '/data2/Brinda/Documents/Reports/ROS2/my_ros2_workspace/install/robot_control_pkg/lib/pkgconfig/robot_control_pkg.pc'
[2.574s] Level 1:colcon.colcon_core.environment:checking '/data2/Brinda/Documents/Reports/ROS2/my_ros2_workspace/install/robot_control_pkg/lib/python3.10/site-packages'
[2.574s] Level 1:colcon.colcon_core.shell:create_environment_hook('robot_control_pkg', 'pythonpath')
[2.574s] INFO:colcon.colcon_core.shell:Creating environment hook '/data2/Brinda/Documents/Reports/ROS2/my_ros2_workspace/install/robot_control_pkg/share/robot_control_pkg/hook/pythonpath.ps1'
[2.575s] INFO:colcon.colcon_core.shell:Creating environment descriptor '/data2/Brinda/Documents/Reports/ROS2/my_ros2_workspace/install/robot_control_pkg/share/robot_control_pkg/hook/pythonpath.dsv'
[2.576s] INFO:colcon.colcon_core.shell:Creating environment hook '/data2/Brinda/Documents/Reports/ROS2/my_ros2_workspace/install/robot_control_pkg/share/robot_control_pkg/hook/pythonpath.sh'
[2.578s] Level 1:colcon.colcon_core.environment:checking '/data2/Brinda/Documents/Reports/ROS2/my_ros2_workspace/install/robot_control_pkg/bin'
[2.578s] Level 1:colcon.colcon_core.environment:create_environment_scripts_only(robot_control_pkg)
[2.579s] INFO:colcon.colcon_core.shell:Creating package script '/data2/Brinda/Documents/Reports/ROS2/my_ros2_workspace/install/robot_control_pkg/share/robot_control_pkg/package.ps1'
[2.580s] INFO:colcon.colcon_core.shell:Creating package descriptor '/data2/Brinda/Documents/Reports/ROS2/my_ros2_workspace/install/robot_control_pkg/share/robot_control_pkg/package.dsv'
[2.582s] INFO:colcon.colcon_core.shell:Creating package script '/data2/Brinda/Documents/Reports/ROS2/my_ros2_workspace/install/robot_control_pkg/share/robot_control_pkg/package.sh'
[2.583s] INFO:colcon.colcon_core.shell:Creating package script '/data2/Brinda/Documents/Reports/ROS2/my_ros2_workspace/install/robot_control_pkg/share/robot_control_pkg/package.bash'
[2.584s] INFO:colcon.colcon_core.shell:Creating package script '/data2/Brinda/Documents/Reports/ROS2/my_ros2_workspace/install/robot_control_pkg/share/robot_control_pkg/package.zsh'
[2.585s] Level 1:colcon.colcon_core.environment:create_file_with_runtime_dependencies(/data2/Brinda/Documents/Reports/ROS2/my_ros2_workspace/install/robot_control_pkg/share/colcon-core/packages/robot_control_pkg)
[2.586s] Level 1:colcon.colcon_core.environment:checking '/data2/Brinda/Documents/Reports/ROS2/my_ros2_workspace/install/camera_pkg' for CMake module files
[2.587s] DEBUG:colcon.colcon_core.event_handler.log_command:Invoked command in '/data2/Brinda/Documents/Reports/ROS2/my_ros2_workspace/src/camera_pkg' returned '0': CONDA_PROMPT_MODIFIER=(cv) PYTHONPATH=/data2/Brinda/Documents/Reports/ROS2/my_ros2_workspace/build/camera_pkg/prefix_override:/usr/lib/python3/dist-packages/colcon_core/task/python/colcon_distutils_commands:/data2/Brinda/Documents/Reports/ROS2/my_ros2_workspace/install/camera_pkg/lib/python3.10/site-packages:${PYTHONPATH} /usr/bin/python3 -W ignore:setup.py install is deprecated -W ignore:easy_install command is deprecated setup.py egg_info --egg-base ../../build/camera_pkg build --build-base /data2/Brinda/Documents/Reports/ROS2/my_ros2_workspace/build/camera_pkg/build install --record /data2/Brinda/Documents/Reports/ROS2/my_ros2_workspace/build/camera_pkg/install.log --single-version-externally-managed install_data
[2.589s] Level 1:colcon.colcon_core.environment:checking '/data2/Brinda/Documents/Reports/ROS2/my_ros2_workspace/install/camera_pkg' for CMake config files
[2.591s] Level 1:colcon.colcon_core.environment:checking '/data2/Brinda/Documents/Reports/ROS2/my_ros2_workspace/install/camera_pkg/lib'
[2.591s] Level 1:colcon.colcon_core.environment:checking '/data2/Brinda/Documents/Reports/ROS2/my_ros2_workspace/install/camera_pkg/bin'
[2.592s] Level 1:colcon.colcon_core.environment:checking '/data2/Brinda/Documents/Reports/ROS2/my_ros2_workspace/install/camera_pkg/lib/pkgconfig/camera_pkg.pc'
[2.592s] Level 1:colcon.colcon_core.environment:checking '/data2/Brinda/Documents/Reports/ROS2/my_ros2_workspace/install/camera_pkg/lib/python3.10/site-packages'
[2.592s] Level 1:colcon.colcon_core.shell:create_environment_hook('camera_pkg', 'pythonpath')
[2.592s] INFO:colcon.colcon_core.shell:Creating environment hook '/data2/Brinda/Documents/Reports/ROS2/my_ros2_workspace/install/camera_pkg/share/camera_pkg/hook/pythonpath.ps1'
[2.593s] INFO:colcon.colcon_core.shell:Creating environment descriptor '/data2/Brinda/Documents/Reports/ROS2/my_ros2_workspace/install/camera_pkg/share/camera_pkg/hook/pythonpath.dsv'
[2.594s] INFO:colcon.colcon_core.shell:Creating environment hook '/data2/Brinda/Documents/Reports/ROS2/my_ros2_workspace/install/camera_pkg/share/camera_pkg/hook/pythonpath.sh'
[2.595s] Level 1:colcon.colcon_core.environment:checking '/data2/Brinda/Documents/Reports/ROS2/my_ros2_workspace/install/camera_pkg/bin'
[2.595s] Level 1:colcon.colcon_core.environment:create_environment_scripts_only(camera_pkg)
[2.595s] INFO:colcon.colcon_core.shell:Creating package script '/data2/Brinda/Documents/Reports/ROS2/my_ros2_workspace/install/camera_pkg/share/camera_pkg/package.ps1'
[2.596s] INFO:colcon.colcon_core.shell:Creating package descriptor '/data2/Brinda/Documents/Reports/ROS2/my_ros2_workspace/install/camera_pkg/share/camera_pkg/package.dsv'
[2.597s] INFO:colcon.colcon_core.shell:Creating package script '/data2/Brinda/Documents/Reports/ROS2/my_ros2_workspace/install/camera_pkg/share/camera_pkg/package.sh'
[2.597s] INFO:colcon.colcon_core.shell:Creating package script '/data2/Brinda/Documents/Reports/ROS2/my_ros2_workspace/install/camera_pkg/share/camera_pkg/package.bash'
[2.598s] INFO:colcon.colcon_core.shell:Creating package script '/data2/Brinda/Documents/Reports/ROS2/my_ros2_workspace/install/camera_pkg/share/camera_pkg/package.zsh'
[2.599s] Level 1:colcon.colcon_core.environment:create_file_with_runtime_dependencies(/data2/Brinda/Documents/Reports/ROS2/my_ros2_workspace/install/camera_pkg/share/colcon-core/packages/camera_pkg)
[2.599s] Level 1:colcon.colcon_core.environment:checking '/data2/Brinda/Documents/Reports/ROS2/my_ros2_workspace/install/lidar_pkg' for CMake module files
[2.600s] DEBUG:colcon.colcon_core.event_handler.log_command:Invoked command in '/data2/Brinda/Documents/Reports/ROS2/my_ros2_workspace/src/lidar_pkg' returned '0': CONDA_PROMPT_MODIFIER=(cv) PYTHONPATH=/data2/Brinda/Documents/Reports/ROS2/my_ros2_workspace/build/lidar_pkg/prefix_override:/usr/lib/python3/dist-packages/colcon_core/task/python/colcon_distutils_commands:/data2/Brinda/Documents/Reports/ROS2/my_ros2_workspace/install/lidar_pkg/lib/python3.10/site-packages:${PYTHONPATH} /usr/bin/python3 -W ignore:setup.py install is deprecated -W ignore:easy_install command is deprecated setup.py egg_info --egg-base ../../build/lidar_pkg build --build-base /data2/Brinda/Documents/Reports/ROS2/my_ros2_workspace/build/lidar_pkg/build install --record /data2/Brinda/Documents/Reports/ROS2/my_ros2_workspace/build/lidar_pkg/install.log --single-version-externally-managed install_data
[2.601s] Level 1:colcon.colcon_core.environment:checking '/data2/Brinda/Documents/Reports/ROS2/my_ros2_workspace/install/lidar_pkg' for CMake config files
[2.603s] Level 1:colcon.colcon_core.environment:checking '/data2/Brinda/Documents/Reports/ROS2/my_ros2_workspace/install/lidar_pkg/lib'
[2.603s] Level 1:colcon.colcon_core.environment:checking '/data2/Brinda/Documents/Reports/ROS2/my_ros2_workspace/install/lidar_pkg/bin'
[2.603s] Level 1:colcon.colcon_core.environment:checking '/data2/Brinda/Documents/Reports/ROS2/my_ros2_workspace/install/lidar_pkg/lib/pkgconfig/lidar_pkg.pc'
[2.603s] Level 1:colcon.colcon_core.environment:checking '/data2/Brinda/Documents/Reports/ROS2/my_ros2_workspace/install/lidar_pkg/lib/python3.10/site-packages'
[2.603s] Level 1:colcon.colcon_core.shell:create_environment_hook('lidar_pkg', 'pythonpath')
[2.604s] INFO:colcon.colcon_core.shell:Creating environment hook '/data2/Brinda/Documents/Reports/ROS2/my_ros2_workspace/install/lidar_pkg/share/lidar_pkg/hook/pythonpath.ps1'
[2.604s] INFO:colcon.colcon_core.shell:Creating environment descriptor '/data2/Brinda/Documents/Reports/ROS2/my_ros2_workspace/install/lidar_pkg/share/lidar_pkg/hook/pythonpath.dsv'
[2.605s] INFO:colcon.colcon_core.shell:Creating environment hook '/data2/Brinda/Documents/Reports/ROS2/my_ros2_workspace/install/lidar_pkg/share/lidar_pkg/hook/pythonpath.sh'
[2.606s] Level 1:colcon.colcon_core.environment:checking '/data2/Brinda/Documents/Reports/ROS2/my_ros2_workspace/install/lidar_pkg/bin'
[2.606s] Level 1:colcon.colcon_core.environment:create_environment_scripts_only(lidar_pkg)
[2.606s] INFO:colcon.colcon_core.shell:Creating package script '/data2/Brinda/Documents/Reports/ROS2/my_ros2_workspace/install/lidar_pkg/share/lidar_pkg/package.ps1'
[2.607s] INFO:colcon.colcon_core.shell:Creating package descriptor '/data2/Brinda/Documents/Reports/ROS2/my_ros2_workspace/install/lidar_pkg/share/lidar_pkg/package.dsv'
[2.608s] INFO:colcon.colcon_core.shell:Creating package script '/data2/Brinda/Documents/Reports/ROS2/my_ros2_workspace/install/lidar_pkg/share/lidar_pkg/package.sh'
[2.608s] INFO:colcon.colcon_core.shell:Creating package script '/data2/Brinda/Documents/Reports/ROS2/my_ros2_workspace/install/lidar_pkg/share/lidar_pkg/package.bash'
[2.609s] INFO:colcon.colcon_core.shell:Creating package script '/data2/Brinda/Documents/Reports/ROS2/my_ros2_workspace/install/lidar_pkg/share/lidar_pkg/package.zsh'
[2.610s] Level 1:colcon.colcon_core.environment:create_file_with_runtime_dependencies(/data2/Brinda/Documents/Reports/ROS2/my_ros2_workspace/install/lidar_pkg/share/colcon-core/packages/lidar_pkg)
[2.610s] Level 1:colcon.colcon_core.environment:create_environment_scripts_only(robot_interfaces)
[2.610s] Level 1:colcon.colcon_core.environment:checking '/data2/Brinda/Documents/Reports/ROS2/my_ros2_workspace/install/robot_interfaces' for CMake module files
[2.611s] DEBUG:colcon.colcon_core.event_handler.log_command:Invoked command in '/data2/Brinda/Documents/Reports/ROS2/my_ros2_workspace/build/robot_interfaces' returned '0': CMAKE_PREFIX_PATH=${CMAKE_PREFIX_PATH}:/opt/ros/humble CONDA_PROMPT_MODIFIER=(cv) /usr/bin/cmake --install /data2/Brinda/Documents/Reports/ROS2/my_ros2_workspace/build/robot_interfaces
[2.617s] Level 1:colcon.colcon_core.environment:checking '/data2/Brinda/Documents/Reports/ROS2/my_ros2_workspace/install/robot_interfaces' for CMake config files
[2.631s] Level 1:colcon.colcon_core.shell:create_environment_hook('robot_interfaces', 'cmake_prefix_path')
[2.632s] INFO:colcon.colcon_core.shell:Creating environment hook '/data2/Brinda/Documents/Reports/ROS2/my_ros2_workspace/install/robot_interfaces/share/robot_interfaces/hook/cmake_prefix_path.ps1'
[2.632s] INFO:colcon.colcon_core.shell:Creating environment descriptor '/data2/Brinda/Documents/Reports/ROS2/my_ros2_workspace/install/robot_interfaces/share/robot_interfaces/hook/cmake_prefix_path.dsv'
[2.633s] INFO:colcon.colcon_core.shell:Creating environment hook '/data2/Brinda/Documents/Reports/ROS2/my_ros2_workspace/install/robot_interfaces/share/robot_interfaces/hook/cmake_prefix_path.sh'
[2.634s] Level 1:colcon.colcon_core.environment:checking '/data2/Brinda/Documents/Reports/ROS2/my_ros2_workspace/install/robot_interfaces/lib'
[2.634s] Level 1:colcon.colcon_core.shell:create_environment_hook('robot_interfaces', 'ld_library_path_lib')
[2.634s] INFO:colcon.colcon_core.shell:Creating environment hook '/data2/Brinda/Documents/Reports/ROS2/my_ros2_workspace/install/robot_interfaces/share/robot_interfaces/hook/ld_library_path_lib.ps1'
[2.635s] INFO:colcon.colcon_core.shell:Creating environment descriptor '/data2/Brinda/Documents/Reports/ROS2/my_ros2_workspace/install/robot_interfaces/share/robot_interfaces/hook/ld_library_path_lib.dsv'
[2.635s] INFO:colcon.colcon_core.shell:Creating environment hook '/data2/Brinda/Documents/Reports/ROS2/my_ros2_workspace/install/robot_interfaces/share/robot_interfaces/hook/ld_library_path_lib.sh'
[2.636s] Level 1:colcon.colcon_core.environment:checking '/data2/Brinda/Documents/Reports/ROS2/my_ros2_workspace/install/robot_interfaces/bin'
[2.636s] Level 1:colcon.colcon_core.environment:checking '/data2/Brinda/Documents/Reports/ROS2/my_ros2_workspace/install/robot_interfaces/lib/pkgconfig/robot_interfaces.pc'
[2.636s] Level 1:colcon.colcon_core.environment:checking '/data2/Brinda/Documents/Reports/ROS2/my_ros2_workspace/install/robot_interfaces/lib/python3.10/site-packages'
[2.637s] Level 1:colcon.colcon_core.environment:checking '/data2/Brinda/Documents/Reports/ROS2/my_ros2_workspace/install/robot_interfaces/bin'
[2.637s] INFO:colcon.colcon_core.shell:Creating package script '/data2/Brinda/Documents/Reports/ROS2/my_ros2_workspace/install/robot_interfaces/share/robot_interfaces/package.ps1'
[2.638s] INFO:colcon.colcon_core.shell:Creating package descriptor '/data2/Brinda/Documents/Reports/ROS2/my_ros2_workspace/install/robot_interfaces/share/robot_interfaces/package.dsv'
[2.639s] INFO:colcon.colcon_core.shell:Creating package script '/data2/Brinda/Documents/Reports/ROS2/my_ros2_workspace/install/robot_interfaces/share/robot_interfaces/package.sh'
[2.639s] INFO:colcon.colcon_core.shell:Creating package script '/data2/Brinda/Documents/Reports/ROS2/my_ros2_workspace/install/robot_interfaces/share/robot_interfaces/package.bash'
[2.640s] INFO:colcon.colcon_core.shell:Creating package script '/data2/Brinda/Documents/Reports/ROS2/my_ros2_workspace/install/robot_interfaces/share/robot_interfaces/package.zsh'
[2.641s] Level 1:colcon.colcon_core.environment:create_file_with_runtime_dependencies(/data2/Brinda/Documents/Reports/ROS2/my_ros2_workspace/install/robot_interfaces/share/colcon-core/packages/robot_interfaces)
[2.642s] Level 1:colcon.colcon_core.environment:create_environment_scripts_only(robot_interfaces)
[2.642s] Level 1:colcon.colcon_core.environment:checking '/data2/Brinda/Documents/Reports/ROS2/my_ros2_workspace/install/robot_interfaces' for CMake module files
[2.647s] Level 1:colcon.colcon_core.environment:checking '/data2/Brinda/Documents/Reports/ROS2/my_ros2_workspace/install/robot_interfaces' for CMake config files
[2.657s] Level 1:colcon.colcon_core.shell:create_environment_hook('robot_interfaces', 'cmake_prefix_path')
[2.657s] INFO:colcon.colcon_core.shell:Creating environment hook '/data2/Brinda/Documents/Reports/ROS2/my_ros2_workspace/install/robot_interfaces/share/robot_interfaces/hook/cmake_prefix_path.ps1'
[2.657s] INFO:colcon.colcon_core.shell:Creating environment descriptor '/data2/Brinda/Documents/Reports/ROS2/my_ros2_workspace/install/robot_interfaces/share/robot_interfaces/hook/cmake_prefix_path.dsv'
[2.658s] INFO:colcon.colcon_core.shell:Creating environment hook '/data2/Brinda/Documents/Reports/ROS2/my_ros2_workspace/install/robot_interfaces/share/robot_interfaces/hook/cmake_prefix_path.sh'
[2.659s] Level 1:colcon.colcon_core.environment:checking '/data2/Brinda/Documents/Reports/ROS2/my_ros2_workspace/install/robot_interfaces/lib'
[2.659s] Level 1:colcon.colcon_core.shell:create_environment_hook('robot_interfaces', 'ld_library_path_lib')
[2.659s] INFO:colcon.colcon_core.shell:Creating environment hook '/data2/Brinda/Documents/Reports/ROS2/my_ros2_workspace/install/robot_interfaces/share/robot_interfaces/hook/ld_library_path_lib.ps1'
[2.659s] INFO:colcon.colcon_core.shell:Creating environment descriptor '/data2/Brinda/Documents/Reports/ROS2/my_ros2_workspace/install/robot_interfaces/share/robot_interfaces/hook/ld_library_path_lib.dsv'
[2.660s] INFO:colcon.colcon_core.shell:Creating environment hook '/data2/Brinda/Documents/Reports/ROS2/my_ros2_workspace/install/robot_interfaces/share/robot_interfaces/hook/ld_library_path_lib.sh'
[2.660s] Level 1:colcon.colcon_core.environment:checking '/data2/Brinda/Documents/Reports/ROS2/my_ros2_workspace/install/robot_interfaces/bin'
[2.660s] Level 1:colcon.colcon_core.environment:checking '/data2/Brinda/Documents/Reports/ROS2/my_ros2_workspace/install/robot_interfaces/lib/pkgconfig/robot_interfaces.pc'
[2.661s] Level 1:colcon.colcon_core.environment:checking '/data2/Brinda/Documents/Reports/ROS2/my_ros2_workspace/install/robot_interfaces/lib/python3.10/site-packages'
[2.661s] Level 1:colcon.colcon_core.environment:checking '/data2/Brinda/Documents/Reports/ROS2/my_ros2_workspace/install/robot_interfaces/bin'
[2.661s] INFO:colcon.colcon_core.shell:Creating package script '/data2/Brinda/Documents/Reports/ROS2/my_ros2_workspace/install/robot_interfaces/share/robot_interfaces/package.ps1'
[2.662s] INFO:colcon.colcon_core.shell:Creating package descriptor '/data2/Brinda/Documents/Reports/ROS2/my_ros2_workspace/install/robot_interfaces/share/robot_interfaces/package.dsv'
[2.662s] INFO:colcon.colcon_core.shell:Creating package script '/data2/Brinda/Documents/Reports/ROS2/my_ros2_workspace/install/robot_interfaces/share/robot_interfaces/package.sh'
[2.663s] INFO:colcon.colcon_core.shell:Creating package script '/data2/Brinda/Documents/Reports/ROS2/my_ros2_workspace/install/robot_interfaces/share/robot_interfaces/package.bash'
[2.663s] INFO:colcon.colcon_core.shell:Creating package script '/data2/Brinda/Documents/Reports/ROS2/my_ros2_workspace/install/robot_interfaces/share/robot_interfaces/package.zsh'
[2.664s] Level 1:colcon.colcon_core.environment:create_file_with_runtime_dependencies(/data2/Brinda/Documents/Reports/ROS2/my_ros2_workspace/install/robot_interfaces/share/colcon-core/packages/robot_interfaces)
[2.664s] INFO:colcon.colcon_ros.task.ament_python.build:Building ROS package in '/data2/Brinda/Documents/Reports/ROS2/my_ros2_workspace/src/robot_action_pkg' with build type 'ament_python'
[2.664s] Level 1:colcon.colcon_core.shell:create_environment_hook('robot_action_pkg', 'ament_prefix_path')
[2.664s] INFO:colcon.colcon_core.shell:Creating environment hook '/data2/Brinda/Documents/Reports/ROS2/my_ros2_workspace/install/robot_action_pkg/share/robot_action_pkg/hook/ament_prefix_path.ps1'
[2.665s] INFO:colcon.colcon_core.shell:Creating environment descriptor '/data2/Brinda/Documents/Reports/ROS2/my_ros2_workspace/install/robot_action_pkg/share/robot_action_pkg/hook/ament_prefix_path.dsv'
[2.666s] INFO:colcon.colcon_core.shell:Creating environment hook '/data2/Brinda/Documents/Reports/ROS2/my_ros2_workspace/install/robot_action_pkg/share/robot_action_pkg/hook/ament_prefix_path.sh'
[2.666s] INFO:colcon.colcon_core.shell:Skip shell extension 'powershell' for command environment: Not usable outside of PowerShell
[2.666s] DEBUG:colcon.colcon_core.shell:Skip shell extension 'dsv' for command environment
[2.672s] Level 1:colcon.colcon_core.environment:checking '/data2/Brinda/Documents/Reports/ROS2/my_ros2_workspace/install/vision_pkg' for CMake module files
[2.672s] DEBUG:colcon.colcon_core.event_handler.log_command:Invoked command in '/data2/Brinda/Documents/Reports/ROS2/my_ros2_workspace/src/vision_pkg' returned '0': CONDA_PROMPT_MODIFIER=(cv) PYTHONPATH=/data2/Brinda/Documents/Reports/ROS2/my_ros2_workspace/build/vision_pkg/prefix_override:/usr/lib/python3/dist-packages/colcon_core/task/python/colcon_distutils_commands:/data2/Brinda/Documents/Reports/ROS2/my_ros2_workspace/install/vision_pkg/lib/python3.10/site-packages:${PYTHONPATH} /usr/bin/python3 -W ignore:setup.py install is deprecated -W ignore:easy_install command is deprecated setup.py egg_info --egg-base ../../build/vision_pkg build --build-base /data2/Brinda/Documents/Reports/ROS2/my_ros2_workspace/build/vision_pkg/build install --record /data2/Brinda/Documents/Reports/ROS2/my_ros2_workspace/build/vision_pkg/install.log --single-version-externally-managed install_data
[2.673s] Level 1:colcon.colcon_core.environment:checking '/data2/Brinda/Documents/Reports/ROS2/my_ros2_workspace/install/vision_pkg' for CMake config files
[2.675s] Level 1:colcon.colcon_core.environment:checking '/data2/Brinda/Documents/Reports/ROS2/my_ros2_workspace/install/vision_pkg/lib'
[2.675s] Level 1:colcon.colcon_core.environment:checking '/data2/Brinda/Documents/Reports/ROS2/my_ros2_workspace/install/vision_pkg/bin'
[2.675s] Level 1:colcon.colcon_core.environment:checking '/data2/Brinda/Documents/Reports/ROS2/my_ros2_workspace/install/vision_pkg/lib/pkgconfig/vision_pkg.pc'
[2.675s] Level 1:colcon.colcon_core.environment:checking '/data2/Brinda/Documents/Reports/ROS2/my_ros2_workspace/install/vision_pkg/lib/python3.10/site-packages'
[2.675s] Level 1:colcon.colcon_core.shell:create_environment_hook('vision_pkg', 'pythonpath')
[2.675s] INFO:colcon.colcon_core.shell:Creating environment hook '/data2/Brinda/Documents/Reports/ROS2/my_ros2_workspace/install/vision_pkg/share/vision_pkg/hook/pythonpath.ps1'
[2.676s] INFO:colcon.colcon_core.shell:Creating environment descriptor '/data2/Brinda/Documents/Reports/ROS2/my_ros2_workspace/install/vision_pkg/share/vision_pkg/hook/pythonpath.dsv'
[2.677s] INFO:colcon.colcon_core.shell:Creating environment hook '/data2/Brinda/Documents/Reports/ROS2/my_ros2_workspace/install/vision_pkg/share/vision_pkg/hook/pythonpath.sh'
[2.677s] Level 1:colcon.colcon_core.environment:checking '/data2/Brinda/Documents/Reports/ROS2/my_ros2_workspace/install/vision_pkg/bin'
[2.677s] Level 1:colcon.colcon_core.environment:create_environment_scripts_only(vision_pkg)
[2.678s] INFO:colcon.colcon_core.shell:Creating package script '/data2/Brinda/Documents/Reports/ROS2/my_ros2_workspace/install/vision_pkg/share/vision_pkg/package.ps1'
[2.678s] INFO:colcon.colcon_core.shell:Creating package descriptor '/data2/Brinda/Documents/Reports/ROS2/my_ros2_workspace/install/vision_pkg/share/vision_pkg/package.dsv'
[2.679s] INFO:colcon.colcon_core.shell:Creating package script '/data2/Brinda/Documents/Reports/ROS2/my_ros2_workspace/install/vision_pkg/share/vision_pkg/package.sh'
[2.679s] INFO:colcon.colcon_core.shell:Creating package script '/data2/Brinda/Documents/Reports/ROS2/my_ros2_workspace/install/vision_pkg/share/vision_pkg/package.bash'
[2.680s] INFO:colcon.colcon_core.shell:Creating package script '/data2/Brinda/Documents/Reports/ROS2/my_ros2_workspace/install/vision_pkg/share/vision_pkg/package.zsh'
[2.680s] Level 1:colcon.colcon_core.environment:create_file_with_runtime_dependencies(/data2/Brinda/Documents/Reports/ROS2/my_ros2_workspace/install/vision_pkg/share/colcon-core/packages/vision_pkg)
[2.681s] Level 1:colcon.colcon_core.environment:checking '/data2/Brinda/Documents/Reports/ROS2/my_ros2_workspace/install/navigation_pkg' for CMake module files
[2.682s] DEBUG:colcon.colcon_core.event_handler.log_command:Invoked command in '/data2/Brinda/Documents/Reports/ROS2/my_ros2_workspace/src/navigation_pkg' returned '0': CONDA_PROMPT_MODIFIER=(cv) PYTHONPATH=/data2/Brinda/Documents/Reports/ROS2/my_ros2_workspace/build/navigation_pkg/prefix_override:/usr/lib/python3/dist-packages/colcon_core/task/python/colcon_distutils_commands:/data2/Brinda/Documents/Reports/ROS2/my_ros2_workspace/install/navigation_pkg/lib/python3.10/site-packages:${PYTHONPATH} /usr/bin/python3 -W ignore:setup.py install is deprecated -W ignore:easy_install command is deprecated setup.py egg_info --egg-base ../../build/navigation_pkg build --build-base /data2/Brinda/Documents/Reports/ROS2/my_ros2_workspace/build/navigation_pkg/build install --record /data2/Brinda/Documents/Reports/ROS2/my_ros2_workspace/build/navigation_pkg/install.log --single-version-externally-managed install_data
[2.682s] Level 1:colcon.colcon_core.environment:checking '/data2/Brinda/Documents/Reports/ROS2/my_ros2_workspace/install/navigation_pkg' for CMake config files
[2.684s] Level 1:colcon.colcon_core.environment:checking '/data2/Brinda/Documents/Reports/ROS2/my_ros2_workspace/install/navigation_pkg/lib'
[2.684s] Level 1:colcon.colcon_core.environment:checking '/data2/Brinda/Documents/Reports/ROS2/my_ros2_workspace/install/navigation_pkg/bin'
[2.684s] Level 1:colcon.colcon_core.environment:checking '/data2/Brinda/Documents/Reports/ROS2/my_ros2_workspace/install/navigation_pkg/lib/pkgconfig/navigation_pkg.pc'
[2.684s] Level 1:colcon.colcon_core.environment:checking '/data2/Brinda/Documents/Reports/ROS2/my_ros2_workspace/install/navigation_pkg/lib/python3.10/site-packages'
[2.684s] Level 1:colcon.colcon_core.shell:create_environment_hook('navigation_pkg', 'pythonpath')
[2.685s] INFO:colcon.colcon_core.shell:Creating environment hook '/data2/Brinda/Documents/Reports/ROS2/my_ros2_workspace/install/navigation_pkg/share/navigation_pkg/hook/pythonpath.ps1'
[2.685s] INFO:colcon.colcon_core.shell:Creating environment descriptor '/data2/Brinda/Documents/Reports/ROS2/my_ros2_workspace/install/navigation_pkg/share/navigation_pkg/hook/pythonpath.dsv'
[2.686s] INFO:colcon.colcon_core.shell:Creating environment hook '/data2/Brinda/Documents/Reports/ROS2/my_ros2_workspace/install/navigation_pkg/share/navigation_pkg/hook/pythonpath.sh'
[2.686s] Level 1:colcon.colcon_core.environment:checking '/data2/Brinda/Documents/Reports/ROS2/my_ros2_workspace/install/navigation_pkg/bin'
[2.686s] Level 1:colcon.colcon_core.environment:create_environment_scripts_only(navigation_pkg)
[2.686s] INFO:colcon.colcon_core.shell:Creating package script '/data2/Brinda/Documents/Reports/ROS2/my_ros2_workspace/install/navigation_pkg/share/navigation_pkg/package.ps1'
[2.687s] INFO:colcon.colcon_core.shell:Creating package descriptor '/data2/Brinda/Documents/Reports/ROS2/my_ros2_workspace/install/navigation_pkg/share/navigation_pkg/package.dsv'
[2.688s] INFO:colcon.colcon_core.shell:Creating package script '/data2/Brinda/Documents/Reports/ROS2/my_ros2_workspace/install/navigation_pkg/share/navigation_pkg/package.sh'
[2.688s] INFO:colcon.colcon_core.shell:Creating package script '/data2/Brinda/Documents/Reports/ROS2/my_ros2_workspace/install/navigation_pkg/share/navigation_pkg/package.bash'
[2.689s] INFO:colcon.colcon_core.shell:Creating package script '/data2/Brinda/Documents/Reports/ROS2/my_ros2_workspace/install/navigation_pkg/share/navigation_pkg/package.zsh'
[2.689s] Level 1:colcon.colcon_core.environment:create_file_with_runtime_dependencies(/data2/Brinda/Documents/Reports/ROS2/my_ros2_workspace/install/navigation_pkg/share/colcon-core/packages/navigation_pkg)
[2.689s] Level 1:colcon.colcon_core.environment:checking '/data2/Brinda/Documents/Reports/ROS2/my_ros2_workspace/install/robot_service_pkg' for CMake module files
[2.690s] DEBUG:colcon.colcon_core.event_handler.log_command:Invoked command in '/data2/Brinda/Documents/Reports/ROS2/my_ros2_workspace/src/robot_service_pkg' returned '0': CONDA_PROMPT_MODIFIER=(cv) PYTHONPATH=/data2/Brinda/Documents/Reports/ROS2/my_ros2_workspace/build/robot_service_pkg/prefix_override:/usr/lib/python3/dist-packages/colcon_core/task/python/colcon_distutils_commands:/data2/Brinda/Documents/Reports/ROS2/my_ros2_workspace/install/robot_service_pkg/lib/python3.10/site-packages:${PYTHONPATH} /usr/bin/python3 -W ignore:setup.py install is deprecated -W ignore:easy_install command is deprecated setup.py egg_info --egg-base ../../build/robot_service_pkg build --build-base /data2/Brinda/Documents/Reports/ROS2/my_ros2_workspace/build/robot_service_pkg/build install --record /data2/Brinda/Documents/Reports/ROS2/my_ros2_workspace/build/robot_service_pkg/install.log --single-version-externally-managed install_data
[2.691s] Level 1:colcon.colcon_core.environment:checking '/data2/Brinda/Documents/Reports/ROS2/my_ros2_workspace/install/robot_service_pkg' for CMake config files
[2.693s] Level 1:colcon.colcon_core.environment:checking '/data2/Brinda/Documents/Reports/ROS2/my_ros2_workspace/install/robot_service_pkg/lib'
[2.693s] Level 1:colcon.colcon_core.environment:checking '/data2/Brinda/Documents/Reports/ROS2/my_ros2_workspace/install/robot_service_pkg/bin'
[2.693s] Level 1:colcon.colcon_core.environment:checking '/data2/Brinda/Documents/Reports/ROS2/my_ros2_workspace/install/robot_service_pkg/lib/pkgconfig/robot_service_pkg.pc'
[2.694s] Level 1:colcon.colcon_core.environment:checking '/data2/Brinda/Documents/Reports/ROS2/my_ros2_workspace/install/robot_service_pkg/lib/python3.10/site-packages'
[2.694s] Level 1:colcon.colcon_core.shell:create_environment_hook('robot_service_pkg', 'pythonpath')
[2.694s] INFO:colcon.colcon_core.shell:Creating environment hook '/data2/Brinda/Documents/Reports/ROS2/my_ros2_workspace/install/robot_service_pkg/share/robot_service_pkg/hook/pythonpath.ps1'
[2.694s] INFO:colcon.colcon_core.shell:Creating environment descriptor '/data2/Brinda/Documents/Reports/ROS2/my_ros2_workspace/install/robot_service_pkg/share/robot_service_pkg/hook/pythonpath.dsv'
[2.695s] INFO:colcon.colcon_core.shell:Creating environment hook '/data2/Brinda/Documents/Reports/ROS2/my_ros2_workspace/install/robot_service_pkg/share/robot_service_pkg/hook/pythonpath.sh'
[2.696s] Level 1:colcon.colcon_core.environment:checking '/data2/Brinda/Documents/Reports/ROS2/my_ros2_workspace/install/robot_service_pkg/bin'
[2.696s] Level 1:colcon.colcon_core.environment:create_environment_scripts_only(robot_service_pkg)
[2.696s] INFO:colcon.colcon_core.shell:Creating package script '/data2/Brinda/Documents/Reports/ROS2/my_ros2_workspace/install/robot_service_pkg/share/robot_service_pkg/package.ps1'
[2.696s] INFO:colcon.colcon_core.shell:Creating package descriptor '/data2/Brinda/Documents/Reports/ROS2/my_ros2_workspace/install/robot_service_pkg/share/robot_service_pkg/package.dsv'
[2.697s] INFO:colcon.colcon_core.shell:Creating package script '/data2/Brinda/Documents/Reports/ROS2/my_ros2_workspace/install/robot_service_pkg/share/robot_service_pkg/package.sh'
[2.697s] INFO:colcon.colcon_core.shell:Creating package script '/data2/Brinda/Documents/Reports/ROS2/my_ros2_workspace/install/robot_service_pkg/share/robot_service_pkg/package.bash'
[2.698s] INFO:colcon.colcon_core.shell:Creating package script '/data2/Brinda/Documents/Reports/ROS2/my_ros2_workspace/install/robot_service_pkg/share/robot_service_pkg/package.zsh'
[2.698s] Level 1:colcon.colcon_core.environment:create_file_with_runtime_dependencies(/data2/Brinda/Documents/Reports/ROS2/my_ros2_workspace/install/robot_service_pkg/share/colcon-core/packages/robot_service_pkg)
[2.699s] Level 1:colcon.colcon_core.environment:checking '/data2/Brinda/Documents/Reports/ROS2/my_ros2_workspace/install/my_py_pkg' for CMake module files
[2.700s] DEBUG:colcon.colcon_core.event_handler.log_command:Invoked command in '/data2/Brinda/Documents/Reports/ROS2/my_ros2_workspace/src/my_py_pkg' returned '0': CONDA_PROMPT_MODIFIER=(cv) PYTHONPATH=/data2/Brinda/Documents/Reports/ROS2/my_ros2_workspace/build/my_py_pkg/prefix_override:/usr/lib/python3/dist-packages/colcon_core/task/python/colcon_distutils_commands:/data2/Brinda/Documents/Reports/ROS2/my_ros2_workspace/install/my_py_pkg/lib/python3.10/site-packages:${PYTHONPATH} /usr/bin/python3 -W ignore:setup.py install is deprecated -W ignore:easy_install command is deprecated setup.py egg_info --egg-base ../../build/my_py_pkg build --build-base /data2/Brinda/Documents/Reports/ROS2/my_ros2_workspace/build/my_py_pkg/build install --record /data2/Brinda/Documents/Reports/ROS2/my_ros2_workspace/build/my_py_pkg/install.log --single-version-externally-managed install_data
[2.701s] Level 1:colcon.colcon_core.environment:checking '/data2/Brinda/Documents/Reports/ROS2/my_ros2_workspace/install/my_py_pkg' for CMake config files
[2.703s] Level 1:colcon.colcon_core.environment:checking '/data2/Brinda/Documents/Reports/ROS2/my_ros2_workspace/install/my_py_pkg/lib'
[2.703s] Level 1:colcon.colcon_core.environment:checking '/data2/Brinda/Documents/Reports/ROS2/my_ros2_workspace/install/my_py_pkg/bin'
[2.703s] Level 1:colcon.colcon_core.environment:checking '/data2/Brinda/Documents/Reports/ROS2/my_ros2_workspace/install/my_py_pkg/lib/pkgconfig/my_py_pkg.pc'
[2.704s] Level 1:colcon.colcon_core.environment:checking '/data2/Brinda/Documents/Reports/ROS2/my_ros2_workspace/install/my_py_pkg/lib/python3.10/site-packages'
[2.704s] Level 1:colcon.colcon_core.shell:create_environment_hook('my_py_pkg', 'pythonpath')
[2.704s] INFO:colcon.colcon_core.shell:Creating environment hook '/data2/Brinda/Documents/Reports/ROS2/my_ros2_workspace/install/my_py_pkg/share/my_py_pkg/hook/pythonpath.ps1'
[2.705s] INFO:colcon.colcon_core.shell:Creating environment descriptor '/data2/Brinda/Documents/Reports/ROS2/my_ros2_workspace/install/my_py_pkg/share/my_py_pkg/hook/pythonpath.dsv'
[2.705s] INFO:colcon.colcon_core.shell:Creating environment hook '/data2/Brinda/Documents/Reports/ROS2/my_ros2_workspace/install/my_py_pkg/share/my_py_pkg/hook/pythonpath.sh'
[2.706s] Level 1:colcon.colcon_core.environment:checking '/data2/Brinda/Documents/Reports/ROS2/my_ros2_workspace/install/my_py_pkg/bin'
[2.706s] Level 1:colcon.colcon_core.environment:create_environment_scripts_only(my_py_pkg)
[2.707s] INFO:colcon.colcon_core.shell:Creating package script '/data2/Brinda/Documents/Reports/ROS2/my_ros2_workspace/install/my_py_pkg/share/my_py_pkg/package.ps1'
[2.707s] INFO:colcon.colcon_core.shell:Creating package descriptor '/data2/Brinda/Documents/Reports/ROS2/my_ros2_workspace/install/my_py_pkg/share/my_py_pkg/package.dsv'
[2.708s] INFO:colcon.colcon_core.shell:Creating package script '/data2/Brinda/Documents/Reports/ROS2/my_ros2_workspace/install/my_py_pkg/share/my_py_pkg/package.sh'
[2.709s] INFO:colcon.colcon_core.shell:Creating package script '/data2/Brinda/Documents/Reports/ROS2/my_ros2_workspace/install/my_py_pkg/share/my_py_pkg/package.bash'
[2.709s] INFO:colcon.colcon_core.shell:Creating package script '/data2/Brinda/Documents/Reports/ROS2/my_ros2_workspace/install/my_py_pkg/share/my_py_pkg/package.zsh'
[2.710s] Level 1:colcon.colcon_core.environment:create_file_with_runtime_dependencies(/data2/Brinda/Documents/Reports/ROS2/my_ros2_workspace/install/my_py_pkg/share/colcon-core/packages/my_py_pkg)
[2.711s] Level 1:colcon.colcon_core.environment:checking '/data2/Brinda/Documents/Reports/ROS2/my_ros2_workspace/install/robot_comm_pkg' for CMake module files
[2.711s] DEBUG:colcon.colcon_core.event_handler.log_command:Invoked command in '/data2/Brinda/Documents/Reports/ROS2/my_ros2_workspace/robot_comm_pkg' returned '0': CONDA_PROMPT_MODIFIER=(cv) PYTHONPATH=/data2/Brinda/Documents/Reports/ROS2/my_ros2_workspace/build/robot_comm_pkg/prefix_override:/usr/lib/python3/dist-packages/colcon_core/task/python/colcon_distutils_commands:/data2/Brinda/Documents/Reports/ROS2/my_ros2_workspace/install/robot_comm_pkg/lib/python3.10/site-packages:${PYTHONPATH} /usr/bin/python3 -W ignore:setup.py install is deprecated -W ignore:easy_install command is deprecated setup.py egg_info --egg-base ../build/robot_comm_pkg build --build-base /data2/Brinda/Documents/Reports/ROS2/my_ros2_workspace/build/robot_comm_pkg/build install --record /data2/Brinda/Documents/Reports/ROS2/my_ros2_workspace/build/robot_comm_pkg/install.log --single-version-externally-managed install_data
[2.713s] Level 1:colcon.colcon_core.environment:checking '/data2/Brinda/Documents/Reports/ROS2/my_ros2_workspace/install/robot_comm_pkg' for CMake config files
[2.715s] Level 1:colcon.colcon_core.environment:checking '/data2/Brinda/Documents/Reports/ROS2/my_ros2_workspace/install/robot_comm_pkg/lib'
[2.715s] Level 1:colcon.colcon_core.environment:checking '/data2/Brinda/Documents/Reports/ROS2/my_ros2_workspace/install/robot_comm_pkg/bin'
[2.715s] Level 1:colcon.colcon_core.environment:checking '/data2/Brinda/Documents/Reports/ROS2/my_ros2_workspace/install/robot_comm_pkg/lib/pkgconfig/robot_comm_pkg.pc'
[2.716s] Level 1:colcon.colcon_core.environment:checking '/data2/Brinda/Documents/Reports/ROS2/my_ros2_workspace/install/robot_comm_pkg/lib/python3.10/site-packages'
[2.716s] Level 1:colcon.colcon_core.shell:create_environment_hook('robot_comm_pkg', 'pythonpath')
[2.716s] INFO:colcon.colcon_core.shell:Creating environment hook '/data2/Brinda/Documents/Reports/ROS2/my_ros2_workspace/install/robot_comm_pkg/share/robot_comm_pkg/hook/pythonpath.ps1'
[2.716s] INFO:colcon.colcon_core.shell:Creating environment descriptor '/data2/Brinda/Documents/Reports/ROS2/my_ros2_workspace/install/robot_comm_pkg/share/robot_comm_pkg/hook/pythonpath.dsv'
[2.717s] INFO:colcon.colcon_core.shell:Creating environment hook '/data2/Brinda/Documents/Reports/ROS2/my_ros2_workspace/install/robot_comm_pkg/share/robot_comm_pkg/hook/pythonpath.sh'
[2.718s] Level 1:colcon.colcon_core.environment:checking '/data2/Brinda/Documents/Reports/ROS2/my_ros2_workspace/install/robot_comm_pkg/bin'
[2.718s] Level 1:colcon.colcon_core.environment:create_environment_scripts_only(robot_comm_pkg)
[2.718s] INFO:colcon.colcon_core.shell:Creating package script '/data2/Brinda/Documents/Reports/ROS2/my_ros2_workspace/install/robot_comm_pkg/share/robot_comm_pkg/package.ps1'
[2.719s] INFO:colcon.colcon_core.shell:Creating package descriptor '/data2/Brinda/Documents/Reports/ROS2/my_ros2_workspace/install/robot_comm_pkg/share/robot_comm_pkg/package.dsv'
[2.720s] INFO:colcon.colcon_core.shell:Creating package script '/data2/Brinda/Documents/Reports/ROS2/my_ros2_workspace/install/robot_comm_pkg/share/robot_comm_pkg/package.sh'
[2.720s] INFO:colcon.colcon_core.shell:Creating package script '/data2/Brinda/Documents/Reports/ROS2/my_ros2_workspace/install/robot_comm_pkg/share/robot_comm_pkg/package.bash'
[2.721s] INFO:colcon.colcon_core.shell:Creating package script '/data2/Brinda/Documents/Reports/ROS2/my_ros2_workspace/install/robot_comm_pkg/share/robot_comm_pkg/package.zsh'
[2.721s] Level 1:colcon.colcon_core.environment:create_file_with_runtime_dependencies(/data2/Brinda/Documents/Reports/ROS2/my_ros2_workspace/install/robot_comm_pkg/share/colcon-core/packages/robot_comm_pkg)
[2.870s] INFO:colcon.colcon_core.task.python.build:Building Python package in '/data2/Brinda/Documents/Reports/ROS2/my_ros2_workspace/src/robot_action_pkg'
[2.871s] INFO:colcon.colcon_core.shell:Skip shell extension 'powershell' for command environment: Not usable outside of PowerShell
[2.871s] DEBUG:colcon.colcon_core.shell:Skip shell extension 'dsv' for command environment
[3.178s] DEBUG:colcon.colcon_core.event_handler.log_command:Invoking command in '/data2/Brinda/Documents/Reports/ROS2/my_ros2_workspace/src/robot_action_pkg': CONDA_PROMPT_MODIFIER=(cv) PYTHONPATH=/data2/Brinda/Documents/Reports/ROS2/my_ros2_workspace/build/robot_action_pkg/prefix_override:/usr/lib/python3/dist-packages/colcon_core/task/python/colcon_distutils_commands:/data2/Brinda/Documents/Reports/ROS2/my_ros2_workspace/install/robot_action_pkg/lib/python3.10/site-packages:${PYTHONPATH} /usr/bin/python3 -W ignore:setup.py install is deprecated -W ignore:easy_install command is deprecated setup.py egg_info --egg-base ../../build/robot_action_pkg build --build-base /data2/Brinda/Documents/Reports/ROS2/my_ros2_workspace/build/robot_action_pkg/build install --record /data2/Brinda/Documents/Reports/ROS2/my_ros2_workspace/build/robot_action_pkg/install.log --single-version-externally-managed install_data
[3.492s] Level 1:colcon.colcon_core.environment:checking '/data2/Brinda/Documents/Reports/ROS2/my_ros2_workspace/install/robot_action_pkg' for CMake module files
[3.493s] DEBUG:colcon.colcon_core.event_handler.log_command:Invoked command in '/data2/Brinda/Documents/Reports/ROS2/my_ros2_workspace/src/robot_action_pkg' returned '0': CONDA_PROMPT_MODIFIER=(cv) PYTHONPATH=/data2/Brinda/Documents/Reports/ROS2/my_ros2_workspace/build/robot_action_pkg/prefix_override:/usr/lib/python3/dist-packages/colcon_core/task/python/colcon_distutils_commands:/data2/Brinda/Documents/Reports/ROS2/my_ros2_workspace/install/robot_action_pkg/lib/python3.10/site-packages:${PYTHONPATH} /usr/bin/python3 -W ignore:setup.py install is deprecated -W ignore:easy_install command is deprecated setup.py egg_info --egg-base ../../build/robot_action_pkg build --build-base /data2/Brinda/Documents/Reports/ROS2/my_ros2_workspace/build/robot_action_pkg/build install --record /data2/Brinda/Documents/Reports/ROS2/my_ros2_workspace/build/robot_action_pkg/install.log --single-version-externally-managed install_data
[3.493s] Level 1:colcon.colcon_core.environment:checking '/data2/Brinda/Documents/Reports/ROS2/my_ros2_workspace/install/robot_action_pkg' for CMake config files
[3.495s] Level 1:colcon.colcon_core.environment:checking '/data2/Brinda/Documents/Reports/ROS2/my_ros2_workspace/install/robot_action_pkg/lib'
[3.495s] Level 1:colcon.colcon_core.environment:checking '/data2/Brinda/Documents/Reports/ROS2/my_ros2_workspace/install/robot_action_pkg/bin'
[3.495s] Level 1:colcon.colcon_core.environment:checking '/data2/Brinda/Documents/Reports/ROS2/my_ros2_workspace/install/robot_action_pkg/lib/pkgconfig/robot_action_pkg.pc'
[3.496s] Level 1:colcon.colcon_core.environment:checking '/data2/Brinda/Documents/Reports/ROS2/my_ros2_workspace/install/robot_action_pkg/lib/python3.10/site-packages'
[3.496s] Level 1:colcon.colcon_core.shell:create_environment_hook('robot_action_pkg', 'pythonpath')
[3.496s] INFO:colcon.colcon_core.shell:Creating environment hook '/data2/Brinda/Documents/Reports/ROS2/my_ros2_workspace/install/robot_action_pkg/share/robot_action_pkg/hook/pythonpath.ps1'
[3.496s] INFO:colcon.colcon_core.shell:Creating environment descriptor '/data2/Brinda/Documents/Reports/ROS2/my_ros2_workspace/install/robot_action_pkg/share/robot_action_pkg/hook/pythonpath.dsv'
[3.497s] INFO:colcon.colcon_core.shell:Creating environment hook '/data2/Brinda/Documents/Reports/ROS2/my_ros2_workspace/install/robot_action_pkg/share/robot_action_pkg/hook/pythonpath.sh'
[3.498s] Level 1:colcon.colcon_core.environment:checking '/data2/Brinda/Documents/Reports/ROS2/my_ros2_workspace/install/robot_action_pkg/bin'
[3.498s] Level 1:colcon.colcon_core.environment:create_environment_scripts_only(robot_action_pkg)
[3.498s] INFO:colcon.colcon_core.shell:Creating package script '/data2/Brinda/Documents/Reports/ROS2/my_ros2_workspace/install/robot_action_pkg/share/robot_action_pkg/package.ps1'
[3.498s] INFO:colcon.colcon_core.shell:Creating package descriptor '/data2/Brinda/Documents/Reports/ROS2/my_ros2_workspace/install/robot_action_pkg/share/robot_action_pkg/package.dsv'
[3.499s] INFO:colcon.colcon_core.shell:Creating package script '/data2/Brinda/Documents/Reports/ROS2/my_ros2_workspace/install/robot_action_pkg/share/robot_action_pkg/package.sh'
[3.499s] INFO:colcon.colcon_core.shell:Creating package script '/data2/Brinda/Documents/Reports/ROS2/my_ros2_workspace/install/robot_action_pkg/share/robot_action_pkg/package.bash'
[3.500s] INFO:colcon.colcon_core.shell:Creating package script '/data2/Brinda/Documents/Reports/ROS2/my_ros2_workspace/install/robot_action_pkg/share/robot_action_pkg/package.zsh'
[3.500s] Level 1:colcon.colcon_core.environment:create_file_with_runtime_dependencies(/data2/Brinda/Documents/Reports/ROS2/my_ros2_workspace/install/robot_action_pkg/share/colcon-core/packages/robot_action_pkg)
[3.501s] DEBUG:colcon.colcon_parallel_executor.executor.parallel:closing loop
[3.501s] DEBUG:colcon.colcon_parallel_executor.executor.parallel:loop closed
[3.501s] DEBUG:colcon.colcon_parallel_executor.executor.parallel:run_until_complete finished with '0'
[3.501s] DEBUG:colcon.colcon_core.event_reactor:joining thread
[3.506s] INFO:colcon.colcon_core.plugin_system:Skipping extension 'colcon_notification.desktop_notification.terminal_notifier': Not used on non-Darwin systems
[3.506s] INFO:colcon.colcon_core.plugin_system:Skipping extension 'colcon_notification.desktop_notification.win32': Not used on non-Windows systems
[3.506s] INFO:colcon.colcon_notification.desktop_notification:Sending desktop notification using 'notify2'
[3.512s] DEBUG:colcon.colcon_core.event_reactor:joined thread
[3.513s] INFO:colcon.colcon_core.shell:Creating prefix script '/data2/Brinda/Documents/Reports/ROS2/my_ros2_workspace/install/local_setup.ps1'
[3.513s] INFO:colcon.colcon_core.shell:Creating prefix util module '/data2/Brinda/Documents/Reports/ROS2/my_ros2_workspace/install/_local_setup_util_ps1.py'
[3.514s] INFO:colcon.colcon_core.shell:Creating prefix chain script '/data2/Brinda/Documents/Reports/ROS2/my_ros2_workspace/install/setup.ps1'
[3.516s] INFO:colcon.colcon_core.shell:Creating prefix script '/data2/Brinda/Documents/Reports/ROS2/my_ros2_workspace/install/local_setup.sh'
[3.516s] INFO:colcon.colcon_core.shell:Creating prefix util module '/data2/Brinda/Documents/Reports/ROS2/my_ros2_workspace/install/_local_setup_util_sh.py'
[3.517s] INFO:colcon.colcon_core.shell:Creating prefix chain script '/data2/Brinda/Documents/Reports/ROS2/my_ros2_workspace/install/setup.sh'
[3.518s] INFO:colcon.colcon_core.shell:Creating prefix script '/data2/Brinda/Documents/Reports/ROS2/my_ros2_workspace/install/local_setup.bash'
[3.518s] INFO:colcon.colcon_core.shell:Creating prefix chain script '/data2/Brinda/Documents/Reports/ROS2/my_ros2_workspace/install/setup.bash'
[3.519s] INFO:colcon.colcon_core.shell:Creating prefix script '/data2/Brinda/Documents/Reports/ROS2/my_ros2_workspace/install/local_setup.zsh'
[3.519s] INFO:colcon.colcon_core.shell:Creating prefix chain script '/data2/Brinda/Documents/Reports/ROS2/my_ros2_workspace/install/setup.zsh'
