[0.108s] DEBUG:colcon:Command line arguments: ['/usr/bin/colcon', 'build', '--symlink-install']
[0.108s] DEBUG:colcon:Parsed command line arguments: Namespace(log_base=None, log_level=None, verb_name='build', build_base='build', install_base='install', merge_install=False, symlink_install=True, test_result_base=None, continue_on_error=False, executor='parallel', parallel_workers=16, event_handlers=None, ignore_user_meta=False, metas=['./colcon.meta'], base_paths=['.'], packages_ignore=None, packages_ignore_regex=None, paths=None, packages_up_to=None, packages_up_to_regex=None, packages_above=None, packages_above_and_dependencies=None, packages_above_depth=None, packages_select_by_dep=None, packages_skip_by_dep=None, packages_skip_up_to=None, packages_select_build_failed=False, packages_skip_build_finished=False, packages_select_test_failures=False, packages_skip_test_passed=False, packages_select=None, packages_skip=None, packages_select_regex=None, packages_skip_regex=None, packages_start=None, packages_end=None, allow_overriding=[], cmake_args=None, cmake_target=None, cmake_target_skip_unavailable=False, cmake_clean_cache=False, cmake_clean_first=False, cmake_force_configure=False, ament_cmake_args=None, catkin_cmake_args=None, catkin_skip_building_tests=False, mixin_files=None, mixin=None, verb_parser=<colcon_mixin.mixin.mixin_argument.MixinArgumentDecorator object at 0x789222e42b90>, verb_extension=<colcon_core.verb.build.BuildVerb object at 0x789222e42620>, main=<bound method BuildVerb.main of <colcon_core.verb.build.BuildVerb object at 0x789222e42620>>, mixin_verb=('build',))
[0.142s] Level 1:colcon.colcon_core.package_discovery:discover_packages(colcon_meta) check parameters
[0.143s] Level 1:colcon.colcon_core.package_discovery:discover_packages(recursive) check parameters
[0.143s] Level 1:colcon.colcon_core.package_discovery:discover_packages(ignore) check parameters
[0.143s] Level 1:colcon.colcon_core.package_discovery:discover_packages(path) check parameters
[0.143s] Level 1:colcon.colcon_core.package_discovery:discover_packages(colcon_meta) discover
[0.143s] Level 1:colcon.colcon_core.package_discovery:discover_packages(recursive) discover
[0.143s] INFO:colcon.colcon_core.package_discovery:Crawling recursively for packages in '/data2/Brinda/Documents/Reports/ROS2/my_ros2_workspace'
[0.143s] Level 1:colcon.colcon_core.package_identification:_identify(.) by extensions ['ignore', 'ignore_ament_install']
[0.143s] Level 1:colcon.colcon_core.package_identification:_identify(.) by extension 'ignore'
[0.143s] Level 1:colcon.colcon_core.package_identification:_identify(.) by extension 'ignore_ament_install'
[0.143s] Level 1:colcon.colcon_core.package_identification:_identify(.) by extensions ['colcon_pkg']
[0.143s] Level 1:colcon.colcon_core.package_identification:_identify(.) by extension 'colcon_pkg'
[0.143s] Level 1:colcon.colcon_core.package_identification:_identify(.) by extensions ['colcon_meta']
[0.143s] Level 1:colcon.colcon_core.package_identification:_identify(.) by extension 'colcon_meta'
[0.143s] Level 1:colcon.colcon_core.package_identification:_identify(.) by extensions ['ros']
[0.143s] Level 1:colcon.colcon_core.package_identification:_identify(.) by extension 'ros'
[0.155s] Level 1:colcon.colcon_core.package_identification:_identify(.) by extensions ['cmake', 'python']
[0.155s] Level 1:colcon.colcon_core.package_identification:_identify(.) by extension 'cmake'
[0.155s] Level 1:colcon.colcon_core.package_identification:_identify(.) by extension 'python'
[0.155s] Level 1:colcon.colcon_core.package_identification:_identify(.) by extensions ['python_setup_py']
[0.155s] Level 1:colcon.colcon_core.package_identification:_identify(.) by extension 'python_setup_py'
[0.155s] Level 1:colcon.colcon_core.package_identification:_identify(build) by extensions ['ignore', 'ignore_ament_install']
[0.155s] Level 1:colcon.colcon_core.package_identification:_identify(build) by extension 'ignore'
[0.155s] Level 1:colcon.colcon_core.package_identification:_identify(build) ignored
[0.155s] Level 1:colcon.colcon_core.package_identification:_identify(install) by extensions ['ignore', 'ignore_ament_install']
[0.155s] Level 1:colcon.colcon_core.package_identification:_identify(install) by extension 'ignore'
[0.155s] Level 1:colcon.colcon_core.package_identification:_identify(install) ignored
[0.156s] Level 1:colcon.colcon_core.package_identification:_identify(log) by extensions ['ignore', 'ignore_ament_install']
[0.156s] Level 1:colcon.colcon_core.package_identification:_identify(log) by extension 'ignore'
[0.156s] Level 1:colcon.colcon_core.package_identification:_identify(log) ignored
[0.156s] Level 1:colcon.colcon_core.package_identification:_identify(robot_comm_pkg) by extensions ['ignore', 'ignore_ament_install']
[0.156s] Level 1:colcon.colcon_core.package_identification:_identify(robot_comm_pkg) by extension 'ignore'
[0.156s] Level 1:colcon.colcon_core.package_identification:_identify(robot_comm_pkg) by extension 'ignore_ament_install'
[0.156s] Level 1:colcon.colcon_core.package_identification:_identify(robot_comm_pkg) by extensions ['colcon_pkg']
[0.156s] Level 1:colcon.colcon_core.package_identification:_identify(robot_comm_pkg) by extension 'colcon_pkg'
[0.156s] Level 1:colcon.colcon_core.package_identification:_identify(robot_comm_pkg) by extensions ['colcon_meta']
[0.156s] Level 1:colcon.colcon_core.package_identification:_identify(robot_comm_pkg) by extension 'colcon_meta'
[0.156s] Level 1:colcon.colcon_core.package_identification:_identify(robot_comm_pkg) by extensions ['ros']
[0.156s] Level 1:colcon.colcon_core.package_identification:_identify(robot_comm_pkg) by extension 'ros'
[0.158s] DEBUG:colcon.colcon_core.package_identification:Package 'robot_comm_pkg' with type 'ros.ament_python' and name 'robot_comm_pkg'
[0.158s] Level 1:colcon.colcon_core.package_identification:_identify(src) by extensions ['ignore', 'ignore_ament_install']
[0.158s] Level 1:colcon.colcon_core.package_identification:_identify(src) by extension 'ignore'
[0.158s] Level 1:colcon.colcon_core.package_identification:_identify(src) by extension 'ignore_ament_install'
[0.159s] Level 1:colcon.colcon_core.package_identification:_identify(src) by extensions ['colcon_pkg']
[0.159s] Level 1:colcon.colcon_core.package_identification:_identify(src) by extension 'colcon_pkg'
[0.159s] Level 1:colcon.colcon_core.package_identification:_identify(src) by extensions ['colcon_meta']
[0.159s] Level 1:colcon.colcon_core.package_identification:_identify(src) by extension 'colcon_meta'
[0.159s] Level 1:colcon.colcon_core.package_identification:_identify(src) by extensions ['ros']
[0.159s] Level 1:colcon.colcon_core.package_identification:_identify(src) by extension 'ros'
[0.159s] Level 1:colcon.colcon_core.package_identification:_identify(src) by extensions ['cmake', 'python']
[0.159s] Level 1:colcon.colcon_core.package_identification:_identify(src) by extension 'cmake'
[0.159s] Level 1:colcon.colcon_core.package_identification:_identify(src) by extension 'python'
[0.159s] Level 1:colcon.colcon_core.package_identification:_identify(src) by extensions ['python_setup_py']
[0.159s] Level 1:colcon.colcon_core.package_identification:_identify(src) by extension 'python_setup_py'
[0.159s] Level 1:colcon.colcon_core.package_identification:_identify(src/basic_gazebo_robot) by extensions ['ignore', 'ignore_ament_install']
[0.159s] Level 1:colcon.colcon_core.package_identification:_identify(src/basic_gazebo_robot) by extension 'ignore'
[0.159s] Level 1:colcon.colcon_core.package_identification:_identify(src/basic_gazebo_robot) by extension 'ignore_ament_install'
[0.159s] Level 1:colcon.colcon_core.package_identification:_identify(src/basic_gazebo_robot) by extensions ['colcon_pkg']
[0.159s] Level 1:colcon.colcon_core.package_identification:_identify(src/basic_gazebo_robot) by extension 'colcon_pkg'
[0.160s] Level 1:colcon.colcon_core.package_identification:_identify(src/basic_gazebo_robot) by extensions ['colcon_meta']
[0.160s] Level 1:colcon.colcon_core.package_identification:_identify(src/basic_gazebo_robot) by extension 'colcon_meta'
[0.160s] Level 1:colcon.colcon_core.package_identification:_identify(src/basic_gazebo_robot) by extensions ['ros']
[0.160s] Level 1:colcon.colcon_core.package_identification:_identify(src/basic_gazebo_robot) by extension 'ros'
[0.161s] DEBUG:colcon.colcon_core.package_identification:Package 'src/basic_gazebo_robot' with type 'ros.ament_cmake' and name 'basic_gazebo_robot'
[0.161s] Level 1:colcon.colcon_core.package_identification:_identify(src/camera_pkg) by extensions ['ignore', 'ignore_ament_install']
[0.161s] Level 1:colcon.colcon_core.package_identification:_identify(src/camera_pkg) by extension 'ignore'
[0.161s] Level 1:colcon.colcon_core.package_identification:_identify(src/camera_pkg) by extension 'ignore_ament_install'
[0.161s] Level 1:colcon.colcon_core.package_identification:_identify(src/camera_pkg) by extensions ['colcon_pkg']
[0.161s] Level 1:colcon.colcon_core.package_identification:_identify(src/camera_pkg) by extension 'colcon_pkg'
[0.161s] Level 1:colcon.colcon_core.package_identification:_identify(src/camera_pkg) by extensions ['colcon_meta']
[0.161s] Level 1:colcon.colcon_core.package_identification:_identify(src/camera_pkg) by extension 'colcon_meta'
[0.161s] Level 1:colcon.colcon_core.package_identification:_identify(src/camera_pkg) by extensions ['ros']
[0.161s] Level 1:colcon.colcon_core.package_identification:_identify(src/camera_pkg) by extension 'ros'
[0.162s] DEBUG:colcon.colcon_core.package_identification:Package 'src/camera_pkg' with type 'ros.ament_python' and name 'camera_pkg'
[0.162s] Level 1:colcon.colcon_core.package_identification:_identify(src/launch) by extensions ['ignore', 'ignore_ament_install']
[0.162s] Level 1:colcon.colcon_core.package_identification:_identify(src/launch) by extension 'ignore'
[0.162s] Level 1:colcon.colcon_core.package_identification:_identify(src/launch) by extension 'ignore_ament_install'
[0.162s] Level 1:colcon.colcon_core.package_identification:_identify(src/launch) by extensions ['colcon_pkg']
[0.162s] Level 1:colcon.colcon_core.package_identification:_identify(src/launch) by extension 'colcon_pkg'
[0.162s] Level 1:colcon.colcon_core.package_identification:_identify(src/launch) by extensions ['colcon_meta']
[0.162s] Level 1:colcon.colcon_core.package_identification:_identify(src/launch) by extension 'colcon_meta'
[0.163s] Level 1:colcon.colcon_core.package_identification:_identify(src/launch) by extensions ['ros']
[0.163s] Level 1:colcon.colcon_core.package_identification:_identify(src/launch) by extension 'ros'
[0.163s] Level 1:colcon.colcon_core.package_identification:_identify(src/launch) by extensions ['cmake', 'python']
[0.163s] Level 1:colcon.colcon_core.package_identification:_identify(src/launch) by extension 'cmake'
[0.163s] Level 1:colcon.colcon_core.package_identification:_identify(src/launch) by extension 'python'
[0.163s] Level 1:colcon.colcon_core.package_identification:_identify(src/launch) by extensions ['python_setup_py']
[0.163s] Level 1:colcon.colcon_core.package_identification:_identify(src/launch) by extension 'python_setup_py'
[0.163s] Level 1:colcon.colcon_core.package_identification:_identify(src/lidar_pkg) by extensions ['ignore', 'ignore_ament_install']
[0.163s] Level 1:colcon.colcon_core.package_identification:_identify(src/lidar_pkg) by extension 'ignore'
[0.163s] Level 1:colcon.colcon_core.package_identification:_identify(src/lidar_pkg) by extension 'ignore_ament_install'
[0.163s] Level 1:colcon.colcon_core.package_identification:_identify(src/lidar_pkg) by extensions ['colcon_pkg']
[0.163s] Level 1:colcon.colcon_core.package_identification:_identify(src/lidar_pkg) by extension 'colcon_pkg'
[0.163s] Level 1:colcon.colcon_core.package_identification:_identify(src/lidar_pkg) by extensions ['colcon_meta']
[0.163s] Level 1:colcon.colcon_core.package_identification:_identify(src/lidar_pkg) by extension 'colcon_meta'
[0.164s] Level 1:colcon.colcon_core.package_identification:_identify(src/lidar_pkg) by extensions ['ros']
[0.164s] Level 1:colcon.colcon_core.package_identification:_identify(src/lidar_pkg) by extension 'ros'
[0.164s] DEBUG:colcon.colcon_core.package_identification:Package 'src/lidar_pkg' with type 'ros.ament_python' and name 'lidar_pkg'
[0.164s] Level 1:colcon.colcon_core.package_identification:_identify(src/my_cpp_pkg) by extensions ['ignore', 'ignore_ament_install']
[0.164s] Level 1:colcon.colcon_core.package_identification:_identify(src/my_cpp_pkg) by extension 'ignore'
[0.164s] Level 1:colcon.colcon_core.package_identification:_identify(src/my_cpp_pkg) by extension 'ignore_ament_install'
[0.164s] Level 1:colcon.colcon_core.package_identification:_identify(src/my_cpp_pkg) by extensions ['colcon_pkg']
[0.165s] Level 1:colcon.colcon_core.package_identification:_identify(src/my_cpp_pkg) by extension 'colcon_pkg'
[0.165s] Level 1:colcon.colcon_core.package_identification:_identify(src/my_cpp_pkg) by extensions ['colcon_meta']
[0.165s] Level 1:colcon.colcon_core.package_identification:_identify(src/my_cpp_pkg) by extension 'colcon_meta'
[0.165s] Level 1:colcon.colcon_core.package_identification:_identify(src/my_cpp_pkg) by extensions ['ros']
[0.165s] Level 1:colcon.colcon_core.package_identification:_identify(src/my_cpp_pkg) by extension 'ros'
[0.165s] DEBUG:colcon.colcon_core.package_identification:Package 'src/my_cpp_pkg' with type 'ros.ament_cmake' and name 'my_cpp_pkg'
[0.165s] Level 1:colcon.colcon_core.package_identification:_identify(src/my_py_pkg) by extensions ['ignore', 'ignore_ament_install']
[0.165s] Level 1:colcon.colcon_core.package_identification:_identify(src/my_py_pkg) by extension 'ignore'
[0.165s] Level 1:colcon.colcon_core.package_identification:_identify(src/my_py_pkg) by extension 'ignore_ament_install'
[0.166s] Level 1:colcon.colcon_core.package_identification:_identify(src/my_py_pkg) by extensions ['colcon_pkg']
[0.166s] Level 1:colcon.colcon_core.package_identification:_identify(src/my_py_pkg) by extension 'colcon_pkg'
[0.166s] Level 1:colcon.colcon_core.package_identification:_identify(src/my_py_pkg) by extensions ['colcon_meta']
[0.166s] Level 1:colcon.colcon_core.package_identification:_identify(src/my_py_pkg) by extension 'colcon_meta'
[0.166s] Level 1:colcon.colcon_core.package_identification:_identify(src/my_py_pkg) by extensions ['ros']
[0.166s] Level 1:colcon.colcon_core.package_identification:_identify(src/my_py_pkg) by extension 'ros'
[0.166s] DEBUG:colcon.colcon_core.package_identification:Package 'src/my_py_pkg' with type 'ros.ament_python' and name 'my_py_pkg'
[0.167s] Level 1:colcon.colcon_core.package_identification:_identify(src/navigation_pkg) by extensions ['ignore', 'ignore_ament_install']
[0.167s] Level 1:colcon.colcon_core.package_identification:_identify(src/navigation_pkg) by extension 'ignore'
[0.167s] Level 1:colcon.colcon_core.package_identification:_identify(src/navigation_pkg) by extension 'ignore_ament_install'
[0.167s] Level 1:colcon.colcon_core.package_identification:_identify(src/navigation_pkg) by extensions ['colcon_pkg']
[0.167s] Level 1:colcon.colcon_core.package_identification:_identify(src/navigation_pkg) by extension 'colcon_pkg'
[0.167s] Level 1:colcon.colcon_core.package_identification:_identify(src/navigation_pkg) by extensions ['colcon_meta']
[0.167s] Level 1:colcon.colcon_core.package_identification:_identify(src/navigation_pkg) by extension 'colcon_meta'
[0.167s] Level 1:colcon.colcon_core.package_identification:_identify(src/navigation_pkg) by extensions ['ros']
[0.167s] Level 1:colcon.colcon_core.package_identification:_identify(src/navigation_pkg) by extension 'ros'
[0.168s] DEBUG:colcon.colcon_core.package_identification:Package 'src/navigation_pkg' with type 'ros.ament_python' and name 'navigation_pkg'
[0.168s] Level 1:colcon.colcon_core.package_identification:_identify(src/robot_action_pkg) by extensions ['ignore', 'ignore_ament_install']
[0.168s] Level 1:colcon.colcon_core.package_identification:_identify(src/robot_action_pkg) by extension 'ignore'
[0.168s] Level 1:colcon.colcon_core.package_identification:_identify(src/robot_action_pkg) by extension 'ignore_ament_install'
[0.168s] Level 1:colcon.colcon_core.package_identification:_identify(src/robot_action_pkg) by extensions ['colcon_pkg']
[0.168s] Level 1:colcon.colcon_core.package_identification:_identify(src/robot_action_pkg) by extension 'colcon_pkg'
[0.168s] Level 1:colcon.colcon_core.package_identification:_identify(src/robot_action_pkg) by extensions ['colcon_meta']
[0.168s] Level 1:colcon.colcon_core.package_identification:_identify(src/robot_action_pkg) by extension 'colcon_meta'
[0.168s] Level 1:colcon.colcon_core.package_identification:_identify(src/robot_action_pkg) by extensions ['ros']
[0.168s] Level 1:colcon.colcon_core.package_identification:_identify(src/robot_action_pkg) by extension 'ros'
[0.169s] DEBUG:colcon.colcon_core.package_identification:Package 'src/robot_action_pkg' with type 'ros.ament_python' and name 'robot_action_pkg'
[0.169s] Level 1:colcon.colcon_core.package_identification:_identify(src/robot_control_pkg) by extensions ['ignore', 'ignore_ament_install']
[0.169s] Level 1:colcon.colcon_core.package_identification:_identify(src/robot_control_pkg) by extension 'ignore'
[0.169s] Level 1:colcon.colcon_core.package_identification:_identify(src/robot_control_pkg) by extension 'ignore_ament_install'
[0.169s] Level 1:colcon.colcon_core.package_identification:_identify(src/robot_control_pkg) by extensions ['colcon_pkg']
[0.170s] Level 1:colcon.colcon_core.package_identification:_identify(src/robot_control_pkg) by extension 'colcon_pkg'
[0.170s] Level 1:colcon.colcon_core.package_identification:_identify(src/robot_control_pkg) by extensions ['colcon_meta']
[0.170s] Level 1:colcon.colcon_core.package_identification:_identify(src/robot_control_pkg) by extension 'colcon_meta'
[0.170s] Level 1:colcon.colcon_core.package_identification:_identify(src/robot_control_pkg) by extensions ['ros']
[0.170s] Level 1:colcon.colcon_core.package_identification:_identify(src/robot_control_pkg) by extension 'ros'
[0.170s] DEBUG:colcon.colcon_core.package_identification:Package 'src/robot_control_pkg' with type 'ros.ament_python' and name 'robot_control_pkg'
[0.170s] Level 1:colcon.colcon_core.package_identification:_identify(src/robot_interfaces) by extensions ['ignore', 'ignore_ament_install']
[0.171s] Level 1:colcon.colcon_core.package_identification:_identify(src/robot_interfaces) by extension 'ignore'
[0.171s] Level 1:colcon.colcon_core.package_identification:_identify(src/robot_interfaces) by extension 'ignore_ament_install'
[0.171s] Level 1:colcon.colcon_core.package_identification:_identify(src/robot_interfaces) by extensions ['colcon_pkg']
[0.171s] Level 1:colcon.colcon_core.package_identification:_identify(src/robot_interfaces) by extension 'colcon_pkg'
[0.171s] Level 1:colcon.colcon_core.package_identification:_identify(src/robot_interfaces) by extensions ['colcon_meta']
[0.171s] Level 1:colcon.colcon_core.package_identification:_identify(src/robot_interfaces) by extension 'colcon_meta'
[0.171s] Level 1:colcon.colcon_core.package_identification:_identify(src/robot_interfaces) by extensions ['ros']
[0.171s] Level 1:colcon.colcon_core.package_identification:_identify(src/robot_interfaces) by extension 'ros'
[0.171s] DEBUG:colcon.colcon_core.package_identification:Package 'src/robot_interfaces' with type 'ros.ament_cmake' and name 'robot_interfaces'
[0.172s] Level 1:colcon.colcon_core.package_identification:_identify(src/robot_service_pkg) by extensions ['ignore', 'ignore_ament_install']
[0.172s] Level 1:colcon.colcon_core.package_identification:_identify(src/robot_service_pkg) by extension 'ignore'
[0.172s] Level 1:colcon.colcon_core.package_identification:_identify(src/robot_service_pkg) by extension 'ignore_ament_install'
[0.172s] Level 1:colcon.colcon_core.package_identification:_identify(src/robot_service_pkg) by extensions ['colcon_pkg']
[0.172s] Level 1:colcon.colcon_core.package_identification:_identify(src/robot_service_pkg) by extension 'colcon_pkg'
[0.172s] Level 1:colcon.colcon_core.package_identification:_identify(src/robot_service_pkg) by extensions ['colcon_meta']
[0.172s] Level 1:colcon.colcon_core.package_identification:_identify(src/robot_service_pkg) by extension 'colcon_meta'
[0.172s] Level 1:colcon.colcon_core.package_identification:_identify(src/robot_service_pkg) by extensions ['ros']
[0.172s] Level 1:colcon.colcon_core.package_identification:_identify(src/robot_service_pkg) by extension 'ros'
[0.173s] DEBUG:colcon.colcon_core.package_identification:Package 'src/robot_service_pkg' with type 'ros.ament_python' and name 'robot_service_pkg'
[0.173s] Level 1:colcon.colcon_core.package_identification:_identify(src/vision_pkg) by extensions ['ignore', 'ignore_ament_install']
[0.173s] Level 1:colcon.colcon_core.package_identification:_identify(src/vision_pkg) by extension 'ignore'
[0.173s] Level 1:colcon.colcon_core.package_identification:_identify(src/vision_pkg) by extension 'ignore_ament_install'
[0.173s] Level 1:colcon.colcon_core.package_identification:_identify(src/vision_pkg) by extensions ['colcon_pkg']
[0.173s] Level 1:colcon.colcon_core.package_identification:_identify(src/vision_pkg) by extension 'colcon_pkg'
[0.173s] Level 1:colcon.colcon_core.package_identification:_identify(src/vision_pkg) by extensions ['colcon_meta']
[0.173s] Level 1:colcon.colcon_core.package_identification:_identify(src/vision_pkg) by extension 'colcon_meta'
[0.173s] Level 1:colcon.colcon_core.package_identification:_identify(src/vision_pkg) by extensions ['ros']
[0.173s] Level 1:colcon.colcon_core.package_identification:_identify(src/vision_pkg) by extension 'ros'
[0.174s] DEBUG:colcon.colcon_core.package_identification:Package 'src/vision_pkg' with type 'ros.ament_python' and name 'vision_pkg'
[0.174s] Level 1:colcon.colcon_core.package_discovery:discover_packages(recursive) using defaults
[0.174s] Level 1:colcon.colcon_core.package_discovery:discover_packages(ignore) discover
[0.174s] Level 1:colcon.colcon_core.package_discovery:discover_packages(ignore) using defaults
[0.174s] Level 1:colcon.colcon_core.package_discovery:discover_packages(path) discover
[0.174s] Level 1:colcon.colcon_core.package_discovery:discover_packages(path) using defaults
[0.203s] Level 1:colcon.colcon_core.package_discovery:discover_packages(prefix_path) check parameters
[0.203s] Level 1:colcon.colcon_core.package_discovery:discover_packages(prefix_path) discover
[0.211s] DEBUG:colcon.colcon_installed_package_information.package_discovery:Found 12 installed packages in /data2/Brinda/Documents/Reports/ROS2/my_ros2_workspace/install
[0.213s] DEBUG:colcon.colcon_installed_package_information.package_discovery:Found 423 installed packages in /opt/ros/humble
[0.216s] Level 1:colcon.colcon_core.package_discovery:discover_packages(prefix_path) using defaults
[0.258s] Level 5:colcon.colcon_core.verb:set package 'basic_gazebo_robot' build argument 'cmake_args' from command line to 'None'
[0.258s] Level 5:colcon.colcon_core.verb:set package 'basic_gazebo_robot' build argument 'cmake_target' from command line to 'None'
[0.258s] Level 5:colcon.colcon_core.verb:set package 'basic_gazebo_robot' build argument 'cmake_target_skip_unavailable' from command line to 'False'
[0.258s] Level 5:colcon.colcon_core.verb:set package 'basic_gazebo_robot' build argument 'cmake_clean_cache' from command line to 'False'
[0.258s] Level 5:colcon.colcon_core.verb:set package 'basic_gazebo_robot' build argument 'cmake_clean_first' from command line to 'False'
[0.258s] Level 5:colcon.colcon_core.verb:set package 'basic_gazebo_robot' build argument 'cmake_force_configure' from command line to 'False'
[0.258s] Level 5:colcon.colcon_core.verb:set package 'basic_gazebo_robot' build argument 'ament_cmake_args' from command line to 'None'
[0.258s] Level 5:colcon.colcon_core.verb:set package 'basic_gazebo_robot' build argument 'catkin_cmake_args' from command line to 'None'
[0.259s] Level 5:colcon.colcon_core.verb:set package 'basic_gazebo_robot' build argument 'catkin_skip_building_tests' from command line to 'False'
[0.259s] DEBUG:colcon.colcon_core.verb:Building package 'basic_gazebo_robot' with the following arguments: {'ament_cmake_args': None, 'build_base': '/data2/Brinda/Documents/Reports/ROS2/my_ros2_workspace/build/basic_gazebo_robot', 'catkin_cmake_args': None, 'catkin_skip_building_tests': False, 'cmake_args': None, 'cmake_clean_cache': False, 'cmake_clean_first': False, 'cmake_force_configure': False, 'cmake_target': None, 'cmake_target_skip_unavailable': False, 'install_base': '/data2/Brinda/Documents/Reports/ROS2/my_ros2_workspace/install/basic_gazebo_robot', 'merge_install': False, 'path': '/data2/Brinda/Documents/Reports/ROS2/my_ros2_workspace/src/basic_gazebo_robot', 'symlink_install': True, 'test_result_base': None}
[0.259s] Level 5:colcon.colcon_core.verb:set package 'camera_pkg' build argument 'cmake_args' from command line to 'None'
[0.259s] Level 5:colcon.colcon_core.verb:set package 'camera_pkg' build argument 'cmake_target' from command line to 'None'
[0.259s] Level 5:colcon.colcon_core.verb:set package 'camera_pkg' build argument 'cmake_target_skip_unavailable' from command line to 'False'
[0.259s] Level 5:colcon.colcon_core.verb:set package 'camera_pkg' build argument 'cmake_clean_cache' from command line to 'False'
[0.259s] Level 5:colcon.colcon_core.verb:set package 'camera_pkg' build argument 'cmake_clean_first' from command line to 'False'
[0.259s] Level 5:colcon.colcon_core.verb:set package 'camera_pkg' build argument 'cmake_force_configure' from command line to 'False'
[0.259s] Level 5:colcon.colcon_core.verb:set package 'camera_pkg' build argument 'ament_cmake_args' from command line to 'None'
[0.259s] Level 5:colcon.colcon_core.verb:set package 'camera_pkg' build argument 'catkin_cmake_args' from command line to 'None'
[0.259s] Level 5:colcon.colcon_core.verb:set package 'camera_pkg' build argument 'catkin_skip_building_tests' from command line to 'False'
[0.259s] DEBUG:colcon.colcon_core.verb:Building package 'camera_pkg' with the following arguments: {'ament_cmake_args': None, 'build_base': '/data2/Brinda/Documents/Reports/ROS2/my_ros2_workspace/build/camera_pkg', 'catkin_cmake_args': None, 'catkin_skip_building_tests': False, 'cmake_args': None, 'cmake_clean_cache': False, 'cmake_clean_first': False, 'cmake_force_configure': False, 'cmake_target': None, 'cmake_target_skip_unavailable': False, 'install_base': '/data2/Brinda/Documents/Reports/ROS2/my_ros2_workspace/install/camera_pkg', 'merge_install': False, 'path': '/data2/Brinda/Documents/Reports/ROS2/my_ros2_workspace/src/camera_pkg', 'symlink_install': True, 'test_result_base': None}
[0.259s] Level 5:colcon.colcon_core.verb:set package 'lidar_pkg' build argument 'cmake_args' from command line to 'None'
[0.259s] Level 5:colcon.colcon_core.verb:set package 'lidar_pkg' build argument 'cmake_target' from command line to 'None'
[0.259s] Level 5:colcon.colcon_core.verb:set package 'lidar_pkg' build argument 'cmake_target_skip_unavailable' from command line to 'False'
[0.259s] Level 5:colcon.colcon_core.verb:set package 'lidar_pkg' build argument 'cmake_clean_cache' from command line to 'False'
[0.259s] Level 5:colcon.colcon_core.verb:set package 'lidar_pkg' build argument 'cmake_clean_first' from command line to 'False'
[0.259s] Level 5:colcon.colcon_core.verb:set package 'lidar_pkg' build argument 'cmake_force_configure' from command line to 'False'
[0.259s] Level 5:colcon.colcon_core.verb:set package 'lidar_pkg' build argument 'ament_cmake_args' from command line to 'None'
[0.259s] Level 5:colcon.colcon_core.verb:set package 'lidar_pkg' build argument 'catkin_cmake_args' from command line to 'None'
[0.259s] Level 5:colcon.colcon_core.verb:set package 'lidar_pkg' build argument 'catkin_skip_building_tests' from command line to 'False'
[0.259s] DEBUG:colcon.colcon_core.verb:Building package 'lidar_pkg' with the following arguments: {'ament_cmake_args': None, 'build_base': '/data2/Brinda/Documents/Reports/ROS2/my_ros2_workspace/build/lidar_pkg', 'catkin_cmake_args': None, 'catkin_skip_building_tests': False, 'cmake_args': None, 'cmake_clean_cache': False, 'cmake_clean_first': False, 'cmake_force_configure': False, 'cmake_target': None, 'cmake_target_skip_unavailable': False, 'install_base': '/data2/Brinda/Documents/Reports/ROS2/my_ros2_workspace/install/lidar_pkg', 'merge_install': False, 'path': '/data2/Brinda/Documents/Reports/ROS2/my_ros2_workspace/src/lidar_pkg', 'symlink_install': True, 'test_result_base': None}
[0.260s] Level 5:colcon.colcon_core.verb:set package 'my_cpp_pkg' build argument 'cmake_args' from command line to 'None'
[0.260s] Level 5:colcon.colcon_core.verb:set package 'my_cpp_pkg' build argument 'cmake_target' from command line to 'None'
[0.260s] Level 5:colcon.colcon_core.verb:set package 'my_cpp_pkg' build argument 'cmake_target_skip_unavailable' from command line to 'False'
[0.260s] Level 5:colcon.colcon_core.verb:set package 'my_cpp_pkg' build argument 'cmake_clean_cache' from command line to 'False'
[0.260s] Level 5:colcon.colcon_core.verb:set package 'my_cpp_pkg' build argument 'cmake_clean_first' from command line to 'False'
[0.260s] Level 5:colcon.colcon_core.verb:set package 'my_cpp_pkg' build argument 'cmake_force_configure' from command line to 'False'
[0.260s] Level 5:colcon.colcon_core.verb:set package 'my_cpp_pkg' build argument 'ament_cmake_args' from command line to 'None'
[0.260s] Level 5:colcon.colcon_core.verb:set package 'my_cpp_pkg' build argument 'catkin_cmake_args' from command line to 'None'
[0.260s] Level 5:colcon.colcon_core.verb:set package 'my_cpp_pkg' build argument 'catkin_skip_building_tests' from command line to 'False'
[0.260s] DEBUG:colcon.colcon_core.verb:Building package 'my_cpp_pkg' with the following arguments: {'ament_cmake_args': None, 'build_base': '/data2/Brinda/Documents/Reports/ROS2/my_ros2_workspace/build/my_cpp_pkg', 'catkin_cmake_args': None, 'catkin_skip_building_tests': False, 'cmake_args': None, 'cmake_clean_cache': False, 'cmake_clean_first': False, 'cmake_force_configure': False, 'cmake_target': None, 'cmake_target_skip_unavailable': False, 'install_base': '/data2/Brinda/Documents/Reports/ROS2/my_ros2_workspace/install/my_cpp_pkg', 'merge_install': False, 'path': '/data2/Brinda/Documents/Reports/ROS2/my_ros2_workspace/src/my_cpp_pkg', 'symlink_install': True, 'test_result_base': None}
[0.260s] Level 5:colcon.colcon_core.verb:set package 'my_py_pkg' build argument 'cmake_args' from command line to 'None'
[0.260s] Level 5:colcon.colcon_core.verb:set package 'my_py_pkg' build argument 'cmake_target' from command line to 'None'
[0.260s] Level 5:colcon.colcon_core.verb:set package 'my_py_pkg' build argument 'cmake_target_skip_unavailable' from command line to 'False'
[0.260s] Level 5:colcon.colcon_core.verb:set package 'my_py_pkg' build argument 'cmake_clean_cache' from command line to 'False'
[0.260s] Level 5:colcon.colcon_core.verb:set package 'my_py_pkg' build argument 'cmake_clean_first' from command line to 'False'
[0.260s] Level 5:colcon.colcon_core.verb:set package 'my_py_pkg' build argument 'cmake_force_configure' from command line to 'False'
[0.260s] Level 5:colcon.colcon_core.verb:set package 'my_py_pkg' build argument 'ament_cmake_args' from command line to 'None'
[0.260s] Level 5:colcon.colcon_core.verb:set package 'my_py_pkg' build argument 'catkin_cmake_args' from command line to 'None'
[0.260s] Level 5:colcon.colcon_core.verb:set package 'my_py_pkg' build argument 'catkin_skip_building_tests' from command line to 'False'
[0.260s] DEBUG:colcon.colcon_core.verb:Building package 'my_py_pkg' with the following arguments: {'ament_cmake_args': None, 'build_base': '/data2/Brinda/Documents/Reports/ROS2/my_ros2_workspace/build/my_py_pkg', 'catkin_cmake_args': None, 'catkin_skip_building_tests': False, 'cmake_args': None, 'cmake_clean_cache': False, 'cmake_clean_first': False, 'cmake_force_configure': False, 'cmake_target': None, 'cmake_target_skip_unavailable': False, 'install_base': '/data2/Brinda/Documents/Reports/ROS2/my_ros2_workspace/install/my_py_pkg', 'merge_install': False, 'path': '/data2/Brinda/Documents/Reports/ROS2/my_ros2_workspace/src/my_py_pkg', 'symlink_install': True, 'test_result_base': None}
[0.260s] Level 5:colcon.colcon_core.verb:set package 'navigation_pkg' build argument 'cmake_args' from command line to 'None'
[0.260s] Level 5:colcon.colcon_core.verb:set package 'navigation_pkg' build argument 'cmake_target' from command line to 'None'
[0.260s] Level 5:colcon.colcon_core.verb:set package 'navigation_pkg' build argument 'cmake_target_skip_unavailable' from command line to 'False'
[0.260s] Level 5:colcon.colcon_core.verb:set package 'navigation_pkg' build argument 'cmake_clean_cache' from command line to 'False'
[0.260s] Level 5:colcon.colcon_core.verb:set package 'navigation_pkg' build argument 'cmake_clean_first' from command line to 'False'
[0.260s] Level 5:colcon.colcon_core.verb:set package 'navigation_pkg' build argument 'cmake_force_configure' from command line to 'False'
[0.261s] Level 5:colcon.colcon_core.verb:set package 'navigation_pkg' build argument 'ament_cmake_args' from command line to 'None'
[0.261s] Level 5:colcon.colcon_core.verb:set package 'navigation_pkg' build argument 'catkin_cmake_args' from command line to 'None'
[0.261s] Level 5:colcon.colcon_core.verb:set package 'navigation_pkg' build argument 'catkin_skip_building_tests' from command line to 'False'
[0.261s] DEBUG:colcon.colcon_core.verb:Building package 'navigation_pkg' with the following arguments: {'ament_cmake_args': None, 'build_base': '/data2/Brinda/Documents/Reports/ROS2/my_ros2_workspace/build/navigation_pkg', 'catkin_cmake_args': None, 'catkin_skip_building_tests': False, 'cmake_args': None, 'cmake_clean_cache': False, 'cmake_clean_first': False, 'cmake_force_configure': False, 'cmake_target': None, 'cmake_target_skip_unavailable': False, 'install_base': '/data2/Brinda/Documents/Reports/ROS2/my_ros2_workspace/install/navigation_pkg', 'merge_install': False, 'path': '/data2/Brinda/Documents/Reports/ROS2/my_ros2_workspace/src/navigation_pkg', 'symlink_install': True, 'test_result_base': None}
[0.261s] Level 5:colcon.colcon_core.verb:set package 'robot_comm_pkg' build argument 'cmake_args' from command line to 'None'
[0.261s] Level 5:colcon.colcon_core.verb:set package 'robot_comm_pkg' build argument 'cmake_target' from command line to 'None'
[0.261s] Level 5:colcon.colcon_core.verb:set package 'robot_comm_pkg' build argument 'cmake_target_skip_unavailable' from command line to 'False'
[0.261s] Level 5:colcon.colcon_core.verb:set package 'robot_comm_pkg' build argument 'cmake_clean_cache' from command line to 'False'
[0.261s] Level 5:colcon.colcon_core.verb:set package 'robot_comm_pkg' build argument 'cmake_clean_first' from command line to 'False'
[0.261s] Level 5:colcon.colcon_core.verb:set package 'robot_comm_pkg' build argument 'cmake_force_configure' from command line to 'False'
[0.261s] Level 5:colcon.colcon_core.verb:set package 'robot_comm_pkg' build argument 'ament_cmake_args' from command line to 'None'
[0.261s] Level 5:colcon.colcon_core.verb:set package 'robot_comm_pkg' build argument 'catkin_cmake_args' from command line to 'None'
[0.261s] Level 5:colcon.colcon_core.verb:set package 'robot_comm_pkg' build argument 'catkin_skip_building_tests' from command line to 'False'
[0.261s] DEBUG:colcon.colcon_core.verb:Building package 'robot_comm_pkg' with the following arguments: {'ament_cmake_args': None, 'build_base': '/data2/Brinda/Documents/Reports/ROS2/my_ros2_workspace/build/robot_comm_pkg', 'catkin_cmake_args': None, 'catkin_skip_building_tests': False, 'cmake_args': None, 'cmake_clean_cache': False, 'cmake_clean_first': False, 'cmake_force_configure': False, 'cmake_target': None, 'cmake_target_skip_unavailable': False, 'install_base': '/data2/Brinda/Documents/Reports/ROS2/my_ros2_workspace/install/robot_comm_pkg', 'merge_install': False, 'path': '/data2/Brinda/Documents/Reports/ROS2/my_ros2_workspace/robot_comm_pkg', 'symlink_install': True, 'test_result_base': None}
[0.261s] Level 5:colcon.colcon_core.verb:set package 'robot_control_pkg' build argument 'cmake_args' from command line to 'None'
[0.261s] Level 5:colcon.colcon_core.verb:set package 'robot_control_pkg' build argument 'cmake_target' from command line to 'None'
[0.261s] Level 5:colcon.colcon_core.verb:set package 'robot_control_pkg' build argument 'cmake_target_skip_unavailable' from command line to 'False'
[0.261s] Level 5:colcon.colcon_core.verb:set package 'robot_control_pkg' build argument 'cmake_clean_cache' from command line to 'False'
[0.261s] Level 5:colcon.colcon_core.verb:set package 'robot_control_pkg' build argument 'cmake_clean_first' from command line to 'False'
[0.261s] Level 5:colcon.colcon_core.verb:set package 'robot_control_pkg' build argument 'cmake_force_configure' from command line to 'False'
[0.261s] Level 5:colcon.colcon_core.verb:set package 'robot_control_pkg' build argument 'ament_cmake_args' from command line to 'None'
[0.261s] Level 5:colcon.colcon_core.verb:set package 'robot_control_pkg' build argument 'catkin_cmake_args' from command line to 'None'
[0.261s] Level 5:colcon.colcon_core.verb:set package 'robot_control_pkg' build argument 'catkin_skip_building_tests' from command line to 'False'
[0.261s] DEBUG:colcon.colcon_core.verb:Building package 'robot_control_pkg' with the following arguments: {'ament_cmake_args': None, 'build_base': '/data2/Brinda/Documents/Reports/ROS2/my_ros2_workspace/build/robot_control_pkg', 'catkin_cmake_args': None, 'catkin_skip_building_tests': False, 'cmake_args': None, 'cmake_clean_cache': False, 'cmake_clean_first': False, 'cmake_force_configure': False, 'cmake_target': None, 'cmake_target_skip_unavailable': False, 'install_base': '/data2/Brinda/Documents/Reports/ROS2/my_ros2_workspace/install/robot_control_pkg', 'merge_install': False, 'path': '/data2/Brinda/Documents/Reports/ROS2/my_ros2_workspace/src/robot_control_pkg', 'symlink_install': True, 'test_result_base': None}
[0.262s] Level 5:colcon.colcon_core.verb:set package 'robot_interfaces' build argument 'cmake_args' from command line to 'None'
[0.262s] Level 5:colcon.colcon_core.verb:set package 'robot_interfaces' build argument 'cmake_target' from command line to 'None'
[0.262s] Level 5:colcon.colcon_core.verb:set package 'robot_interfaces' build argument 'cmake_target_skip_unavailable' from command line to 'False'
[0.262s] Level 5:colcon.colcon_core.verb:set package 'robot_interfaces' build argument 'cmake_clean_cache' from command line to 'False'
[0.262s] Level 5:colcon.colcon_core.verb:set package 'robot_interfaces' build argument 'cmake_clean_first' from command line to 'False'
[0.262s] Level 5:colcon.colcon_core.verb:set package 'robot_interfaces' build argument 'cmake_force_configure' from command line to 'False'
[0.262s] Level 5:colcon.colcon_core.verb:set package 'robot_interfaces' build argument 'ament_cmake_args' from command line to 'None'
[0.262s] Level 5:colcon.colcon_core.verb:set package 'robot_interfaces' build argument 'catkin_cmake_args' from command line to 'None'
[0.262s] Level 5:colcon.colcon_core.verb:set package 'robot_interfaces' build argument 'catkin_skip_building_tests' from command line to 'False'
[0.262s] DEBUG:colcon.colcon_core.verb:Building package 'robot_interfaces' with the following arguments: {'ament_cmake_args': None, 'build_base': '/data2/Brinda/Documents/Reports/ROS2/my_ros2_workspace/build/robot_interfaces', 'catkin_cmake_args': None, 'catkin_skip_building_tests': False, 'cmake_args': None, 'cmake_clean_cache': False, 'cmake_clean_first': False, 'cmake_force_configure': False, 'cmake_target': None, 'cmake_target_skip_unavailable': False, 'install_base': '/data2/Brinda/Documents/Reports/ROS2/my_ros2_workspace/install/robot_interfaces', 'merge_install': False, 'path': '/data2/Brinda/Documents/Reports/ROS2/my_ros2_workspace/src/robot_interfaces', 'symlink_install': True, 'test_result_base': None}
[0.262s] Level 5:colcon.colcon_core.verb:set package 'robot_service_pkg' build argument 'cmake_args' from command line to 'None'
[0.262s] Level 5:colcon.colcon_core.verb:set package 'robot_service_pkg' build argument 'cmake_target' from command line to 'None'
[0.262s] Level 5:colcon.colcon_core.verb:set package 'robot_service_pkg' build argument 'cmake_target_skip_unavailable' from command line to 'False'
[0.262s] Level 5:colcon.colcon_core.verb:set package 'robot_service_pkg' build argument 'cmake_clean_cache' from command line to 'False'
[0.262s] Level 5:colcon.colcon_core.verb:set package 'robot_service_pkg' build argument 'cmake_clean_first' from command line to 'False'
[0.262s] Level 5:colcon.colcon_core.verb:set package 'robot_service_pkg' build argument 'cmake_force_configure' from command line to 'False'
[0.262s] Level 5:colcon.colcon_core.verb:set package 'robot_service_pkg' build argument 'ament_cmake_args' from command line to 'None'
[0.262s] Level 5:colcon.colcon_core.verb:set package 'robot_service_pkg' build argument 'catkin_cmake_args' from command line to 'None'
[0.262s] Level 5:colcon.colcon_core.verb:set package 'robot_service_pkg' build argument 'catkin_skip_building_tests' from command line to 'False'
[0.262s] DEBUG:colcon.colcon_core.verb:Building package 'robot_service_pkg' with the following arguments: {'ament_cmake_args': None, 'build_base': '/data2/Brinda/Documents/Reports/ROS2/my_ros2_workspace/build/robot_service_pkg', 'catkin_cmake_args': None, 'catkin_skip_building_tests': False, 'cmake_args': None, 'cmake_clean_cache': False, 'cmake_clean_first': False, 'cmake_force_configure': False, 'cmake_target': None, 'cmake_target_skip_unavailable': False, 'install_base': '/data2/Brinda/Documents/Reports/ROS2/my_ros2_workspace/install/robot_service_pkg', 'merge_install': False, 'path': '/data2/Brinda/Documents/Reports/ROS2/my_ros2_workspace/src/robot_service_pkg', 'symlink_install': True, 'test_result_base': None}
[0.262s] Level 5:colcon.colcon_core.verb:set package 'vision_pkg' build argument 'cmake_args' from command line to 'None'
[0.262s] Level 5:colcon.colcon_core.verb:set package 'vision_pkg' build argument 'cmake_target' from command line to 'None'
[0.262s] Level 5:colcon.colcon_core.verb:set package 'vision_pkg' build argument 'cmake_target_skip_unavailable' from command line to 'False'
[0.262s] Level 5:colcon.colcon_core.verb:set package 'vision_pkg' build argument 'cmake_clean_cache' from command line to 'False'
[0.262s] Level 5:colcon.colcon_core.verb:set package 'vision_pkg' build argument 'cmake_clean_first' from command line to 'False'
[0.262s] Level 5:colcon.colcon_core.verb:set package 'vision_pkg' build argument 'cmake_force_configure' from command line to 'False'
[0.263s] Level 5:colcon.colcon_core.verb:set package 'vision_pkg' build argument 'ament_cmake_args' from command line to 'None'
[0.263s] Level 5:colcon.colcon_core.verb:set package 'vision_pkg' build argument 'catkin_cmake_args' from command line to 'None'
[0.263s] Level 5:colcon.colcon_core.verb:set package 'vision_pkg' build argument 'catkin_skip_building_tests' from command line to 'False'
[0.263s] DEBUG:colcon.colcon_core.verb:Building package 'vision_pkg' with the following arguments: {'ament_cmake_args': None, 'build_base': '/data2/Brinda/Documents/Reports/ROS2/my_ros2_workspace/build/vision_pkg', 'catkin_cmake_args': None, 'catkin_skip_building_tests': False, 'cmake_args': None, 'cmake_clean_cache': False, 'cmake_clean_first': False, 'cmake_force_configure': False, 'cmake_target': None, 'cmake_target_skip_unavailable': False, 'install_base': '/data2/Brinda/Documents/Reports/ROS2/my_ros2_workspace/install/vision_pkg', 'merge_install': False, 'path': '/data2/Brinda/Documents/Reports/ROS2/my_ros2_workspace/src/vision_pkg', 'symlink_install': True, 'test_result_base': None}
[0.263s] Level 5:colcon.colcon_core.verb:set package 'robot_action_pkg' build argument 'cmake_args' from command line to 'None'
[0.263s] Level 5:colcon.colcon_core.verb:set package 'robot_action_pkg' build argument 'cmake_target' from command line to 'None'
[0.263s] Level 5:colcon.colcon_core.verb:set package 'robot_action_pkg' build argument 'cmake_target_skip_unavailable' from command line to 'False'
[0.263s] Level 5:colcon.colcon_core.verb:set package 'robot_action_pkg' build argument 'cmake_clean_cache' from command line to 'False'
[0.263s] Level 5:colcon.colcon_core.verb:set package 'robot_action_pkg' build argument 'cmake_clean_first' from command line to 'False'
[0.263s] Level 5:colcon.colcon_core.verb:set package 'robot_action_pkg' build argument 'cmake_force_configure' from command line to 'False'
[0.263s] Level 5:colcon.colcon_core.verb:set package 'robot_action_pkg' build argument 'ament_cmake_args' from command line to 'None'
[0.263s] Level 5:colcon.colcon_core.verb:set package 'robot_action_pkg' build argument 'catkin_cmake_args' from command line to 'None'
[0.263s] Level 5:colcon.colcon_core.verb:set package 'robot_action_pkg' build argument 'catkin_skip_building_tests' from command line to 'False'
[0.263s] DEBUG:colcon.colcon_core.verb:Building package 'robot_action_pkg' with the following arguments: {'ament_cmake_args': None, 'build_base': '/data2/Brinda/Documents/Reports/ROS2/my_ros2_workspace/build/robot_action_pkg', 'catkin_cmake_args': None, 'catkin_skip_building_tests': False, 'cmake_args': None, 'cmake_clean_cache': False, 'cmake_clean_first': False, 'cmake_force_configure': False, 'cmake_target': None, 'cmake_target_skip_unavailable': False, 'install_base': '/data2/Brinda/Documents/Reports/ROS2/my_ros2_workspace/install/robot_action_pkg', 'merge_install': False, 'path': '/data2/Brinda/Documents/Reports/ROS2/my_ros2_workspace/src/robot_action_pkg', 'symlink_install': True, 'test_result_base': None}
[0.263s] INFO:colcon.colcon_core.executor:Executing jobs using 'parallel' executor
[0.264s] DEBUG:colcon.colcon_parallel_executor.executor.parallel:run_until_complete
[0.264s] INFO:colcon.colcon_ros.task.ament_cmake.build:Building ROS package in '/data2/Brinda/Documents/Reports/ROS2/my_ros2_workspace/src/robot_interfaces' with build type 'ament_cmake'
[0.264s] INFO:colcon.colcon_cmake.task.cmake.build:Building CMake package in '/data2/Brinda/Documents/Reports/ROS2/my_ros2_workspace/src/robot_interfaces'
[0.266s] INFO:colcon.colcon_core.plugin_system:Skipping extension 'colcon_core.shell.bat': Not used on non-Windows systems
[0.266s] INFO:colcon.colcon_core.shell:Skip shell extension 'powershell' for command environment: Not usable outside of PowerShell
[0.266s] DEBUG:colcon.colcon_core.shell:Skip shell extension 'dsv' for command environment
[0.274s] INFO:colcon.colcon_ros.task.ament_cmake.build:Building ROS package in '/data2/Brinda/Documents/Reports/ROS2/my_ros2_workspace/src/basic_gazebo_robot' with build type 'ament_cmake'
[0.274s] INFO:colcon.colcon_cmake.task.cmake.build:Building CMake package in '/data2/Brinda/Documents/Reports/ROS2/my_ros2_workspace/src/basic_gazebo_robot'
[0.274s] INFO:colcon.colcon_core.shell:Skip shell extension 'powershell' for command environment: Not usable outside of PowerShell
[0.274s] DEBUG:colcon.colcon_core.shell:Skip shell extension 'dsv' for command environment
[0.281s] INFO:colcon.colcon_ros.task.ament_python.build:Building ROS package in '/data2/Brinda/Documents/Reports/ROS2/my_ros2_workspace/src/camera_pkg' with build type 'ament_python'
[0.281s] Level 1:colcon.colcon_core.shell:create_environment_hook('camera_pkg', 'ament_prefix_path')
[0.282s] INFO:colcon.colcon_core.shell:Creating environment hook '/data2/Brinda/Documents/Reports/ROS2/my_ros2_workspace/install/camera_pkg/share/camera_pkg/hook/ament_prefix_path.ps1'
[0.282s] INFO:colcon.colcon_core.shell:Creating environment descriptor '/data2/Brinda/Documents/Reports/ROS2/my_ros2_workspace/install/camera_pkg/share/camera_pkg/hook/ament_prefix_path.dsv'
[0.283s] INFO:colcon.colcon_core.shell:Creating environment hook '/data2/Brinda/Documents/Reports/ROS2/my_ros2_workspace/install/camera_pkg/share/camera_pkg/hook/ament_prefix_path.sh'
[0.283s] INFO:colcon.colcon_core.shell:Skip shell extension 'powershell' for command environment: Not usable outside of PowerShell
[0.283s] DEBUG:colcon.colcon_core.shell:Skip shell extension 'dsv' for command environment
[0.291s] INFO:colcon.colcon_ros.task.ament_python.build:Building ROS package in '/data2/Brinda/Documents/Reports/ROS2/my_ros2_workspace/src/lidar_pkg' with build type 'ament_python'
[0.291s] Level 1:colcon.colcon_core.shell:create_environment_hook('lidar_pkg', 'ament_prefix_path')
[0.291s] INFO:colcon.colcon_core.shell:Creating environment hook '/data2/Brinda/Documents/Reports/ROS2/my_ros2_workspace/install/lidar_pkg/share/lidar_pkg/hook/ament_prefix_path.ps1'
[0.292s] INFO:colcon.colcon_core.shell:Creating environment descriptor '/data2/Brinda/Documents/Reports/ROS2/my_ros2_workspace/install/lidar_pkg/share/lidar_pkg/hook/ament_prefix_path.dsv'
[0.292s] INFO:colcon.colcon_core.shell:Creating environment hook '/data2/Brinda/Documents/Reports/ROS2/my_ros2_workspace/install/lidar_pkg/share/lidar_pkg/hook/ament_prefix_path.sh'
[0.293s] INFO:colcon.colcon_core.shell:Skip shell extension 'powershell' for command environment: Not usable outside of PowerShell
[0.293s] DEBUG:colcon.colcon_core.shell:Skip shell extension 'dsv' for command environment
[0.300s] INFO:colcon.colcon_ros.task.ament_cmake.build:Building ROS package in '/data2/Brinda/Documents/Reports/ROS2/my_ros2_workspace/src/my_cpp_pkg' with build type 'ament_cmake'
[0.300s] INFO:colcon.colcon_cmake.task.cmake.build:Building CMake package in '/data2/Brinda/Documents/Reports/ROS2/my_ros2_workspace/src/my_cpp_pkg'
[0.300s] INFO:colcon.colcon_core.shell:Skip shell extension 'powershell' for command environment: Not usable outside of PowerShell
[0.300s] DEBUG:colcon.colcon_core.shell:Skip shell extension 'dsv' for command environment
[0.307s] INFO:colcon.colcon_ros.task.ament_python.build:Building ROS package in '/data2/Brinda/Documents/Reports/ROS2/my_ros2_workspace/src/my_py_pkg' with build type 'ament_python'
[0.307s] Level 1:colcon.colcon_core.shell:create_environment_hook('my_py_pkg', 'ament_prefix_path')
[0.307s] INFO:colcon.colcon_core.shell:Creating environment hook '/data2/Brinda/Documents/Reports/ROS2/my_ros2_workspace/install/my_py_pkg/share/my_py_pkg/hook/ament_prefix_path.ps1'
[0.308s] INFO:colcon.colcon_core.shell:Creating environment descriptor '/data2/Brinda/Documents/Reports/ROS2/my_ros2_workspace/install/my_py_pkg/share/my_py_pkg/hook/ament_prefix_path.dsv'
[0.308s] INFO:colcon.colcon_core.shell:Creating environment hook '/data2/Brinda/Documents/Reports/ROS2/my_ros2_workspace/install/my_py_pkg/share/my_py_pkg/hook/ament_prefix_path.sh'
[0.309s] INFO:colcon.colcon_core.shell:Skip shell extension 'powershell' for command environment: Not usable outside of PowerShell
[0.309s] DEBUG:colcon.colcon_core.shell:Skip shell extension 'dsv' for command environment
[0.315s] INFO:colcon.colcon_ros.task.ament_python.build:Building ROS package in '/data2/Brinda/Documents/Reports/ROS2/my_ros2_workspace/src/navigation_pkg' with build type 'ament_python'
[0.316s] Level 1:colcon.colcon_core.shell:create_environment_hook('navigation_pkg', 'ament_prefix_path')
[0.316s] INFO:colcon.colcon_core.shell:Creating environment hook '/data2/Brinda/Documents/Reports/ROS2/my_ros2_workspace/install/navigation_pkg/share/navigation_pkg/hook/ament_prefix_path.ps1'
[0.316s] INFO:colcon.colcon_core.shell:Creating environment descriptor '/data2/Brinda/Documents/Reports/ROS2/my_ros2_workspace/install/navigation_pkg/share/navigation_pkg/hook/ament_prefix_path.dsv'
[0.317s] INFO:colcon.colcon_core.shell:Creating environment hook '/data2/Brinda/Documents/Reports/ROS2/my_ros2_workspace/install/navigation_pkg/share/navigation_pkg/hook/ament_prefix_path.sh'
[0.317s] INFO:colcon.colcon_core.shell:Skip shell extension 'powershell' for command environment: Not usable outside of PowerShell
[0.317s] DEBUG:colcon.colcon_core.shell:Skip shell extension 'dsv' for command environment
[0.324s] INFO:colcon.colcon_ros.task.ament_python.build:Building ROS package in '/data2/Brinda/Documents/Reports/ROS2/my_ros2_workspace/robot_comm_pkg' with build type 'ament_python'
[0.324s] Level 1:colcon.colcon_core.shell:create_environment_hook('robot_comm_pkg', 'ament_prefix_path')
[0.324s] INFO:colcon.colcon_core.shell:Creating environment hook '/data2/Brinda/Documents/Reports/ROS2/my_ros2_workspace/install/robot_comm_pkg/share/robot_comm_pkg/hook/ament_prefix_path.ps1'
[0.325s] INFO:colcon.colcon_core.shell:Creating environment descriptor '/data2/Brinda/Documents/Reports/ROS2/my_ros2_workspace/install/robot_comm_pkg/share/robot_comm_pkg/hook/ament_prefix_path.dsv'
[0.325s] INFO:colcon.colcon_core.shell:Creating environment hook '/data2/Brinda/Documents/Reports/ROS2/my_ros2_workspace/install/robot_comm_pkg/share/robot_comm_pkg/hook/ament_prefix_path.sh'
[0.326s] INFO:colcon.colcon_core.shell:Skip shell extension 'powershell' for command environment: Not usable outside of PowerShell
[0.326s] DEBUG:colcon.colcon_core.shell:Skip shell extension 'dsv' for command environment
[0.334s] INFO:colcon.colcon_ros.task.ament_python.build:Building ROS package in '/data2/Brinda/Documents/Reports/ROS2/my_ros2_workspace/src/robot_control_pkg' with build type 'ament_python'
[0.334s] Level 1:colcon.colcon_core.shell:create_environment_hook('robot_control_pkg', 'ament_prefix_path')
[0.334s] INFO:colcon.colcon_core.shell:Creating environment hook '/data2/Brinda/Documents/Reports/ROS2/my_ros2_workspace/install/robot_control_pkg/share/robot_control_pkg/hook/ament_prefix_path.ps1'
[0.334s] INFO:colcon.colcon_core.shell:Creating environment descriptor '/data2/Brinda/Documents/Reports/ROS2/my_ros2_workspace/install/robot_control_pkg/share/robot_control_pkg/hook/ament_prefix_path.dsv'
[0.335s] INFO:colcon.colcon_core.shell:Creating environment hook '/data2/Brinda/Documents/Reports/ROS2/my_ros2_workspace/install/robot_control_pkg/share/robot_control_pkg/hook/ament_prefix_path.sh'
[0.335s] INFO:colcon.colcon_core.shell:Skip shell extension 'powershell' for command environment: Not usable outside of PowerShell
[0.335s] DEBUG:colcon.colcon_core.shell:Skip shell extension 'dsv' for command environment
[0.343s] INFO:colcon.colcon_ros.task.ament_python.build:Building ROS package in '/data2/Brinda/Documents/Reports/ROS2/my_ros2_workspace/src/robot_service_pkg' with build type 'ament_python'
[0.343s] Level 1:colcon.colcon_core.shell:create_environment_hook('robot_service_pkg', 'ament_prefix_path')
[0.343s] INFO:colcon.colcon_core.shell:Creating environment hook '/data2/Brinda/Documents/Reports/ROS2/my_ros2_workspace/install/robot_service_pkg/share/robot_service_pkg/hook/ament_prefix_path.ps1'
[0.343s] INFO:colcon.colcon_core.shell:Creating environment descriptor '/data2/Brinda/Documents/Reports/ROS2/my_ros2_workspace/install/robot_service_pkg/share/robot_service_pkg/hook/ament_prefix_path.dsv'
[0.344s] INFO:colcon.colcon_core.shell:Creating environment hook '/data2/Brinda/Documents/Reports/ROS2/my_ros2_workspace/install/robot_service_pkg/share/robot_service_pkg/hook/ament_prefix_path.sh'
[0.344s] INFO:colcon.colcon_core.shell:Skip shell extension 'powershell' for command environment: Not usable outside of PowerShell
[0.345s] DEBUG:colcon.colcon_core.shell:Skip shell extension 'dsv' for command environment
[0.352s] INFO:colcon.colcon_ros.task.ament_python.build:Building ROS package in '/data2/Brinda/Documents/Reports/ROS2/my_ros2_workspace/src/vision_pkg' with build type 'ament_python'
[0.352s] Level 1:colcon.colcon_core.shell:create_environment_hook('vision_pkg', 'ament_prefix_path')
[0.352s] INFO:colcon.colcon_core.shell:Creating environment hook '/data2/Brinda/Documents/Reports/ROS2/my_ros2_workspace/install/vision_pkg/share/vision_pkg/hook/ament_prefix_path.ps1'
[0.352s] INFO:colcon.colcon_core.shell:Creating environment descriptor '/data2/Brinda/Documents/Reports/ROS2/my_ros2_workspace/install/vision_pkg/share/vision_pkg/hook/ament_prefix_path.dsv'
[0.353s] INFO:colcon.colcon_core.shell:Creating environment hook '/data2/Brinda/Documents/Reports/ROS2/my_ros2_workspace/install/vision_pkg/share/vision_pkg/hook/ament_prefix_path.sh'
[0.353s] INFO:colcon.colcon_core.shell:Skip shell extension 'powershell' for command environment: Not usable outside of PowerShell
[0.354s] DEBUG:colcon.colcon_core.shell:Skip shell extension 'dsv' for command environment
[0.365s] DEBUG:colcon.colcon_core.event_handler.log_command:Invoking command in '/data2/Brinda/Documents/Reports/ROS2/my_ros2_workspace/build/robot_interfaces': CMAKE_PREFIX_PATH=${CMAKE_PREFIX_PATH}:/data2/Brinda/Documents/Reports/ROS2/my_ros2_workspace/install/vision_pkg:/data2/Brinda/Documents/Reports/ROS2/my_ros2_workspace/install/robot_service_pkg:/data2/Brinda/Documents/Reports/ROS2/my_ros2_workspace/install/robot_action_pkg:/data2/Brinda/Documents/Reports/ROS2/my_ros2_workspace/install/robot_control_pkg:/data2/Brinda/Documents/Reports/ROS2/my_ros2_workspace/install/robot_comm_pkg:/data2/Brinda/Documents/Reports/ROS2/my_ros2_workspace/install/navigation_pkg:/data2/Brinda/Documents/Reports/ROS2/my_ros2_workspace/install/my_py_pkg:/data2/Brinda/Documents/Reports/ROS2/my_ros2_workspace/install/lidar_pkg:/data2/Brinda/Documents/Reports/ROS2/my_ros2_workspace/install/camera_pkg:/opt/ros/humble /usr/bin/cmake /data2/Brinda/Documents/Reports/ROS2/my_ros2_workspace/src/robot_interfaces -DAMENT_CMAKE_SYMLINK_INSTALL=1 -DCMAKE_INSTALL_PREFIX=/data2/Brinda/Documents/Reports/ROS2/my_ros2_workspace/install/robot_interfaces
[0.370s] DEBUG:colcon.colcon_core.event_handler.log_command:Invoking command in '/data2/Brinda/Documents/Reports/ROS2/my_ros2_workspace/build/basic_gazebo_robot': CMAKE_PREFIX_PATH=${CMAKE_PREFIX_PATH}:/data2/Brinda/Documents/Reports/ROS2/my_ros2_workspace/install/vision_pkg:/data2/Brinda/Documents/Reports/ROS2/my_ros2_workspace/install/robot_service_pkg:/data2/Brinda/Documents/Reports/ROS2/my_ros2_workspace/install/robot_action_pkg:/data2/Brinda/Documents/Reports/ROS2/my_ros2_workspace/install/robot_control_pkg:/data2/Brinda/Documents/Reports/ROS2/my_ros2_workspace/install/robot_comm_pkg:/data2/Brinda/Documents/Reports/ROS2/my_ros2_workspace/install/navigation_pkg:/data2/Brinda/Documents/Reports/ROS2/my_ros2_workspace/install/my_py_pkg:/data2/Brinda/Documents/Reports/ROS2/my_ros2_workspace/install/lidar_pkg:/data2/Brinda/Documents/Reports/ROS2/my_ros2_workspace/install/camera_pkg:/opt/ros/humble /usr/bin/cmake /data2/Brinda/Documents/Reports/ROS2/my_ros2_workspace/src/basic_gazebo_robot -DAMENT_CMAKE_SYMLINK_INSTALL=1 -DCMAKE_INSTALL_PREFIX=/data2/Brinda/Documents/Reports/ROS2/my_ros2_workspace/install/basic_gazebo_robot
[0.596s] INFO:colcon.colcon_core.task.python.build:Building Python package in '/data2/Brinda/Documents/Reports/ROS2/my_ros2_workspace/src/camera_pkg'
[0.596s] INFO:colcon.colcon_core.shell:Skip shell extension 'powershell' for command environment: Not usable outside of PowerShell
[0.596s] DEBUG:colcon.colcon_core.shell:Skip shell extension 'dsv' for command environment
[0.834s] INFO:colcon.colcon_core.task.python.build:Building Python package in '/data2/Brinda/Documents/Reports/ROS2/my_ros2_workspace/src/lidar_pkg'
[0.834s] INFO:colcon.colcon_core.shell:Skip shell extension 'powershell' for command environment: Not usable outside of PowerShell
[0.834s] DEBUG:colcon.colcon_core.shell:Skip shell extension 'dsv' for command environment
[0.847s] DEBUG:colcon.colcon_core.event_handler.log_command:Invoking command in '/data2/Brinda/Documents/Reports/ROS2/my_ros2_workspace/build/my_cpp_pkg': CMAKE_PREFIX_PATH=${CMAKE_PREFIX_PATH}:/data2/Brinda/Documents/Reports/ROS2/my_ros2_workspace/install/vision_pkg:/data2/Brinda/Documents/Reports/ROS2/my_ros2_workspace/install/robot_service_pkg:/data2/Brinda/Documents/Reports/ROS2/my_ros2_workspace/install/robot_action_pkg:/data2/Brinda/Documents/Reports/ROS2/my_ros2_workspace/install/robot_control_pkg:/data2/Brinda/Documents/Reports/ROS2/my_ros2_workspace/install/robot_comm_pkg:/data2/Brinda/Documents/Reports/ROS2/my_ros2_workspace/install/navigation_pkg:/data2/Brinda/Documents/Reports/ROS2/my_ros2_workspace/install/my_py_pkg:/data2/Brinda/Documents/Reports/ROS2/my_ros2_workspace/install/lidar_pkg:/data2/Brinda/Documents/Reports/ROS2/my_ros2_workspace/install/camera_pkg:/opt/ros/humble /usr/bin/cmake /data2/Brinda/Documents/Reports/ROS2/my_ros2_workspace/src/my_cpp_pkg -DAMENT_CMAKE_SYMLINK_INSTALL=1 -DCMAKE_INSTALL_PREFIX=/data2/Brinda/Documents/Reports/ROS2/my_ros2_workspace/install/my_cpp_pkg
[1.071s] INFO:colcon.colcon_core.task.python.build:Building Python package in '/data2/Brinda/Documents/Reports/ROS2/my_ros2_workspace/src/my_py_pkg'
[1.072s] INFO:colcon.colcon_core.shell:Skip shell extension 'powershell' for command environment: Not usable outside of PowerShell
[1.072s] DEBUG:colcon.colcon_core.shell:Skip shell extension 'dsv' for command environment
[1.327s] INFO:colcon.colcon_core.task.python.build:Building Python package in '/data2/Brinda/Documents/Reports/ROS2/my_ros2_workspace/src/navigation_pkg'
[1.327s] INFO:colcon.colcon_core.shell:Skip shell extension 'powershell' for command environment: Not usable outside of PowerShell
[1.327s] DEBUG:colcon.colcon_core.shell:Skip shell extension 'dsv' for command environment
[1.557s] INFO:colcon.colcon_core.task.python.build:Building Python package in '/data2/Brinda/Documents/Reports/ROS2/my_ros2_workspace/robot_comm_pkg'
[1.557s] INFO:colcon.colcon_core.shell:Skip shell extension 'powershell' for command environment: Not usable outside of PowerShell
[1.557s] DEBUG:colcon.colcon_core.shell:Skip shell extension 'dsv' for command environment
[1.779s] INFO:colcon.colcon_core.task.python.build:Building Python package in '/data2/Brinda/Documents/Reports/ROS2/my_ros2_workspace/src/robot_control_pkg'
[1.779s] INFO:colcon.colcon_core.shell:Skip shell extension 'powershell' for command environment: Not usable outside of PowerShell
[1.779s] DEBUG:colcon.colcon_core.shell:Skip shell extension 'dsv' for command environment
[2.004s] INFO:colcon.colcon_core.task.python.build:Building Python package in '/data2/Brinda/Documents/Reports/ROS2/my_ros2_workspace/src/robot_service_pkg'
[2.004s] INFO:colcon.colcon_core.shell:Skip shell extension 'powershell' for command environment: Not usable outside of PowerShell
[2.004s] DEBUG:colcon.colcon_core.shell:Skip shell extension 'dsv' for command environment
[2.022s] DEBUG:colcon.colcon_core.event_handler.log_command:Invoked command in '/data2/Brinda/Documents/Reports/ROS2/my_ros2_workspace/build/basic_gazebo_robot' returned '0': CMAKE_PREFIX_PATH=${CMAKE_PREFIX_PATH}:/data2/Brinda/Documents/Reports/ROS2/my_ros2_workspace/install/vision_pkg:/data2/Brinda/Documents/Reports/ROS2/my_ros2_workspace/install/robot_service_pkg:/data2/Brinda/Documents/Reports/ROS2/my_ros2_workspace/install/robot_action_pkg:/data2/Brinda/Documents/Reports/ROS2/my_ros2_workspace/install/robot_control_pkg:/data2/Brinda/Documents/Reports/ROS2/my_ros2_workspace/install/robot_comm_pkg:/data2/Brinda/Documents/Reports/ROS2/my_ros2_workspace/install/navigation_pkg:/data2/Brinda/Documents/Reports/ROS2/my_ros2_workspace/install/my_py_pkg:/data2/Brinda/Documents/Reports/ROS2/my_ros2_workspace/install/lidar_pkg:/data2/Brinda/Documents/Reports/ROS2/my_ros2_workspace/install/camera_pkg:/opt/ros/humble /usr/bin/cmake /data2/Brinda/Documents/Reports/ROS2/my_ros2_workspace/src/basic_gazebo_robot -DAMENT_CMAKE_SYMLINK_INSTALL=1 -DCMAKE_INSTALL_PREFIX=/data2/Brinda/Documents/Reports/ROS2/my_ros2_workspace/install/basic_gazebo_robot
[2.022s] DEBUG:colcon.colcon_core.event_handler.log_command:Invoking command in '/data2/Brinda/Documents/Reports/ROS2/my_ros2_workspace/build/basic_gazebo_robot': CMAKE_PREFIX_PATH=${CMAKE_PREFIX_PATH}:/data2/Brinda/Documents/Reports/ROS2/my_ros2_workspace/install/vision_pkg:/data2/Brinda/Documents/Reports/ROS2/my_ros2_workspace/install/robot_service_pkg:/data2/Brinda/Documents/Reports/ROS2/my_ros2_workspace/install/robot_action_pkg:/data2/Brinda/Documents/Reports/ROS2/my_ros2_workspace/install/robot_control_pkg:/data2/Brinda/Documents/Reports/ROS2/my_ros2_workspace/install/robot_comm_pkg:/data2/Brinda/Documents/Reports/ROS2/my_ros2_workspace/install/navigation_pkg:/data2/Brinda/Documents/Reports/ROS2/my_ros2_workspace/install/my_py_pkg:/data2/Brinda/Documents/Reports/ROS2/my_ros2_workspace/install/lidar_pkg:/data2/Brinda/Documents/Reports/ROS2/my_ros2_workspace/install/camera_pkg:/opt/ros/humble /usr/bin/cmake --build /data2/Brinda/Documents/Reports/ROS2/my_ros2_workspace/build/basic_gazebo_robot -- -j16 -l16
[2.242s] INFO:colcon.colcon_core.task.python.build:Building Python package in '/data2/Brinda/Documents/Reports/ROS2/my_ros2_workspace/src/vision_pkg'
[2.243s] INFO:colcon.colcon_core.shell:Skip shell extension 'powershell' for command environment: Not usable outside of PowerShell
[2.243s] DEBUG:colcon.colcon_core.shell:Skip shell extension 'dsv' for command environment
[2.251s] DEBUG:colcon.colcon_core.event_handler.log_command:Invoked command in '/data2/Brinda/Documents/Reports/ROS2/my_ros2_workspace/build/my_cpp_pkg' returned '0': CMAKE_PREFIX_PATH=${CMAKE_PREFIX_PATH}:/data2/Brinda/Documents/Reports/ROS2/my_ros2_workspace/install/vision_pkg:/data2/Brinda/Documents/Reports/ROS2/my_ros2_workspace/install/robot_service_pkg:/data2/Brinda/Documents/Reports/ROS2/my_ros2_workspace/install/robot_action_pkg:/data2/Brinda/Documents/Reports/ROS2/my_ros2_workspace/install/robot_control_pkg:/data2/Brinda/Documents/Reports/ROS2/my_ros2_workspace/install/robot_comm_pkg:/data2/Brinda/Documents/Reports/ROS2/my_ros2_workspace/install/navigation_pkg:/data2/Brinda/Documents/Reports/ROS2/my_ros2_workspace/install/my_py_pkg:/data2/Brinda/Documents/Reports/ROS2/my_ros2_workspace/install/lidar_pkg:/data2/Brinda/Documents/Reports/ROS2/my_ros2_workspace/install/camera_pkg:/opt/ros/humble /usr/bin/cmake /data2/Brinda/Documents/Reports/ROS2/my_ros2_workspace/src/my_cpp_pkg -DAMENT_CMAKE_SYMLINK_INSTALL=1 -DCMAKE_INSTALL_PREFIX=/data2/Brinda/Documents/Reports/ROS2/my_ros2_workspace/install/my_cpp_pkg
[2.252s] DEBUG:colcon.colcon_core.event_handler.log_command:Invoking command in '/data2/Brinda/Documents/Reports/ROS2/my_ros2_workspace/build/my_cpp_pkg': CMAKE_PREFIX_PATH=${CMAKE_PREFIX_PATH}:/data2/Brinda/Documents/Reports/ROS2/my_ros2_workspace/install/vision_pkg:/data2/Brinda/Documents/Reports/ROS2/my_ros2_workspace/install/robot_service_pkg:/data2/Brinda/Documents/Reports/ROS2/my_ros2_workspace/install/robot_action_pkg:/data2/Brinda/Documents/Reports/ROS2/my_ros2_workspace/install/robot_control_pkg:/data2/Brinda/Documents/Reports/ROS2/my_ros2_workspace/install/robot_comm_pkg:/data2/Brinda/Documents/Reports/ROS2/my_ros2_workspace/install/navigation_pkg:/data2/Brinda/Documents/Reports/ROS2/my_ros2_workspace/install/my_py_pkg:/data2/Brinda/Documents/Reports/ROS2/my_ros2_workspace/install/lidar_pkg:/data2/Brinda/Documents/Reports/ROS2/my_ros2_workspace/install/camera_pkg:/opt/ros/humble /usr/bin/cmake --build /data2/Brinda/Documents/Reports/ROS2/my_ros2_workspace/build/my_cpp_pkg -- -j16 -l16
[2.264s] DEBUG:colcon.colcon_core.event_handler.log_command:Invoked command in '/data2/Brinda/Documents/Reports/ROS2/my_ros2_workspace/build/robot_interfaces' returned '0': CMAKE_PREFIX_PATH=${CMAKE_PREFIX_PATH}:/data2/Brinda/Documents/Reports/ROS2/my_ros2_workspace/install/vision_pkg:/data2/Brinda/Documents/Reports/ROS2/my_ros2_workspace/install/robot_service_pkg:/data2/Brinda/Documents/Reports/ROS2/my_ros2_workspace/install/robot_action_pkg:/data2/Brinda/Documents/Reports/ROS2/my_ros2_workspace/install/robot_control_pkg:/data2/Brinda/Documents/Reports/ROS2/my_ros2_workspace/install/robot_comm_pkg:/data2/Brinda/Documents/Reports/ROS2/my_ros2_workspace/install/navigation_pkg:/data2/Brinda/Documents/Reports/ROS2/my_ros2_workspace/install/my_py_pkg:/data2/Brinda/Documents/Reports/ROS2/my_ros2_workspace/install/lidar_pkg:/data2/Brinda/Documents/Reports/ROS2/my_ros2_workspace/install/camera_pkg:/opt/ros/humble /usr/bin/cmake /data2/Brinda/Documents/Reports/ROS2/my_ros2_workspace/src/robot_interfaces -DAMENT_CMAKE_SYMLINK_INSTALL=1 -DCMAKE_INSTALL_PREFIX=/data2/Brinda/Documents/Reports/ROS2/my_ros2_workspace/install/robot_interfaces
[2.265s] DEBUG:colcon.colcon_core.event_handler.log_command:Invoking command in '/data2/Brinda/Documents/Reports/ROS2/my_ros2_workspace/build/robot_interfaces': CMAKE_PREFIX_PATH=${CMAKE_PREFIX_PATH}:/data2/Brinda/Documents/Reports/ROS2/my_ros2_workspace/install/vision_pkg:/data2/Brinda/Documents/Reports/ROS2/my_ros2_workspace/install/robot_service_pkg:/data2/Brinda/Documents/Reports/ROS2/my_ros2_workspace/install/robot_action_pkg:/data2/Brinda/Documents/Reports/ROS2/my_ros2_workspace/install/robot_control_pkg:/data2/Brinda/Documents/Reports/ROS2/my_ros2_workspace/install/robot_comm_pkg:/data2/Brinda/Documents/Reports/ROS2/my_ros2_workspace/install/navigation_pkg:/data2/Brinda/Documents/Reports/ROS2/my_ros2_workspace/install/my_py_pkg:/data2/Brinda/Documents/Reports/ROS2/my_ros2_workspace/install/lidar_pkg:/data2/Brinda/Documents/Reports/ROS2/my_ros2_workspace/install/camera_pkg:/opt/ros/humble /usr/bin/cmake --build /data2/Brinda/Documents/Reports/ROS2/my_ros2_workspace/build/robot_interfaces -- -j16 -l16
[2.266s] DEBUG:colcon.colcon_core.event_handler.log_command:Invoked command in '/data2/Brinda/Documents/Reports/ROS2/my_ros2_workspace/build/basic_gazebo_robot' returned '0': CMAKE_PREFIX_PATH=${CMAKE_PREFIX_PATH}:/data2/Brinda/Documents/Reports/ROS2/my_ros2_workspace/install/vision_pkg:/data2/Brinda/Documents/Reports/ROS2/my_ros2_workspace/install/robot_service_pkg:/data2/Brinda/Documents/Reports/ROS2/my_ros2_workspace/install/robot_action_pkg:/data2/Brinda/Documents/Reports/ROS2/my_ros2_workspace/install/robot_control_pkg:/data2/Brinda/Documents/Reports/ROS2/my_ros2_workspace/install/robot_comm_pkg:/data2/Brinda/Documents/Reports/ROS2/my_ros2_workspace/install/navigation_pkg:/data2/Brinda/Documents/Reports/ROS2/my_ros2_workspace/install/my_py_pkg:/data2/Brinda/Documents/Reports/ROS2/my_ros2_workspace/install/lidar_pkg:/data2/Brinda/Documents/Reports/ROS2/my_ros2_workspace/install/camera_pkg:/opt/ros/humble /usr/bin/cmake --build /data2/Brinda/Documents/Reports/ROS2/my_ros2_workspace/build/basic_gazebo_robot -- -j16 -l16
[2.286s] DEBUG:colcon.colcon_core.event_handler.log_command:Invoking command in '/data2/Brinda/Documents/Reports/ROS2/my_ros2_workspace/build/basic_gazebo_robot': CMAKE_PREFIX_PATH=${CMAKE_PREFIX_PATH}:/data2/Brinda/Documents/Reports/ROS2/my_ros2_workspace/install/vision_pkg:/data2/Brinda/Documents/Reports/ROS2/my_ros2_workspace/install/robot_service_pkg:/data2/Brinda/Documents/Reports/ROS2/my_ros2_workspace/install/robot_action_pkg:/data2/Brinda/Documents/Reports/ROS2/my_ros2_workspace/install/robot_control_pkg:/data2/Brinda/Documents/Reports/ROS2/my_ros2_workspace/install/robot_comm_pkg:/data2/Brinda/Documents/Reports/ROS2/my_ros2_workspace/install/navigation_pkg:/data2/Brinda/Documents/Reports/ROS2/my_ros2_workspace/install/my_py_pkg:/data2/Brinda/Documents/Reports/ROS2/my_ros2_workspace/install/lidar_pkg:/data2/Brinda/Documents/Reports/ROS2/my_ros2_workspace/install/camera_pkg:/opt/ros/humble /usr/bin/cmake --install /data2/Brinda/Documents/Reports/ROS2/my_ros2_workspace/build/basic_gazebo_robot
[2.617s] DEBUG:colcon.colcon_core.event_handler.log_command:Invoked command in '/data2/Brinda/Documents/Reports/ROS2/my_ros2_workspace/build/my_cpp_pkg' returned '0': CMAKE_PREFIX_PATH=${CMAKE_PREFIX_PATH}:/data2/Brinda/Documents/Reports/ROS2/my_ros2_workspace/install/vision_pkg:/data2/Brinda/Documents/Reports/ROS2/my_ros2_workspace/install/robot_service_pkg:/data2/Brinda/Documents/Reports/ROS2/my_ros2_workspace/install/robot_action_pkg:/data2/Brinda/Documents/Reports/ROS2/my_ros2_workspace/install/robot_control_pkg:/data2/Brinda/Documents/Reports/ROS2/my_ros2_workspace/install/robot_comm_pkg:/data2/Brinda/Documents/Reports/ROS2/my_ros2_workspace/install/navigation_pkg:/data2/Brinda/Documents/Reports/ROS2/my_ros2_workspace/install/my_py_pkg:/data2/Brinda/Documents/Reports/ROS2/my_ros2_workspace/install/lidar_pkg:/data2/Brinda/Documents/Reports/ROS2/my_ros2_workspace/install/camera_pkg:/opt/ros/humble /usr/bin/cmake --build /data2/Brinda/Documents/Reports/ROS2/my_ros2_workspace/build/my_cpp_pkg -- -j16 -l16
[2.622s] DEBUG:colcon.colcon_core.event_handler.log_command:Invoking command in '/data2/Brinda/Documents/Reports/ROS2/my_ros2_workspace/build/my_cpp_pkg': CMAKE_PREFIX_PATH=${CMAKE_PREFIX_PATH}:/data2/Brinda/Documents/Reports/ROS2/my_ros2_workspace/install/vision_pkg:/data2/Brinda/Documents/Reports/ROS2/my_ros2_workspace/install/robot_service_pkg:/data2/Brinda/Documents/Reports/ROS2/my_ros2_workspace/install/robot_action_pkg:/data2/Brinda/Documents/Reports/ROS2/my_ros2_workspace/install/robot_control_pkg:/data2/Brinda/Documents/Reports/ROS2/my_ros2_workspace/install/robot_comm_pkg:/data2/Brinda/Documents/Reports/ROS2/my_ros2_workspace/install/navigation_pkg:/data2/Brinda/Documents/Reports/ROS2/my_ros2_workspace/install/my_py_pkg:/data2/Brinda/Documents/Reports/ROS2/my_ros2_workspace/install/lidar_pkg:/data2/Brinda/Documents/Reports/ROS2/my_ros2_workspace/install/camera_pkg:/opt/ros/humble /usr/bin/cmake --install /data2/Brinda/Documents/Reports/ROS2/my_ros2_workspace/build/my_cpp_pkg
[2.782s] Level 1:colcon.colcon_core.environment:create_environment_scripts_only(my_cpp_pkg)
[2.783s] DEBUG:colcon.colcon_core.event_handler.log_command:Invoked command in '/data2/Brinda/Documents/Reports/ROS2/my_ros2_workspace/build/my_cpp_pkg' returned '0': CMAKE_PREFIX_PATH=${CMAKE_PREFIX_PATH}:/data2/Brinda/Documents/Reports/ROS2/my_ros2_workspace/install/vision_pkg:/data2/Brinda/Documents/Reports/ROS2/my_ros2_workspace/install/robot_service_pkg:/data2/Brinda/Documents/Reports/ROS2/my_ros2_workspace/install/robot_action_pkg:/data2/Brinda/Documents/Reports/ROS2/my_ros2_workspace/install/robot_control_pkg:/data2/Brinda/Documents/Reports/ROS2/my_ros2_workspace/install/robot_comm_pkg:/data2/Brinda/Documents/Reports/ROS2/my_ros2_workspace/install/navigation_pkg:/data2/Brinda/Documents/Reports/ROS2/my_ros2_workspace/install/my_py_pkg:/data2/Brinda/Documents/Reports/ROS2/my_ros2_workspace/install/lidar_pkg:/data2/Brinda/Documents/Reports/ROS2/my_ros2_workspace/install/camera_pkg:/opt/ros/humble /usr/bin/cmake --install /data2/Brinda/Documents/Reports/ROS2/my_ros2_workspace/build/my_cpp_pkg
[2.790s] Level 1:colcon.colcon_core.environment:checking '/data2/Brinda/Documents/Reports/ROS2/my_ros2_workspace/install/my_cpp_pkg' for CMake module files
[2.799s] Level 1:colcon.colcon_core.environment:checking '/data2/Brinda/Documents/Reports/ROS2/my_ros2_workspace/install/my_cpp_pkg' for CMake config files
[2.808s] Level 1:colcon.colcon_core.shell:create_environment_hook('my_cpp_pkg', 'cmake_prefix_path')
[2.808s] INFO:colcon.colcon_core.shell:Creating environment hook '/data2/Brinda/Documents/Reports/ROS2/my_ros2_workspace/install/my_cpp_pkg/share/my_cpp_pkg/hook/cmake_prefix_path.ps1'
[2.809s] INFO:colcon.colcon_core.shell:Creating environment descriptor '/data2/Brinda/Documents/Reports/ROS2/my_ros2_workspace/install/my_cpp_pkg/share/my_cpp_pkg/hook/cmake_prefix_path.dsv'
[2.811s] INFO:colcon.colcon_core.shell:Creating environment hook '/data2/Brinda/Documents/Reports/ROS2/my_ros2_workspace/install/my_cpp_pkg/share/my_cpp_pkg/hook/cmake_prefix_path.sh'
[2.814s] Level 1:colcon.colcon_core.environment:checking '/data2/Brinda/Documents/Reports/ROS2/my_ros2_workspace/install/my_cpp_pkg/lib'
[2.815s] Level 1:colcon.colcon_core.environment:checking '/data2/Brinda/Documents/Reports/ROS2/my_ros2_workspace/install/my_cpp_pkg/bin'
[2.815s] Level 1:colcon.colcon_core.environment:checking '/data2/Brinda/Documents/Reports/ROS2/my_ros2_workspace/install/my_cpp_pkg/lib/pkgconfig/my_cpp_pkg.pc'
[2.816s] Level 1:colcon.colcon_core.environment:checking '/data2/Brinda/Documents/Reports/ROS2/my_ros2_workspace/install/my_cpp_pkg/lib/python3.10/site-packages'
[2.816s] Level 1:colcon.colcon_core.environment:checking '/data2/Brinda/Documents/Reports/ROS2/my_ros2_workspace/install/my_cpp_pkg/bin'
[2.817s] INFO:colcon.colcon_core.shell:Creating package script '/data2/Brinda/Documents/Reports/ROS2/my_ros2_workspace/install/my_cpp_pkg/share/my_cpp_pkg/package.ps1'
[2.819s] INFO:colcon.colcon_core.shell:Creating package descriptor '/data2/Brinda/Documents/Reports/ROS2/my_ros2_workspace/install/my_cpp_pkg/share/my_cpp_pkg/package.dsv'
[2.821s] INFO:colcon.colcon_core.shell:Creating package script '/data2/Brinda/Documents/Reports/ROS2/my_ros2_workspace/install/my_cpp_pkg/share/my_cpp_pkg/package.sh'
[2.823s] INFO:colcon.colcon_core.shell:Creating package script '/data2/Brinda/Documents/Reports/ROS2/my_ros2_workspace/install/my_cpp_pkg/share/my_cpp_pkg/package.bash'
[2.825s] INFO:colcon.colcon_core.shell:Creating package script '/data2/Brinda/Documents/Reports/ROS2/my_ros2_workspace/install/my_cpp_pkg/share/my_cpp_pkg/package.zsh'
[2.827s] Level 1:colcon.colcon_core.environment:create_file_with_runtime_dependencies(/data2/Brinda/Documents/Reports/ROS2/my_ros2_workspace/install/my_cpp_pkg/share/colcon-core/packages/my_cpp_pkg)
[2.829s] Level 1:colcon.colcon_core.environment:create_environment_scripts_only(my_cpp_pkg)
[2.829s] Level 1:colcon.colcon_core.environment:checking '/data2/Brinda/Documents/Reports/ROS2/my_ros2_workspace/install/my_cpp_pkg' for CMake module files
[2.837s] Level 1:colcon.colcon_core.environment:checking '/data2/Brinda/Documents/Reports/ROS2/my_ros2_workspace/install/my_cpp_pkg' for CMake config files
[2.847s] Level 1:colcon.colcon_core.shell:create_environment_hook('my_cpp_pkg', 'cmake_prefix_path')
[2.848s] INFO:colcon.colcon_core.shell:Creating environment hook '/data2/Brinda/Documents/Reports/ROS2/my_ros2_workspace/install/my_cpp_pkg/share/my_cpp_pkg/hook/cmake_prefix_path.ps1'
[2.849s] INFO:colcon.colcon_core.shell:Creating environment descriptor '/data2/Brinda/Documents/Reports/ROS2/my_ros2_workspace/install/my_cpp_pkg/share/my_cpp_pkg/hook/cmake_prefix_path.dsv'
[2.850s] INFO:colcon.colcon_core.shell:Creating environment hook '/data2/Brinda/Documents/Reports/ROS2/my_ros2_workspace/install/my_cpp_pkg/share/my_cpp_pkg/hook/cmake_prefix_path.sh'
[2.852s] Level 1:colcon.colcon_core.environment:checking '/data2/Brinda/Documents/Reports/ROS2/my_ros2_workspace/install/my_cpp_pkg/lib'
[2.852s] Level 1:colcon.colcon_core.environment:checking '/data2/Brinda/Documents/Reports/ROS2/my_ros2_workspace/install/my_cpp_pkg/bin'
[2.853s] Level 1:colcon.colcon_core.environment:checking '/data2/Brinda/Documents/Reports/ROS2/my_ros2_workspace/install/my_cpp_pkg/lib/pkgconfig/my_cpp_pkg.pc'
[2.853s] Level 1:colcon.colcon_core.environment:checking '/data2/Brinda/Documents/Reports/ROS2/my_ros2_workspace/install/my_cpp_pkg/lib/python3.10/site-packages'
[2.853s] Level 1:colcon.colcon_core.environment:checking '/data2/Brinda/Documents/Reports/ROS2/my_ros2_workspace/install/my_cpp_pkg/bin'
[2.854s] INFO:colcon.colcon_core.shell:Creating package script '/data2/Brinda/Documents/Reports/ROS2/my_ros2_workspace/install/my_cpp_pkg/share/my_cpp_pkg/package.ps1'
[2.856s] INFO:colcon.colcon_core.shell:Creating package descriptor '/data2/Brinda/Documents/Reports/ROS2/my_ros2_workspace/install/my_cpp_pkg/share/my_cpp_pkg/package.dsv'
[2.857s] INFO:colcon.colcon_core.shell:Creating package script '/data2/Brinda/Documents/Reports/ROS2/my_ros2_workspace/install/my_cpp_pkg/share/my_cpp_pkg/package.sh'
[2.859s] INFO:colcon.colcon_core.shell:Creating package script '/data2/Brinda/Documents/Reports/ROS2/my_ros2_workspace/install/my_cpp_pkg/share/my_cpp_pkg/package.bash'
[2.860s] INFO:colcon.colcon_core.shell:Creating package script '/data2/Brinda/Documents/Reports/ROS2/my_ros2_workspace/install/my_cpp_pkg/share/my_cpp_pkg/package.zsh'
[2.862s] Level 1:colcon.colcon_core.environment:create_file_with_runtime_dependencies(/data2/Brinda/Documents/Reports/ROS2/my_ros2_workspace/install/my_cpp_pkg/share/colcon-core/packages/my_cpp_pkg)
[2.913s] Level 1:colcon.colcon_core.environment:create_environment_scripts_only(basic_gazebo_robot)
[2.914s] Level 1:colcon.colcon_core.environment:checking '/data2/Brinda/Documents/Reports/ROS2/my_ros2_workspace/install/basic_gazebo_robot' for CMake module files
[2.914s] DEBUG:colcon.colcon_core.event_handler.log_command:Invoked command in '/data2/Brinda/Documents/Reports/ROS2/my_ros2_workspace/build/basic_gazebo_robot' returned '0': CMAKE_PREFIX_PATH=${CMAKE_PREFIX_PATH}:/data2/Brinda/Documents/Reports/ROS2/my_ros2_workspace/install/vision_pkg:/data2/Brinda/Documents/Reports/ROS2/my_ros2_workspace/install/robot_service_pkg:/data2/Brinda/Documents/Reports/ROS2/my_ros2_workspace/install/robot_action_pkg:/data2/Brinda/Documents/Reports/ROS2/my_ros2_workspace/install/robot_control_pkg:/data2/Brinda/Documents/Reports/ROS2/my_ros2_workspace/install/robot_comm_pkg:/data2/Brinda/Documents/Reports/ROS2/my_ros2_workspace/install/navigation_pkg:/data2/Brinda/Documents/Reports/ROS2/my_ros2_workspace/install/my_py_pkg:/data2/Brinda/Documents/Reports/ROS2/my_ros2_workspace/install/lidar_pkg:/data2/Brinda/Documents/Reports/ROS2/my_ros2_workspace/install/camera_pkg:/opt/ros/humble /usr/bin/cmake --install /data2/Brinda/Documents/Reports/ROS2/my_ros2_workspace/build/basic_gazebo_robot
[2.927s] Level 1:colcon.colcon_core.environment:checking '/data2/Brinda/Documents/Reports/ROS2/my_ros2_workspace/install/basic_gazebo_robot' for CMake config files
[2.938s] Level 1:colcon.colcon_core.shell:create_environment_hook('basic_gazebo_robot', 'cmake_prefix_path')
[2.938s] INFO:colcon.colcon_core.shell:Creating environment hook '/data2/Brinda/Documents/Reports/ROS2/my_ros2_workspace/install/basic_gazebo_robot/share/basic_gazebo_robot/hook/cmake_prefix_path.ps1'
[2.940s] INFO:colcon.colcon_core.shell:Creating environment descriptor '/data2/Brinda/Documents/Reports/ROS2/my_ros2_workspace/install/basic_gazebo_robot/share/basic_gazebo_robot/hook/cmake_prefix_path.dsv'
[2.941s] INFO:colcon.colcon_core.shell:Creating environment hook '/data2/Brinda/Documents/Reports/ROS2/my_ros2_workspace/install/basic_gazebo_robot/share/basic_gazebo_robot/hook/cmake_prefix_path.sh'
[2.943s] Level 1:colcon.colcon_core.environment:checking '/data2/Brinda/Documents/Reports/ROS2/my_ros2_workspace/install/basic_gazebo_robot/bin'
[2.944s] Level 1:colcon.colcon_core.environment:checking '/data2/Brinda/Documents/Reports/ROS2/my_ros2_workspace/install/basic_gazebo_robot/lib/pkgconfig/basic_gazebo_robot.pc'
[2.944s] Level 1:colcon.colcon_core.environment:checking '/data2/Brinda/Documents/Reports/ROS2/my_ros2_workspace/install/basic_gazebo_robot/lib/python3.10/site-packages'
[2.945s] Level 1:colcon.colcon_core.environment:checking '/data2/Brinda/Documents/Reports/ROS2/my_ros2_workspace/install/basic_gazebo_robot/bin'
[2.945s] INFO:colcon.colcon_core.shell:Creating package script '/data2/Brinda/Documents/Reports/ROS2/my_ros2_workspace/install/basic_gazebo_robot/share/basic_gazebo_robot/package.ps1'
[2.947s] INFO:colcon.colcon_core.shell:Creating package descriptor '/data2/Brinda/Documents/Reports/ROS2/my_ros2_workspace/install/basic_gazebo_robot/share/basic_gazebo_robot/package.dsv'
[2.949s] INFO:colcon.colcon_core.shell:Creating package script '/data2/Brinda/Documents/Reports/ROS2/my_ros2_workspace/install/basic_gazebo_robot/share/basic_gazebo_robot/package.sh'
[2.950s] INFO:colcon.colcon_core.shell:Creating package script '/data2/Brinda/Documents/Reports/ROS2/my_ros2_workspace/install/basic_gazebo_robot/share/basic_gazebo_robot/package.bash'
[2.952s] INFO:colcon.colcon_core.shell:Creating package script '/data2/Brinda/Documents/Reports/ROS2/my_ros2_workspace/install/basic_gazebo_robot/share/basic_gazebo_robot/package.zsh'
[2.953s] Level 1:colcon.colcon_core.environment:create_file_with_runtime_dependencies(/data2/Brinda/Documents/Reports/ROS2/my_ros2_workspace/install/basic_gazebo_robot/share/colcon-core/packages/basic_gazebo_robot)
[2.956s] Level 1:colcon.colcon_core.environment:create_environment_scripts_only(basic_gazebo_robot)
[2.956s] Level 1:colcon.colcon_core.environment:checking '/data2/Brinda/Documents/Reports/ROS2/my_ros2_workspace/install/basic_gazebo_robot' for CMake module files
[2.968s] Level 1:colcon.colcon_core.environment:checking '/data2/Brinda/Documents/Reports/ROS2/my_ros2_workspace/install/basic_gazebo_robot' for CMake config files
[2.977s] Level 1:colcon.colcon_core.shell:create_environment_hook('basic_gazebo_robot', 'cmake_prefix_path')
[2.977s] INFO:colcon.colcon_core.shell:Creating environment hook '/data2/Brinda/Documents/Reports/ROS2/my_ros2_workspace/install/basic_gazebo_robot/share/basic_gazebo_robot/hook/cmake_prefix_path.ps1'
[2.979s] INFO:colcon.colcon_core.shell:Creating environment descriptor '/data2/Brinda/Documents/Reports/ROS2/my_ros2_workspace/install/basic_gazebo_robot/share/basic_gazebo_robot/hook/cmake_prefix_path.dsv'
[2.980s] INFO:colcon.colcon_core.shell:Creating environment hook '/data2/Brinda/Documents/Reports/ROS2/my_ros2_workspace/install/basic_gazebo_robot/share/basic_gazebo_robot/hook/cmake_prefix_path.sh'
[2.982s] Level 1:colcon.colcon_core.environment:checking '/data2/Brinda/Documents/Reports/ROS2/my_ros2_workspace/install/basic_gazebo_robot/bin'
[2.982s] Level 1:colcon.colcon_core.environment:checking '/data2/Brinda/Documents/Reports/ROS2/my_ros2_workspace/install/basic_gazebo_robot/lib/pkgconfig/basic_gazebo_robot.pc'
[2.982s] Level 1:colcon.colcon_core.environment:checking '/data2/Brinda/Documents/Reports/ROS2/my_ros2_workspace/install/basic_gazebo_robot/lib/python3.10/site-packages'
[2.983s] Level 1:colcon.colcon_core.environment:checking '/data2/Brinda/Documents/Reports/ROS2/my_ros2_workspace/install/basic_gazebo_robot/bin'
[2.983s] INFO:colcon.colcon_core.shell:Creating package script '/data2/Brinda/Documents/Reports/ROS2/my_ros2_workspace/install/basic_gazebo_robot/share/basic_gazebo_robot/package.ps1'
[2.985s] INFO:colcon.colcon_core.shell:Creating package descriptor '/data2/Brinda/Documents/Reports/ROS2/my_ros2_workspace/install/basic_gazebo_robot/share/basic_gazebo_robot/package.dsv'
[2.986s] INFO:colcon.colcon_core.shell:Creating package script '/data2/Brinda/Documents/Reports/ROS2/my_ros2_workspace/install/basic_gazebo_robot/share/basic_gazebo_robot/package.sh'
[2.988s] INFO:colcon.colcon_core.shell:Creating package script '/data2/Brinda/Documents/Reports/ROS2/my_ros2_workspace/install/basic_gazebo_robot/share/basic_gazebo_robot/package.bash'
[2.990s] INFO:colcon.colcon_core.shell:Creating package script '/data2/Brinda/Documents/Reports/ROS2/my_ros2_workspace/install/basic_gazebo_robot/share/basic_gazebo_robot/package.zsh'
[2.992s] Level 1:colcon.colcon_core.environment:create_file_with_runtime_dependencies(/data2/Brinda/Documents/Reports/ROS2/my_ros2_workspace/install/basic_gazebo_robot/share/colcon-core/packages/basic_gazebo_robot)
[3.186s] DEBUG:colcon.colcon_core.task.python.build:While undoing a previous installation files outside the Python library path are being ignored: /data2/Brinda/Documents/Reports/ROS2/my_ros2_workspace/install/lidar_pkg/share/ament_index/resource_index/packages/lidar_pkg
[3.187s] DEBUG:colcon.colcon_core.task.python.build:While undoing a previous installation files outside the Python library path are being ignored: /data2/Brinda/Documents/Reports/ROS2/my_ros2_workspace/install/lidar_pkg/share/lidar_pkg/package.xml
[3.196s] DEBUG:colcon.colcon_core.event_handler.log_command:Invoking command in '/data2/Brinda/Documents/Reports/ROS2/my_ros2_workspace/build/lidar_pkg': PYTHONPATH=/data2/Brinda/Documents/Reports/ROS2/my_ros2_workspace/build/lidar_pkg/prefix_override:/usr/lib/python3/dist-packages/colcon_core/task/python/colcon_distutils_commands:/data2/Brinda/Documents/Reports/ROS2/my_ros2_workspace/install/lidar_pkg/lib/python3.10/site-packages:${PYTHONPATH} /usr/bin/python3 -W ignore:setup.py install is deprecated -W ignore:easy_install command is deprecated setup.py develop --editable --build-directory /data2/Brinda/Documents/Reports/ROS2/my_ros2_workspace/build/lidar_pkg/build --no-deps symlink_data --force
[3.225s] DEBUG:colcon.colcon_core.task.python.build:While undoing a previous installation files outside the Python library path are being ignored: /data2/Brinda/Documents/Reports/ROS2/my_ros2_workspace/install/navigation_pkg/share/ament_index/resource_index/packages/navigation_pkg
[3.226s] DEBUG:colcon.colcon_core.task.python.build:While undoing a previous installation files outside the Python library path are being ignored: /data2/Brinda/Documents/Reports/ROS2/my_ros2_workspace/install/navigation_pkg/share/navigation_pkg/package.xml
[3.235s] DEBUG:colcon.colcon_core.event_handler.log_command:Invoking command in '/data2/Brinda/Documents/Reports/ROS2/my_ros2_workspace/build/navigation_pkg': PYTHONPATH=/data2/Brinda/Documents/Reports/ROS2/my_ros2_workspace/build/navigation_pkg/prefix_override:/usr/lib/python3/dist-packages/colcon_core/task/python/colcon_distutils_commands:/data2/Brinda/Documents/Reports/ROS2/my_ros2_workspace/install/navigation_pkg/lib/python3.10/site-packages:${PYTHONPATH} /usr/bin/python3 -W ignore:setup.py install is deprecated -W ignore:easy_install command is deprecated setup.py develop --editable --build-directory /data2/Brinda/Documents/Reports/ROS2/my_ros2_workspace/build/navigation_pkg/build --no-deps symlink_data --force
[3.236s] DEBUG:colcon.colcon_core.task.python.build:While undoing a previous installation files outside the Python library path are being ignored: /data2/Brinda/Documents/Reports/ROS2/my_ros2_workspace/install/camera_pkg/share/ament_index/resource_index/packages/camera_pkg
[3.236s] DEBUG:colcon.colcon_core.task.python.build:While undoing a previous installation files outside the Python library path are being ignored: /data2/Brinda/Documents/Reports/ROS2/my_ros2_workspace/install/camera_pkg/share/camera_pkg/package.xml
[3.248s] DEBUG:colcon.colcon_core.event_handler.log_command:Invoking command in '/data2/Brinda/Documents/Reports/ROS2/my_ros2_workspace/build/camera_pkg': PYTHONPATH=/data2/Brinda/Documents/Reports/ROS2/my_ros2_workspace/build/camera_pkg/prefix_override:/usr/lib/python3/dist-packages/colcon_core/task/python/colcon_distutils_commands:/data2/Brinda/Documents/Reports/ROS2/my_ros2_workspace/install/camera_pkg/lib/python3.10/site-packages:${PYTHONPATH} /usr/bin/python3 -W ignore:setup.py install is deprecated -W ignore:easy_install command is deprecated setup.py develop --editable --build-directory /data2/Brinda/Documents/Reports/ROS2/my_ros2_workspace/build/camera_pkg/build --no-deps symlink_data --force
[3.253s] DEBUG:colcon.colcon_core.task.python.build:While undoing a previous installation files outside the Python library path are being ignored: /data2/Brinda/Documents/Reports/ROS2/my_ros2_workspace/install/my_py_pkg/share/ament_index/resource_index/packages/my_py_pkg
[3.254s] DEBUG:colcon.colcon_core.task.python.build:While undoing a previous installation files outside the Python library path are being ignored: /data2/Brinda/Documents/Reports/ROS2/my_ros2_workspace/install/my_py_pkg/share/my_py_pkg/package.xml
[3.257s] DEBUG:colcon.colcon_core.task.python.build:While undoing a previous installation files outside the Python library path are being ignored: /data2/Brinda/Documents/Reports/ROS2/my_ros2_workspace/install/my_py_pkg/lib/my_py_pkg/add_two_ints_client_no_oop
[3.257s] DEBUG:colcon.colcon_core.task.python.build:While undoing a previous installation files outside the Python library path are being ignored: /data2/Brinda/Documents/Reports/ROS2/my_ros2_workspace/install/my_py_pkg/lib/my_py_pkg/add_two_ints_server
[3.257s] DEBUG:colcon.colcon_core.task.python.build:While undoing a previous installation files outside the Python library path are being ignored: /data2/Brinda/Documents/Reports/ROS2/my_ros2_workspace/install/my_py_pkg/lib/my_py_pkg/call_add_two_ints
[3.257s] DEBUG:colcon.colcon_core.task.python.build:While undoing a previous installation files outside the Python library path are being ignored: /data2/Brinda/Documents/Reports/ROS2/my_ros2_workspace/install/my_py_pkg/lib/my_py_pkg/hardware_status_publisher
[3.257s] DEBUG:colcon.colcon_core.task.python.build:While undoing a previous installation files outside the Python library path are being ignored: /data2/Brinda/Documents/Reports/ROS2/my_ros2_workspace/install/my_py_pkg/lib/my_py_pkg/number_publisher
[3.258s] DEBUG:colcon.colcon_core.task.python.build:While undoing a previous installation files outside the Python library path are being ignored: /data2/Brinda/Documents/Reports/ROS2/my_ros2_workspace/install/my_py_pkg/lib/my_py_pkg/py_node
[3.258s] DEBUG:colcon.colcon_core.task.python.build:While undoing a previous installation files outside the Python library path are being ignored: /data2/Brinda/Documents/Reports/ROS2/my_ros2_workspace/install/my_py_pkg/lib/my_py_pkg/robot_news_station
[3.258s] DEBUG:colcon.colcon_core.task.python.build:While undoing a previous installation files outside the Python library path are being ignored: /data2/Brinda/Documents/Reports/ROS2/my_ros2_workspace/install/my_py_pkg/lib/my_py_pkg/smartphone
[3.265s] DEBUG:colcon.colcon_core.event_handler.log_command:Invoking command in '/data2/Brinda/Documents/Reports/ROS2/my_ros2_workspace/build/my_py_pkg': PYTHONPATH=/data2/Brinda/Documents/Reports/ROS2/my_ros2_workspace/build/my_py_pkg/prefix_override:/usr/lib/python3/dist-packages/colcon_core/task/python/colcon_distutils_commands:/data2/Brinda/Documents/Reports/ROS2/my_ros2_workspace/install/my_py_pkg/lib/python3.10/site-packages:${PYTHONPATH} /usr/bin/python3 -W ignore:setup.py install is deprecated -W ignore:easy_install command is deprecated setup.py develop --editable --build-directory /data2/Brinda/Documents/Reports/ROS2/my_ros2_workspace/build/my_py_pkg/build --no-deps symlink_data --force
[3.266s] DEBUG:colcon.colcon_core.task.python.build:While undoing a previous installation files outside the Python library path are being ignored: /data2/Brinda/Documents/Reports/ROS2/my_ros2_workspace/install/robot_control_pkg/share/ament_index/resource_index/packages/robot_control_pkg
[3.266s] DEBUG:colcon.colcon_core.task.python.build:While undoing a previous installation files outside the Python library path are being ignored: /data2/Brinda/Documents/Reports/ROS2/my_ros2_workspace/install/robot_control_pkg/share/robot_control_pkg/package.xml
[3.276s] DEBUG:colcon.colcon_core.event_handler.log_command:Invoking command in '/data2/Brinda/Documents/Reports/ROS2/my_ros2_workspace/build/robot_control_pkg': PYTHONPATH=/data2/Brinda/Documents/Reports/ROS2/my_ros2_workspace/build/robot_control_pkg/prefix_override:/usr/lib/python3/dist-packages/colcon_core/task/python/colcon_distutils_commands:/data2/Brinda/Documents/Reports/ROS2/my_ros2_workspace/install/robot_control_pkg/lib/python3.10/site-packages:${PYTHONPATH} /usr/bin/python3 -W ignore:setup.py install is deprecated -W ignore:easy_install command is deprecated setup.py develop --editable --build-directory /data2/Brinda/Documents/Reports/ROS2/my_ros2_workspace/build/robot_control_pkg/build --no-deps symlink_data --force
[3.283s] DEBUG:colcon.colcon_core.task.python.build:While undoing a previous installation files outside the Python library path are being ignored: /data2/Brinda/Documents/Reports/ROS2/my_ros2_workspace/install/robot_comm_pkg/share/ament_index/resource_index/packages/robot_comm_pkg
[3.284s] DEBUG:colcon.colcon_core.task.python.build:While undoing a previous installation files outside the Python library path are being ignored: /data2/Brinda/Documents/Reports/ROS2/my_ros2_workspace/install/robot_comm_pkg/share/robot_comm_pkg/package.xml
[3.287s] DEBUG:colcon.colcon_core.task.python.build:While undoing a previous installation files outside the Python library path are being ignored: /data2/Brinda/Documents/Reports/ROS2/my_ros2_workspace/install/robot_comm_pkg/lib/robot_comm_pkg/battery_pub
[3.288s] DEBUG:colcon.colcon_core.task.python.build:While undoing a previous installation files outside the Python library path are being ignored: /data2/Brinda/Documents/Reports/ROS2/my_ros2_workspace/install/robot_comm_pkg/lib/robot_comm_pkg/camera_pub
[3.288s] DEBUG:colcon.colcon_core.task.python.build:While undoing a previous installation files outside the Python library path are being ignored: /data2/Brinda/Documents/Reports/ROS2/my_ros2_workspace/install/robot_comm_pkg/lib/robot_comm_pkg/position_pub
[3.288s] DEBUG:colcon.colcon_core.task.python.build:While undoing a previous installation files outside the Python library path are being ignored: /data2/Brinda/Documents/Reports/ROS2/my_ros2_workspace/install/robot_comm_pkg/lib/robot_comm_pkg/position_sub
[3.288s] DEBUG:colcon.colcon_core.task.python.build:While undoing a previous installation files outside the Python library path are being ignored: /data2/Brinda/Documents/Reports/ROS2/my_ros2_workspace/install/robot_comm_pkg/lib/robot_comm_pkg/temperature_pub
[3.289s] DEBUG:colcon.colcon_core.task.python.build:While undoing a previous installation files outside the Python library path are being ignored: /data2/Brinda/Documents/Reports/ROS2/my_ros2_workspace/install/robot_comm_pkg/lib/robot_comm_pkg/velocity_pub
[3.299s] DEBUG:colcon.colcon_core.event_handler.log_command:Invoking command in '/data2/Brinda/Documents/Reports/ROS2/my_ros2_workspace/build/robot_comm_pkg': PYTHONPATH=/data2/Brinda/Documents/Reports/ROS2/my_ros2_workspace/build/robot_comm_pkg/prefix_override:/usr/lib/python3/dist-packages/colcon_core/task/python/colcon_distutils_commands:/data2/Brinda/Documents/Reports/ROS2/my_ros2_workspace/install/robot_comm_pkg/lib/python3.10/site-packages:${PYTHONPATH} /usr/bin/python3 -W ignore:setup.py install is deprecated -W ignore:easy_install command is deprecated setup.py develop --editable --build-directory /data2/Brinda/Documents/Reports/ROS2/my_ros2_workspace/build/robot_comm_pkg/build --no-deps symlink_data --force
[3.304s] DEBUG:colcon.colcon_core.task.python.build:While undoing a previous installation files outside the Python library path are being ignored: /data2/Brinda/Documents/Reports/ROS2/my_ros2_workspace/install/robot_service_pkg/share/ament_index/resource_index/packages/robot_service_pkg
[3.304s] DEBUG:colcon.colcon_core.task.python.build:While undoing a previous installation files outside the Python library path are being ignored: /data2/Brinda/Documents/Reports/ROS2/my_ros2_workspace/install/robot_service_pkg/share/robot_service_pkg/package.xml
[3.308s] DEBUG:colcon.colcon_core.task.python.build:While undoing a previous installation files outside the Python library path are being ignored: /data2/Brinda/Documents/Reports/ROS2/my_ros2_workspace/install/robot_service_pkg/lib/robot_service_pkg/robot_client
[3.309s] DEBUG:colcon.colcon_core.task.python.build:While undoing a previous installation files outside the Python library path are being ignored: /data2/Brinda/Documents/Reports/ROS2/my_ros2_workspace/install/robot_service_pkg/lib/robot_service_pkg/robot_server
[3.322s] DEBUG:colcon.colcon_core.event_handler.log_command:Invoking command in '/data2/Brinda/Documents/Reports/ROS2/my_ros2_workspace/build/robot_service_pkg': PYTHONPATH=/data2/Brinda/Documents/Reports/ROS2/my_ros2_workspace/build/robot_service_pkg/prefix_override:/usr/lib/python3/dist-packages/colcon_core/task/python/colcon_distutils_commands:/data2/Brinda/Documents/Reports/ROS2/my_ros2_workspace/install/robot_service_pkg/lib/python3.10/site-packages:${PYTHONPATH} /usr/bin/python3 -W ignore:setup.py install is deprecated -W ignore:easy_install command is deprecated setup.py develop --editable --build-directory /data2/Brinda/Documents/Reports/ROS2/my_ros2_workspace/build/robot_service_pkg/build --no-deps symlink_data --force
[3.324s] DEBUG:colcon.colcon_core.task.python.build:While undoing a previous installation files outside the Python library path are being ignored: /data2/Brinda/Documents/Reports/ROS2/my_ros2_workspace/install/vision_pkg/share/ament_index/resource_index/packages/vision_pkg
[3.324s] DEBUG:colcon.colcon_core.task.python.build:While undoing a previous installation files outside the Python library path are being ignored: /data2/Brinda/Documents/Reports/ROS2/my_ros2_workspace/install/vision_pkg/share/vision_pkg/package.xml
[3.340s] DEBUG:colcon.colcon_core.event_handler.log_command:Invoking command in '/data2/Brinda/Documents/Reports/ROS2/my_ros2_workspace/build/vision_pkg': PYTHONPATH=/data2/Brinda/Documents/Reports/ROS2/my_ros2_workspace/build/vision_pkg/prefix_override:/usr/lib/python3/dist-packages/colcon_core/task/python/colcon_distutils_commands:/data2/Brinda/Documents/Reports/ROS2/my_ros2_workspace/install/vision_pkg/lib/python3.10/site-packages:${PYTHONPATH} /usr/bin/python3 -W ignore:setup.py install is deprecated -W ignore:easy_install command is deprecated setup.py develop --editable --build-directory /data2/Brinda/Documents/Reports/ROS2/my_ros2_workspace/build/vision_pkg/build --no-deps symlink_data --force
[3.340s] DEBUG:colcon.colcon_core.event_handler.log_command:Invoked command in '/data2/Brinda/Documents/Reports/ROS2/my_ros2_workspace/build/robot_interfaces' returned '0': CMAKE_PREFIX_PATH=${CMAKE_PREFIX_PATH}:/data2/Brinda/Documents/Reports/ROS2/my_ros2_workspace/install/vision_pkg:/data2/Brinda/Documents/Reports/ROS2/my_ros2_workspace/install/robot_service_pkg:/data2/Brinda/Documents/Reports/ROS2/my_ros2_workspace/install/robot_action_pkg:/data2/Brinda/Documents/Reports/ROS2/my_ros2_workspace/install/robot_control_pkg:/data2/Brinda/Documents/Reports/ROS2/my_ros2_workspace/install/robot_comm_pkg:/data2/Brinda/Documents/Reports/ROS2/my_ros2_workspace/install/navigation_pkg:/data2/Brinda/Documents/Reports/ROS2/my_ros2_workspace/install/my_py_pkg:/data2/Brinda/Documents/Reports/ROS2/my_ros2_workspace/install/lidar_pkg:/data2/Brinda/Documents/Reports/ROS2/my_ros2_workspace/install/camera_pkg:/opt/ros/humble /usr/bin/cmake --build /data2/Brinda/Documents/Reports/ROS2/my_ros2_workspace/build/robot_interfaces -- -j16 -l16
[3.342s] DEBUG:colcon.colcon_core.event_handler.log_command:Invoking command in '/data2/Brinda/Documents/Reports/ROS2/my_ros2_workspace/build/robot_interfaces': CMAKE_PREFIX_PATH=${CMAKE_PREFIX_PATH}:/data2/Brinda/Documents/Reports/ROS2/my_ros2_workspace/install/vision_pkg:/data2/Brinda/Documents/Reports/ROS2/my_ros2_workspace/install/robot_service_pkg:/data2/Brinda/Documents/Reports/ROS2/my_ros2_workspace/install/robot_action_pkg:/data2/Brinda/Documents/Reports/ROS2/my_ros2_workspace/install/robot_control_pkg:/data2/Brinda/Documents/Reports/ROS2/my_ros2_workspace/install/robot_comm_pkg:/data2/Brinda/Documents/Reports/ROS2/my_ros2_workspace/install/navigation_pkg:/data2/Brinda/Documents/Reports/ROS2/my_ros2_workspace/install/my_py_pkg:/data2/Brinda/Documents/Reports/ROS2/my_ros2_workspace/install/lidar_pkg:/data2/Brinda/Documents/Reports/ROS2/my_ros2_workspace/install/camera_pkg:/opt/ros/humble /usr/bin/cmake --install /data2/Brinda/Documents/Reports/ROS2/my_ros2_workspace/build/robot_interfaces
[3.641s] DEBUG:colcon.colcon_core.event_handler.log_command:Invoked command in '/data2/Brinda/Documents/Reports/ROS2/my_ros2_workspace/build/lidar_pkg' returned '1': PYTHONPATH=/data2/Brinda/Documents/Reports/ROS2/my_ros2_workspace/build/lidar_pkg/prefix_override:/usr/lib/python3/dist-packages/colcon_core/task/python/colcon_distutils_commands:/data2/Brinda/Documents/Reports/ROS2/my_ros2_workspace/install/lidar_pkg/lib/python3.10/site-packages:${PYTHONPATH} /usr/bin/python3 -W ignore:setup.py install is deprecated -W ignore:easy_install command is deprecated setup.py develop --editable --build-directory /data2/Brinda/Documents/Reports/ROS2/my_ros2_workspace/build/lidar_pkg/build --no-deps symlink_data --force
[3.812s] DEBUG:colcon.colcon_parallel_executor.executor.parallel:closing loop
[3.812s] DEBUG:colcon.colcon_parallel_executor.executor.parallel:loop closed
[3.812s] DEBUG:colcon.colcon_parallel_executor.executor.parallel:run_until_complete finished with '1'
[3.813s] DEBUG:colcon.colcon_core.event_reactor:joining thread
[3.819s] INFO:colcon.colcon_core.plugin_system:Skipping extension 'colcon_notification.desktop_notification.terminal_notifier': Not used on non-Darwin systems
[3.819s] INFO:colcon.colcon_core.plugin_system:Skipping extension 'colcon_notification.desktop_notification.win32': Not used on non-Windows systems
[3.819s] INFO:colcon.colcon_notification.desktop_notification:Sending desktop notification using 'notify2'
[3.825s] DEBUG:colcon.colcon_core.event_reactor:joined thread
[3.826s] INFO:colcon.colcon_core.shell:Creating prefix script '/data2/Brinda/Documents/Reports/ROS2/my_ros2_workspace/install/local_setup.ps1'
[3.826s] INFO:colcon.colcon_core.shell:Creating prefix util module '/data2/Brinda/Documents/Reports/ROS2/my_ros2_workspace/install/_local_setup_util_ps1.py'
[3.827s] INFO:colcon.colcon_core.shell:Creating prefix chain script '/data2/Brinda/Documents/Reports/ROS2/my_ros2_workspace/install/setup.ps1'
[3.831s] INFO:colcon.colcon_core.shell:Creating prefix script '/data2/Brinda/Documents/Reports/ROS2/my_ros2_workspace/install/local_setup.sh'
[3.832s] INFO:colcon.colcon_core.shell:Creating prefix util module '/data2/Brinda/Documents/Reports/ROS2/my_ros2_workspace/install/_local_setup_util_sh.py'
[3.832s] INFO:colcon.colcon_core.shell:Creating prefix chain script '/data2/Brinda/Documents/Reports/ROS2/my_ros2_workspace/install/setup.sh'
[3.836s] INFO:colcon.colcon_core.shell:Creating prefix script '/data2/Brinda/Documents/Reports/ROS2/my_ros2_workspace/install/local_setup.bash'
[3.836s] INFO:colcon.colcon_core.shell:Creating prefix chain script '/data2/Brinda/Documents/Reports/ROS2/my_ros2_workspace/install/setup.bash'
[3.839s] INFO:colcon.colcon_core.shell:Creating prefix script '/data2/Brinda/Documents/Reports/ROS2/my_ros2_workspace/install/local_setup.zsh'
[3.840s] INFO:colcon.colcon_core.shell:Creating prefix chain script '/data2/Brinda/Documents/Reports/ROS2/my_ros2_workspace/install/setup.zsh'
