[0.017s] Invoking command in '/data2/Brinda/Documents/Reports/ROS2/my_ros2_workspace/build/basic_gazebo_robot': CMAKE_PREFIX_PATH=${CMAKE_PREFIX_PATH}:/data2/Brinda/Documents/Reports/ROS2/my_ros2_workspace/install/vision_pkg:/data2/Brinda/Documents/Reports/ROS2/my_ros2_workspace/install/robot_service_pkg:/data2/Brinda/Documents/Reports/ROS2/my_ros2_workspace/install/robot_action_pkg:/data2/Brinda/Documents/Reports/ROS2/my_ros2_workspace/install/robot_control_pkg:/data2/Brinda/Documents/Reports/ROS2/my_ros2_workspace/install/robot_comm_pkg:/data2/Brinda/Documents/Reports/ROS2/my_ros2_workspace/install/navigation_pkg:/data2/Brinda/Documents/Reports/ROS2/my_ros2_workspace/install/my_py_pkg:/data2/Brinda/Documents/Reports/ROS2/my_ros2_workspace/install/lidar_pkg:/data2/Brinda/Documents/Reports/ROS2/my_ros2_workspace/install/camera_pkg:/opt/ros/humble /usr/bin/cmake /data2/Brinda/Documents/Reports/ROS2/my_ros2_workspace/src/basic_gazebo_robot -DCMAKE_INSTALL_PREFIX=/data2/Brinda/Documents/Reports/ROS2/my_ros2_workspace/install/basic_gazebo_robot
[0.166s] -- The C compiler identification is GNU 11.4.0
[0.255s] -- The CXX compiler identification is GNU 11.4.0
[0.263s] -- Detecting C compiler ABI info
[0.391s] -- Detecting C compiler ABI info - done
[0.396s] -- Check for working C compiler: /usr/bin/cc - skipped
[0.396s] -- Detecting C compile features
[0.397s] -- Detecting C compile features - done
[0.400s] -- Detecting CXX compiler ABI info
[0.514s] -- Detecting CXX compiler ABI info - done
[0.519s] -- Check for working CXX compiler: /usr/bin/c++ - skipped
[0.520s] -- Detecting CXX compile features
[0.520s] -- Detecting CXX compile features - done
[0.541s] -- Found ament_cmake: 1.3.14 (/opt/ros/humble/share/ament_cmake/cmake)
[1.020s] -- Found Python3: /usr/bin/python3 (found version "3.10.12") found components: Interpreter 
[1.432s] -- Configuring done
[1.446s] -- Generating done
[1.453s] -- Build files have been written to: /data2/Brinda/Documents/Reports/ROS2/my_ros2_workspace/build/basic_gazebo_robot
[1.455s] Invoked command in '/data2/Brinda/Documents/Reports/ROS2/my_ros2_workspace/build/basic_gazebo_robot' returned '0': CMAKE_PREFIX_PATH=${CMAKE_PREFIX_PATH}:/data2/Brinda/Documents/Reports/ROS2/my_ros2_workspace/install/vision_pkg:/data2/Brinda/Documents/Reports/ROS2/my_ros2_workspace/install/robot_service_pkg:/data2/Brinda/Documents/Reports/ROS2/my_ros2_workspace/install/robot_action_pkg:/data2/Brinda/Documents/Reports/ROS2/my_ros2_workspace/install/robot_control_pkg:/data2/Brinda/Documents/Reports/ROS2/my_ros2_workspace/install/robot_comm_pkg:/data2/Brinda/Documents/Reports/ROS2/my_ros2_workspace/install/navigation_pkg:/data2/Brinda/Documents/Reports/ROS2/my_ros2_workspace/install/my_py_pkg:/data2/Brinda/Documents/Reports/ROS2/my_ros2_workspace/install/lidar_pkg:/data2/Brinda/Documents/Reports/ROS2/my_ros2_workspace/install/camera_pkg:/opt/ros/humble /usr/bin/cmake /data2/Brinda/Documents/Reports/ROS2/my_ros2_workspace/src/basic_gazebo_robot -DCMAKE_INSTALL_PREFIX=/data2/Brinda/Documents/Reports/ROS2/my_ros2_workspace/install/basic_gazebo_robot
[1.456s] Invoking command in '/data2/Brinda/Documents/Reports/ROS2/my_ros2_workspace/build/basic_gazebo_robot': CMAKE_PREFIX_PATH=${CMAKE_PREFIX_PATH}:/data2/Brinda/Documents/Reports/ROS2/my_ros2_workspace/install/vision_pkg:/data2/Brinda/Documents/Reports/ROS2/my_ros2_workspace/install/robot_service_pkg:/data2/Brinda/Documents/Reports/ROS2/my_ros2_workspace/install/robot_action_pkg:/data2/Brinda/Documents/Reports/ROS2/my_ros2_workspace/install/robot_control_pkg:/data2/Brinda/Documents/Reports/ROS2/my_ros2_workspace/install/robot_comm_pkg:/data2/Brinda/Documents/Reports/ROS2/my_ros2_workspace/install/navigation_pkg:/data2/Brinda/Documents/Reports/ROS2/my_ros2_workspace/install/my_py_pkg:/data2/Brinda/Documents/Reports/ROS2/my_ros2_workspace/install/lidar_pkg:/data2/Brinda/Documents/Reports/ROS2/my_ros2_workspace/install/camera_pkg:/opt/ros/humble /usr/bin/cmake --build /data2/Brinda/Documents/Reports/ROS2/my_ros2_workspace/build/basic_gazebo_robot -- -j16 -l16
[1.499s] Invoked command in '/data2/Brinda/Documents/Reports/ROS2/my_ros2_workspace/build/basic_gazebo_robot' returned '0': CMAKE_PREFIX_PATH=${CMAKE_PREFIX_PATH}:/data2/Brinda/Documents/Reports/ROS2/my_ros2_workspace/install/vision_pkg:/data2/Brinda/Documents/Reports/ROS2/my_ros2_workspace/install/robot_service_pkg:/data2/Brinda/Documents/Reports/ROS2/my_ros2_workspace/install/robot_action_pkg:/data2/Brinda/Documents/Reports/ROS2/my_ros2_workspace/install/robot_control_pkg:/data2/Brinda/Documents/Reports/ROS2/my_ros2_workspace/install/robot_comm_pkg:/data2/Brinda/Documents/Reports/ROS2/my_ros2_workspace/install/navigation_pkg:/data2/Brinda/Documents/Reports/ROS2/my_ros2_workspace/install/my_py_pkg:/data2/Brinda/Documents/Reports/ROS2/my_ros2_workspace/install/lidar_pkg:/data2/Brinda/Documents/Reports/ROS2/my_ros2_workspace/install/camera_pkg:/opt/ros/humble /usr/bin/cmake --build /data2/Brinda/Documents/Reports/ROS2/my_ros2_workspace/build/basic_gazebo_robot -- -j16 -l16
[1.509s] Invoking command in '/data2/Brinda/Documents/Reports/ROS2/my_ros2_workspace/build/basic_gazebo_robot': CMAKE_PREFIX_PATH=${CMAKE_PREFIX_PATH}:/data2/Brinda/Documents/Reports/ROS2/my_ros2_workspace/install/vision_pkg:/data2/Brinda/Documents/Reports/ROS2/my_ros2_workspace/install/robot_service_pkg:/data2/Brinda/Documents/Reports/ROS2/my_ros2_workspace/install/robot_action_pkg:/data2/Brinda/Documents/Reports/ROS2/my_ros2_workspace/install/robot_control_pkg:/data2/Brinda/Documents/Reports/ROS2/my_ros2_workspace/install/robot_comm_pkg:/data2/Brinda/Documents/Reports/ROS2/my_ros2_workspace/install/navigation_pkg:/data2/Brinda/Documents/Reports/ROS2/my_ros2_workspace/install/my_py_pkg:/data2/Brinda/Documents/Reports/ROS2/my_ros2_workspace/install/lidar_pkg:/data2/Brinda/Documents/Reports/ROS2/my_ros2_workspace/install/camera_pkg:/opt/ros/humble /usr/bin/cmake --install /data2/Brinda/Documents/Reports/ROS2/my_ros2_workspace/build/basic_gazebo_robot
[1.518s] -- Install configuration: ""
[1.518s] -- Installing: /data2/Brinda/Documents/Reports/ROS2/my_ros2_workspace/install/basic_gazebo_robot/share/basic_gazebo_robot/urdf
[1.519s] -- Installing: /data2/Brinda/Documents/Reports/ROS2/my_ros2_workspace/install/basic_gazebo_robot/share/basic_gazebo_robot/urdf/my_robot.urdf
[1.536s] -- Installing: /data2/Brinda/Documents/Reports/ROS2/my_ros2_workspace/install/basic_gazebo_robot/share/basic_gazebo_robot/worlds
[1.536s] -- Installing: /data2/Brinda/Documents/Reports/ROS2/my_ros2_workspace/install/basic_gazebo_robot/share/basic_gazebo_robot/worlds/my_world.world
[1.538s] -- Installing: /data2/Brinda/Documents/Reports/ROS2/my_ros2_workspace/install/basic_gazebo_robot/share/basic_gazebo_robot/worlds/small_house.world
[1.539s] -- Installing: /data2/Brinda/Documents/Reports/ROS2/my_ros2_workspace/install/basic_gazebo_robot/share/basic_gazebo_robot/launch
[1.540s] -- Installing: /data2/Brinda/Documents/Reports/ROS2/my_ros2_workspace/install/basic_gazebo_robot/share/basic_gazebo_robot/launch/sim.launch.py
[1.548s] -- Installing: /data2/Brinda/Documents/Reports/ROS2/my_ros2_workspace/install/basic_gazebo_robot/share/basic_gazebo_robot/config
[1.549s] -- Installing: /data2/Brinda/Documents/Reports/ROS2/my_ros2_workspace/install/basic_gazebo_robot/share/basic_gazebo_robot/config/mapper_params_online_async.yaml
[1.551s] -- Installing: /data2/Brinda/Documents/Reports/ROS2/my_ros2_workspace/install/basic_gazebo_robot/share/basic_gazebo_robot/config/nav2_params.yaml
[1.572s] -- Installing: /data2/Brinda/Documents/Reports/ROS2/my_ros2_workspace/install/basic_gazebo_robot/share/basic_gazebo_robot/models
[1.573s] -- Installing: /data2/Brinda/Documents/Reports/ROS2/my_ros2_workspace/install/basic_gazebo_robot/share/basic_gazebo_robot/models/aws_robomaker_residential_CookingBench_01
[1.574s] -- Installing: /data2/Brinda/Documents/Reports/ROS2/my_ros2_workspace/install/basic_gazebo_robot/share/basic_gazebo_robot/models/aws_robomaker_residential_CookingBench_01/materials
[1.575s] -- Installing: /data2/Brinda/Documents/Reports/ROS2/my_ros2_workspace/install/basic_gazebo_robot/share/basic_gazebo_robot/models/aws_robomaker_residential_CookingBench_01/materials/textures
[1.577s] -- Installing: /data2/Brinda/Documents/Reports/ROS2/my_ros2_workspace/install/basic_gazebo_robot/share/basic_gazebo_robot/models/aws_robomaker_residential_CookingBench_01/materials/textures/aws_CookingBench_01.png
[1.580s] -- Installing: /data2/Brinda/Documents/Reports/ROS2/my_ros2_workspace/install/basic_gazebo_robot/share/basic_gazebo_robot/models/aws_robomaker_residential_CookingBench_01/meshes
[1.581s] -- Installing: /data2/Brinda/Documents/Reports/ROS2/my_ros2_workspace/install/basic_gazebo_robot/share/basic_gazebo_robot/models/aws_robomaker_residential_CookingBench_01/meshes/aws_CookingBench_01.DAE
[1.583s] -- Installing: /data2/Brinda/Documents/Reports/ROS2/my_ros2_workspace/install/basic_gazebo_robot/share/basic_gazebo_robot/models/aws_robomaker_residential_CookingBench_01/meshes/aws_CookingBench_01_collision.DAE
[1.585s] -- Installing: /data2/Brinda/Documents/Reports/ROS2/my_ros2_workspace/install/basic_gazebo_robot/share/basic_gazebo_robot/models/aws_robomaker_residential_CookingBench_01/meshes/aws_CookingBench_01_visual.DAE
[1.588s] -- Installing: /data2/Brinda/Documents/Reports/ROS2/my_ros2_workspace/install/basic_gazebo_robot/share/basic_gazebo_robot/models/aws_robomaker_residential_CookingBench_01/model.config
[1.589s] -- Installing: /data2/Brinda/Documents/Reports/ROS2/my_ros2_workspace/install/basic_gazebo_robot/share/basic_gazebo_robot/models/aws_robomaker_residential_CookingBench_01/model.sdf
[1.591s] -- Installing: /data2/Brinda/Documents/Reports/ROS2/my_ros2_workspace/install/basic_gazebo_robot/share/basic_gazebo_robot/models/aws_robomaker_residential_Dumbbell_01
[1.592s] -- Installing: /data2/Brinda/Documents/Reports/ROS2/my_ros2_workspace/install/basic_gazebo_robot/share/basic_gazebo_robot/models/aws_robomaker_residential_Dumbbell_01/materials
[1.593s] -- Installing: /data2/Brinda/Documents/Reports/ROS2/my_ros2_workspace/install/basic_gazebo_robot/share/basic_gazebo_robot/models/aws_robomaker_residential_Dumbbell_01/materials/textures
[1.594s] -- Installing: /data2/Brinda/Documents/Reports/ROS2/my_ros2_workspace/install/basic_gazebo_robot/share/basic_gazebo_robot/models/aws_robomaker_residential_Dumbbell_01/materials/textures/aws_Dumbbell_01.png
[1.596s] -- Installing: /data2/Brinda/Documents/Reports/ROS2/my_ros2_workspace/install/basic_gazebo_robot/share/basic_gazebo_robot/models/aws_robomaker_residential_Dumbbell_01/meshes
[1.597s] -- Installing: /data2/Brinda/Documents/Reports/ROS2/my_ros2_workspace/install/basic_gazebo_robot/share/basic_gazebo_robot/models/aws_robomaker_residential_Dumbbell_01/meshes/aws_Dumbbell_01_collision.DAE
[1.599s] -- Installing: /data2/Brinda/Documents/Reports/ROS2/my_ros2_workspace/install/basic_gazebo_robot/share/basic_gazebo_robot/models/aws_robomaker_residential_Dumbbell_01/meshes/aws_Dumbbell_01_visual.DAE
[1.602s] -- Installing: /data2/Brinda/Documents/Reports/ROS2/my_ros2_workspace/install/basic_gazebo_robot/share/basic_gazebo_robot/models/aws_robomaker_residential_Dumbbell_01/model.config
[1.604s] -- Installing: /data2/Brinda/Documents/Reports/ROS2/my_ros2_workspace/install/basic_gazebo_robot/share/basic_gazebo_robot/models/aws_robomaker_residential_Dumbbell_01/model.sdf
[1.606s] -- Installing: /data2/Brinda/Documents/Reports/ROS2/my_ros2_workspace/install/basic_gazebo_robot/share/basic_gazebo_robot/models/aws_robomaker_residential_PortraitA_01
[1.607s] -- Installing: /data2/Brinda/Documents/Reports/ROS2/my_ros2_workspace/install/basic_gazebo_robot/share/basic_gazebo_robot/models/aws_robomaker_residential_PortraitA_01/materials
[1.608s] -- Installing: /data2/Brinda/Documents/Reports/ROS2/my_ros2_workspace/install/basic_gazebo_robot/share/basic_gazebo_robot/models/aws_robomaker_residential_PortraitA_01/materials/textures
[1.609s] -- Installing: /data2/Brinda/Documents/Reports/ROS2/my_ros2_workspace/install/basic_gazebo_robot/share/basic_gazebo_robot/models/aws_robomaker_residential_PortraitA_01/materials/textures/aws_PortraitA_01.png
[1.611s] -- Installing: /data2/Brinda/Documents/Reports/ROS2/my_ros2_workspace/install/basic_gazebo_robot/share/basic_gazebo_robot/models/aws_robomaker_residential_PortraitA_01/materials/textures/aws_PortraitA_02.png
[1.615s] -- Installing: /data2/Brinda/Documents/Reports/ROS2/my_ros2_workspace/install/basic_gazebo_robot/share/basic_gazebo_robot/models/aws_robomaker_residential_PortraitA_01/materials/textures/PortraitA_01.jpg
[1.618s] -- Installing: /data2/Brinda/Documents/Reports/ROS2/my_ros2_workspace/install/basic_gazebo_robot/share/basic_gazebo_robot/models/aws_robomaker_residential_PortraitA_01/meshes
[1.619s] -- Installing: /data2/Brinda/Documents/Reports/ROS2/my_ros2_workspace/install/basic_gazebo_robot/share/basic_gazebo_robot/models/aws_robomaker_residential_PortraitA_01/meshes/aws_PortraitA_01_collision.DAE
[1.621s] -- Installing: /data2/Brinda/Documents/Reports/ROS2/my_ros2_workspace/install/basic_gazebo_robot/share/basic_gazebo_robot/models/aws_robomaker_residential_PortraitA_01/meshes/aws_PortraitA_01_visual.DAE
[1.623s] -- Installing: /data2/Brinda/Documents/Reports/ROS2/my_ros2_workspace/install/basic_gazebo_robot/share/basic_gazebo_robot/models/aws_robomaker_residential_PortraitA_01/model.config
[1.624s] -- Installing: /data2/Brinda/Documents/Reports/ROS2/my_ros2_workspace/install/basic_gazebo_robot/share/basic_gazebo_robot/models/aws_robomaker_residential_PortraitA_01/model.sdf
[1.626s] -- Installing: /data2/Brinda/Documents/Reports/ROS2/my_ros2_workspace/install/basic_gazebo_robot/share/basic_gazebo_robot/models/aws_robomaker_residential_Refrigerator_01
[1.627s] -- Installing: /data2/Brinda/Documents/Reports/ROS2/my_ros2_workspace/install/basic_gazebo_robot/share/basic_gazebo_robot/models/aws_robomaker_residential_Refrigerator_01/materials
[1.628s] -- Installing: /data2/Brinda/Documents/Reports/ROS2/my_ros2_workspace/install/basic_gazebo_robot/share/basic_gazebo_robot/models/aws_robomaker_residential_Refrigerator_01/materials/textures
[1.629s] -- Installing: /data2/Brinda/Documents/Reports/ROS2/my_ros2_workspace/install/basic_gazebo_robot/share/basic_gazebo_robot/models/aws_robomaker_residential_Refrigerator_01/materials/textures/aws_Refrigerator_01.png
[1.632s] -- Installing: /data2/Brinda/Documents/Reports/ROS2/my_ros2_workspace/install/basic_gazebo_robot/share/basic_gazebo_robot/models/aws_robomaker_residential_Refrigerator_01/materials/textures/aws_Refrigerator_02.png
[1.634s] -- Installing: /data2/Brinda/Documents/Reports/ROS2/my_ros2_workspace/install/basic_gazebo_robot/share/basic_gazebo_robot/models/aws_robomaker_residential_Refrigerator_01/meshes
[1.635s] -- Installing: /data2/Brinda/Documents/Reports/ROS2/my_ros2_workspace/install/basic_gazebo_robot/share/basic_gazebo_robot/models/aws_robomaker_residential_Refrigerator_01/meshes/aws_Refrigerator_01.DAE
[1.637s] -- Installing: /data2/Brinda/Documents/Reports/ROS2/my_ros2_workspace/install/basic_gazebo_robot/share/basic_gazebo_robot/models/aws_robomaker_residential_Refrigerator_01/meshes/aws_Refrigerator_01_collision.DAE
[1.639s] -- Installing: /data2/Brinda/Documents/Reports/ROS2/my_ros2_workspace/install/basic_gazebo_robot/share/basic_gazebo_robot/models/aws_robomaker_residential_Refrigerator_01/meshes/aws_Refrigerator_01_visual.DAE
[1.642s] -- Installing: /data2/Brinda/Documents/Reports/ROS2/my_ros2_workspace/install/basic_gazebo_robot/share/basic_gazebo_robot/models/aws_robomaker_residential_Refrigerator_01/model.config
[1.644s] -- Installing: /data2/Brinda/Documents/Reports/ROS2/my_ros2_workspace/install/basic_gazebo_robot/share/basic_gazebo_robot/models/aws_robomaker_residential_Refrigerator_01/model.sdf
[1.645s] -- Installing: /data2/Brinda/Documents/Reports/ROS2/my_ros2_workspace/install/basic_gazebo_robot/share/basic_gazebo_robot/models/.DS_Store
[1.647s] -- Installing: /data2/Brinda/Documents/Reports/ROS2/my_ros2_workspace/install/basic_gazebo_robot/share/basic_gazebo_robot/models/aws_robomaker_residential_AirconditionerA_01
[1.648s] -- Installing: /data2/Brinda/Documents/Reports/ROS2/my_ros2_workspace/install/basic_gazebo_robot/share/basic_gazebo_robot/models/aws_robomaker_residential_AirconditionerA_01/materials
[1.649s] -- Installing: /data2/Brinda/Documents/Reports/ROS2/my_ros2_workspace/install/basic_gazebo_robot/share/basic_gazebo_robot/models/aws_robomaker_residential_AirconditionerA_01/materials/textures
[1.650s] -- Installing: /data2/Brinda/Documents/Reports/ROS2/my_ros2_workspace/install/basic_gazebo_robot/share/basic_gazebo_robot/models/aws_robomaker_residential_AirconditionerA_01/materials/textures/aws_AirconditionerA_01.png
[1.656s] -- Installing: /data2/Brinda/Documents/Reports/ROS2/my_ros2_workspace/install/basic_gazebo_robot/share/basic_gazebo_robot/models/aws_robomaker_residential_AirconditionerA_01/meshes
[1.657s] -- Installing: /data2/Brinda/Documents/Reports/ROS2/my_ros2_workspace/install/basic_gazebo_robot/share/basic_gazebo_robot/models/aws_robomaker_residential_AirconditionerA_01/meshes/aws_AirconditionerA_01_collision.DAE
[1.659s] -- Installing: /data2/Brinda/Documents/Reports/ROS2/my_ros2_workspace/install/basic_gazebo_robot/share/basic_gazebo_robot/models/aws_robomaker_residential_AirconditionerA_01/meshes/aws_AirconditionerA_01_visual.DAE
[1.661s] -- Installing: /data2/Brinda/Documents/Reports/ROS2/my_ros2_workspace/install/basic_gazebo_robot/share/basic_gazebo_robot/models/aws_robomaker_residential_AirconditionerA_01/model.config
[1.663s] -- Installing: /data2/Brinda/Documents/Reports/ROS2/my_ros2_workspace/install/basic_gazebo_robot/share/basic_gazebo_robot/models/aws_robomaker_residential_AirconditionerA_01/model.sdf
[1.664s] -- Installing: /data2/Brinda/Documents/Reports/ROS2/my_ros2_workspace/install/basic_gazebo_robot/share/basic_gazebo_robot/models/aws_robomaker_residential_AirconditionerB_01
[1.665s] -- Installing: /data2/Brinda/Documents/Reports/ROS2/my_ros2_workspace/install/basic_gazebo_robot/share/basic_gazebo_robot/models/aws_robomaker_residential_AirconditionerB_01/materials
[1.666s] -- Installing: /data2/Brinda/Documents/Reports/ROS2/my_ros2_workspace/install/basic_gazebo_robot/share/basic_gazebo_robot/models/aws_robomaker_residential_AirconditionerB_01/materials/textures
[1.667s] -- Installing: /data2/Brinda/Documents/Reports/ROS2/my_ros2_workspace/install/basic_gazebo_robot/share/basic_gazebo_robot/models/aws_robomaker_residential_AirconditionerB_01/materials/textures/aws_AirconditionerB_01.png
[1.670s] -- Installing: /data2/Brinda/Documents/Reports/ROS2/my_ros2_workspace/install/basic_gazebo_robot/share/basic_gazebo_robot/models/aws_robomaker_residential_AirconditionerB_01/meshes
[1.671s] -- Installing: /data2/Brinda/Documents/Reports/ROS2/my_ros2_workspace/install/basic_gazebo_robot/share/basic_gazebo_robot/models/aws_robomaker_residential_AirconditionerB_01/meshes/aws_AirconditionerB_01_collision.DAE
[1.673s] -- Installing: /data2/Brinda/Documents/Reports/ROS2/my_ros2_workspace/install/basic_gazebo_robot/share/basic_gazebo_robot/models/aws_robomaker_residential_AirconditionerB_01/meshes/aws_AirconditionerB_01_visual.DAE
[1.675s] -- Installing: /data2/Brinda/Documents/Reports/ROS2/my_ros2_workspace/install/basic_gazebo_robot/share/basic_gazebo_robot/models/aws_robomaker_residential_AirconditionerB_01/model.config
[1.677s] -- Installing: /data2/Brinda/Documents/Reports/ROS2/my_ros2_workspace/install/basic_gazebo_robot/share/basic_gazebo_robot/models/aws_robomaker_residential_AirconditionerB_01/model.sdf
[1.678s] -- Installing: /data2/Brinda/Documents/Reports/ROS2/my_ros2_workspace/install/basic_gazebo_robot/share/basic_gazebo_robot/models/aws_robomaker_residential_BalconyTable_01
[1.679s] -- Installing: /data2/Brinda/Documents/Reports/ROS2/my_ros2_workspace/install/basic_gazebo_robot/share/basic_gazebo_robot/models/aws_robomaker_residential_BalconyTable_01/materials
[1.680s] -- Installing: /data2/Brinda/Documents/Reports/ROS2/my_ros2_workspace/install/basic_gazebo_robot/share/basic_gazebo_robot/models/aws_robomaker_residential_BalconyTable_01/materials/textures
[1.681s] -- Installing: /data2/Brinda/Documents/Reports/ROS2/my_ros2_workspace/install/basic_gazebo_robot/share/basic_gazebo_robot/models/aws_robomaker_residential_BalconyTable_01/materials/textures/aws_BalconyTable_01.png
[1.683s] -- Installing: /data2/Brinda/Documents/Reports/ROS2/my_ros2_workspace/install/basic_gazebo_robot/share/basic_gazebo_robot/models/aws_robomaker_residential_BalconyTable_01/meshes
[1.684s] -- Installing: /data2/Brinda/Documents/Reports/ROS2/my_ros2_workspace/install/basic_gazebo_robot/share/basic_gazebo_robot/models/aws_robomaker_residential_BalconyTable_01/meshes/aws_BalconyTable_01_collision.DAE
[1.686s] -- Installing: /data2/Brinda/Documents/Reports/ROS2/my_ros2_workspace/install/basic_gazebo_robot/share/basic_gazebo_robot/models/aws_robomaker_residential_BalconyTable_01/meshes/aws_BalconyTable_01_visual.DAE
[1.688s] -- Installing: /data2/Brinda/Documents/Reports/ROS2/my_ros2_workspace/install/basic_gazebo_robot/share/basic_gazebo_robot/models/aws_robomaker_residential_BalconyTable_01/model.config
[1.690s] -- Installing: /data2/Brinda/Documents/Reports/ROS2/my_ros2_workspace/install/basic_gazebo_robot/share/basic_gazebo_robot/models/aws_robomaker_residential_BalconyTable_01/model.sdf
[1.692s] -- Installing: /data2/Brinda/Documents/Reports/ROS2/my_ros2_workspace/install/basic_gazebo_robot/share/basic_gazebo_robot/models/aws_robomaker_residential_Ball_01
[1.693s] -- Installing: /data2/Brinda/Documents/Reports/ROS2/my_ros2_workspace/install/basic_gazebo_robot/share/basic_gazebo_robot/models/aws_robomaker_residential_Ball_01/materials
[1.693s] -- Installing: /data2/Brinda/Documents/Reports/ROS2/my_ros2_workspace/install/basic_gazebo_robot/share/basic_gazebo_robot/models/aws_robomaker_residential_Ball_01/materials/textures
[1.695s] -- Installing: /data2/Brinda/Documents/Reports/ROS2/my_ros2_workspace/install/basic_gazebo_robot/share/basic_gazebo_robot/models/aws_robomaker_residential_Ball_01/materials/textures/aws_Ball_01.png
[1.697s] -- Installing: /data2/Brinda/Documents/Reports/ROS2/my_ros2_workspace/install/basic_gazebo_robot/share/basic_gazebo_robot/models/aws_robomaker_residential_Ball_01/meshes
[1.698s] -- Installing: /data2/Brinda/Documents/Reports/ROS2/my_ros2_workspace/install/basic_gazebo_robot/share/basic_gazebo_robot/models/aws_robomaker_residential_Ball_01/meshes/aws_Ball_01_collision.DAE
[1.700s] -- Installing: /data2/Brinda/Documents/Reports/ROS2/my_ros2_workspace/install/basic_gazebo_robot/share/basic_gazebo_robot/models/aws_robomaker_residential_Ball_01/meshes/aws_Ball_01_visual.DAE
[1.702s] -- Installing: /data2/Brinda/Documents/Reports/ROS2/my_ros2_workspace/install/basic_gazebo_robot/share/basic_gazebo_robot/models/aws_robomaker_residential_Ball_01/model.config
[1.704s] -- Installing: /data2/Brinda/Documents/Reports/ROS2/my_ros2_workspace/install/basic_gazebo_robot/share/basic_gazebo_robot/models/aws_robomaker_residential_Ball_01/model.sdf
[1.705s] -- Installing: /data2/Brinda/Documents/Reports/ROS2/my_ros2_workspace/install/basic_gazebo_robot/share/basic_gazebo_robot/models/aws_robomaker_residential_Bed_01
[1.706s] -- Installing: /data2/Brinda/Documents/Reports/ROS2/my_ros2_workspace/install/basic_gazebo_robot/share/basic_gazebo_robot/models/aws_robomaker_residential_Bed_01/materials
[1.707s] -- Installing: /data2/Brinda/Documents/Reports/ROS2/my_ros2_workspace/install/basic_gazebo_robot/share/basic_gazebo_robot/models/aws_robomaker_residential_Bed_01/materials/textures
[1.708s] -- Installing: /data2/Brinda/Documents/Reports/ROS2/my_ros2_workspace/install/basic_gazebo_robot/share/basic_gazebo_robot/models/aws_robomaker_residential_Bed_01/materials/textures/aws_BedA_01.png
[1.712s] -- Installing: /data2/Brinda/Documents/Reports/ROS2/my_ros2_workspace/install/basic_gazebo_robot/share/basic_gazebo_robot/models/aws_robomaker_residential_Bed_01/materials/textures/aws_BedB_01.png
[1.720s] -- Installing: /data2/Brinda/Documents/Reports/ROS2/my_ros2_workspace/install/basic_gazebo_robot/share/basic_gazebo_robot/models/aws_robomaker_residential_Bed_01/materials/textures/aws_BedC_01.png
[1.726s] -- Installing: /data2/Brinda/Documents/Reports/ROS2/my_ros2_workspace/install/basic_gazebo_robot/share/basic_gazebo_robot/models/aws_robomaker_residential_Bed_01/materials/textures/aws_Bed_01.png
[1.730s] -- Installing: /data2/Brinda/Documents/Reports/ROS2/my_ros2_workspace/install/basic_gazebo_robot/share/basic_gazebo_robot/models/aws_robomaker_residential_Bed_01/meshes
[1.732s] -- Installing: /data2/Brinda/Documents/Reports/ROS2/my_ros2_workspace/install/basic_gazebo_robot/share/basic_gazebo_robot/models/aws_robomaker_residential_Bed_01/meshes/aws_Bed_01_collision.DAE
[1.733s] -- Installing: /data2/Brinda/Documents/Reports/ROS2/my_ros2_workspace/install/basic_gazebo_robot/share/basic_gazebo_robot/models/aws_robomaker_residential_Bed_01/meshes/aws_Bed_01_visual.DAE
[1.741s] -- Installing: /data2/Brinda/Documents/Reports/ROS2/my_ros2_workspace/install/basic_gazebo_robot/share/basic_gazebo_robot/models/aws_robomaker_residential_Bed_01/model.config
[1.743s] -- Installing: /data2/Brinda/Documents/Reports/ROS2/my_ros2_workspace/install/basic_gazebo_robot/share/basic_gazebo_robot/models/aws_robomaker_residential_Bed_01/model.sdf
[1.744s] -- Installing: /data2/Brinda/Documents/Reports/ROS2/my_ros2_workspace/install/basic_gazebo_robot/share/basic_gazebo_robot/models/aws_robomaker_residential_Board_01
[1.745s] -- Installing: /data2/Brinda/Documents/Reports/ROS2/my_ros2_workspace/install/basic_gazebo_robot/share/basic_gazebo_robot/models/aws_robomaker_residential_Board_01/materials
[1.747s] -- Installing: /data2/Brinda/Documents/Reports/ROS2/my_ros2_workspace/install/basic_gazebo_robot/share/basic_gazebo_robot/models/aws_robomaker_residential_Board_01/materials/textures
[1.748s] -- Installing: /data2/Brinda/Documents/Reports/ROS2/my_ros2_workspace/install/basic_gazebo_robot/share/basic_gazebo_robot/models/aws_robomaker_residential_Board_01/materials/textures/aws_Board_01.png
[1.752s] -- Installing: /data2/Brinda/Documents/Reports/ROS2/my_ros2_workspace/install/basic_gazebo_robot/share/basic_gazebo_robot/models/aws_robomaker_residential_Board_01/meshes
[1.753s] -- Installing: /data2/Brinda/Documents/Reports/ROS2/my_ros2_workspace/install/basic_gazebo_robot/share/basic_gazebo_robot/models/aws_robomaker_residential_Board_01/meshes/aws_Board_01_collision.DAE
[1.755s] -- Installing: /data2/Brinda/Documents/Reports/ROS2/my_ros2_workspace/install/basic_gazebo_robot/share/basic_gazebo_robot/models/aws_robomaker_residential_Board_01/meshes/aws_Board_01_visual.DAE
[1.757s] -- Installing: /data2/Brinda/Documents/Reports/ROS2/my_ros2_workspace/install/basic_gazebo_robot/share/basic_gazebo_robot/models/aws_robomaker_residential_Board_01/model.config
[1.759s] -- Installing: /data2/Brinda/Documents/Reports/ROS2/my_ros2_workspace/install/basic_gazebo_robot/share/basic_gazebo_robot/models/aws_robomaker_residential_Board_01/model.sdf
[1.760s] -- Installing: /data2/Brinda/Documents/Reports/ROS2/my_ros2_workspace/install/basic_gazebo_robot/share/basic_gazebo_robot/models/aws_robomaker_residential_Carpet_01
[1.761s] -- Installing: /data2/Brinda/Documents/Reports/ROS2/my_ros2_workspace/install/basic_gazebo_robot/share/basic_gazebo_robot/models/aws_robomaker_residential_Carpet_01/materials
[1.762s] -- Installing: /data2/Brinda/Documents/Reports/ROS2/my_ros2_workspace/install/basic_gazebo_robot/share/basic_gazebo_robot/models/aws_robomaker_residential_Carpet_01/materials/textures
[1.763s] -- Installing: /data2/Brinda/Documents/Reports/ROS2/my_ros2_workspace/install/basic_gazebo_robot/share/basic_gazebo_robot/models/aws_robomaker_residential_Carpet_01/materials/textures/aws_Carpet_01.png
[1.793s] -- Installing: /data2/Brinda/Documents/Reports/ROS2/my_ros2_workspace/install/basic_gazebo_robot/share/basic_gazebo_robot/models/aws_robomaker_residential_Carpet_01/meshes
[1.794s] -- Installing: /data2/Brinda/Documents/Reports/ROS2/my_ros2_workspace/install/basic_gazebo_robot/share/basic_gazebo_robot/models/aws_robomaker_residential_Carpet_01/meshes/aws_Carpet_01_collision.DAE
[1.796s] -- Installing: /data2/Brinda/Documents/Reports/ROS2/my_ros2_workspace/install/basic_gazebo_robot/share/basic_gazebo_robot/models/aws_robomaker_residential_Carpet_01/meshes/aws_Carpet_01_visual.DAE
[1.798s] -- Installing: /data2/Brinda/Documents/Reports/ROS2/my_ros2_workspace/install/basic_gazebo_robot/share/basic_gazebo_robot/models/aws_robomaker_residential_Carpet_01/model.config
[1.799s] -- Installing: /data2/Brinda/Documents/Reports/ROS2/my_ros2_workspace/install/basic_gazebo_robot/share/basic_gazebo_robot/models/aws_robomaker_residential_Carpet_01/model.sdf
[1.801s] -- Installing: /data2/Brinda/Documents/Reports/ROS2/my_ros2_workspace/install/basic_gazebo_robot/share/basic_gazebo_robot/models/aws_robomaker_residential_ChairA_01
[1.802s] -- Installing: /data2/Brinda/Documents/Reports/ROS2/my_ros2_workspace/install/basic_gazebo_robot/share/basic_gazebo_robot/models/aws_robomaker_residential_ChairA_01/materials
[1.803s] -- Installing: /data2/Brinda/Documents/Reports/ROS2/my_ros2_workspace/install/basic_gazebo_robot/share/basic_gazebo_robot/models/aws_robomaker_residential_ChairA_01/materials/textures
[1.804s] -- Installing: /data2/Brinda/Documents/Reports/ROS2/my_ros2_workspace/install/basic_gazebo_robot/share/basic_gazebo_robot/models/aws_robomaker_residential_ChairA_01/materials/textures/aws_ChairA_01.png
[1.809s] -- Installing: /data2/Brinda/Documents/Reports/ROS2/my_ros2_workspace/install/basic_gazebo_robot/share/basic_gazebo_robot/models/aws_robomaker_residential_ChairA_01/meshes
[1.810s] -- Installing: /data2/Brinda/Documents/Reports/ROS2/my_ros2_workspace/install/basic_gazebo_robot/share/basic_gazebo_robot/models/aws_robomaker_residential_ChairA_01/meshes/aws_ChairA_01_collision.DAE
[1.812s] -- Installing: /data2/Brinda/Documents/Reports/ROS2/my_ros2_workspace/install/basic_gazebo_robot/share/basic_gazebo_robot/models/aws_robomaker_residential_ChairA_01/meshes/aws_ChairA_01_visual.DAE
[1.815s] -- Installing: /data2/Brinda/Documents/Reports/ROS2/my_ros2_workspace/install/basic_gazebo_robot/share/basic_gazebo_robot/models/aws_robomaker_residential_ChairA_01/model.config
[1.817s] -- Installing: /data2/Brinda/Documents/Reports/ROS2/my_ros2_workspace/install/basic_gazebo_robot/share/basic_gazebo_robot/models/aws_robomaker_residential_ChairA_01/model.sdf
[1.818s] -- Installing: /data2/Brinda/Documents/Reports/ROS2/my_ros2_workspace/install/basic_gazebo_robot/share/basic_gazebo_robot/models/aws_robomaker_residential_ChairD_01
[1.819s] -- Installing: /data2/Brinda/Documents/Reports/ROS2/my_ros2_workspace/install/basic_gazebo_robot/share/basic_gazebo_robot/models/aws_robomaker_residential_ChairD_01/materials
[1.820s] -- Installing: /data2/Brinda/Documents/Reports/ROS2/my_ros2_workspace/install/basic_gazebo_robot/share/basic_gazebo_robot/models/aws_robomaker_residential_ChairD_01/materials/textures
[1.821s] -- Installing: /data2/Brinda/Documents/Reports/ROS2/my_ros2_workspace/install/basic_gazebo_robot/share/basic_gazebo_robot/models/aws_robomaker_residential_ChairD_01/materials/textures/aws_ChairD_01.png
[1.823s] -- Installing: /data2/Brinda/Documents/Reports/ROS2/my_ros2_workspace/install/basic_gazebo_robot/share/basic_gazebo_robot/models/aws_robomaker_residential_ChairD_01/meshes
[1.824s] -- Installing: /data2/Brinda/Documents/Reports/ROS2/my_ros2_workspace/install/basic_gazebo_robot/share/basic_gazebo_robot/models/aws_robomaker_residential_ChairD_01/meshes/aws_ChairD_01_collision.DAE
[1.826s] -- Installing: /data2/Brinda/Documents/Reports/ROS2/my_ros2_workspace/install/basic_gazebo_robot/share/basic_gazebo_robot/models/aws_robomaker_residential_ChairD_01/meshes/aws_ChairD_01_visual.DAE
[1.828s] -- Installing: /data2/Brinda/Documents/Reports/ROS2/my_ros2_workspace/install/basic_gazebo_robot/share/basic_gazebo_robot/models/aws_robomaker_residential_ChairD_01/model.config
[1.830s] -- Installing: /data2/Brinda/Documents/Reports/ROS2/my_ros2_workspace/install/basic_gazebo_robot/share/basic_gazebo_robot/models/aws_robomaker_residential_ChairD_01/model.sdf
[1.832s] -- Installing: /data2/Brinda/Documents/Reports/ROS2/my_ros2_workspace/install/basic_gazebo_robot/share/basic_gazebo_robot/models/aws_robomaker_residential_Chandelier_01
[1.833s] -- Installing: /data2/Brinda/Documents/Reports/ROS2/my_ros2_workspace/install/basic_gazebo_robot/share/basic_gazebo_robot/models/aws_robomaker_residential_Chandelier_01/materials
[1.834s] -- Installing: /data2/Brinda/Documents/Reports/ROS2/my_ros2_workspace/install/basic_gazebo_robot/share/basic_gazebo_robot/models/aws_robomaker_residential_Chandelier_01/materials/textures
[1.835s] -- Installing: /data2/Brinda/Documents/Reports/ROS2/my_ros2_workspace/install/basic_gazebo_robot/share/basic_gazebo_robot/models/aws_robomaker_residential_Chandelier_01/materials/textures/aws_Chandelier_01.png
[1.840s] -- Installing: /data2/Brinda/Documents/Reports/ROS2/my_ros2_workspace/install/basic_gazebo_robot/share/basic_gazebo_robot/models/aws_robomaker_residential_Chandelier_01/meshes
[1.841s] -- Installing: /data2/Brinda/Documents/Reports/ROS2/my_ros2_workspace/install/basic_gazebo_robot/share/basic_gazebo_robot/models/aws_robomaker_residential_Chandelier_01/meshes/aws_Chandelier_01.DAE
[1.845s] -- Installing: /data2/Brinda/Documents/Reports/ROS2/my_ros2_workspace/install/basic_gazebo_robot/share/basic_gazebo_robot/models/aws_robomaker_residential_Chandelier_01/meshes/aws_Chandelier_01_collision.DAE
[1.847s] -- Installing: /data2/Brinda/Documents/Reports/ROS2/my_ros2_workspace/install/basic_gazebo_robot/share/basic_gazebo_robot/models/aws_robomaker_residential_Chandelier_01/meshes/aws_Chandelier_01_visual.DAE
[1.850s] -- Installing: /data2/Brinda/Documents/Reports/ROS2/my_ros2_workspace/install/basic_gazebo_robot/share/basic_gazebo_robot/models/aws_robomaker_residential_Chandelier_01/model.config
[1.852s] -- Installing: /data2/Brinda/Documents/Reports/ROS2/my_ros2_workspace/install/basic_gazebo_robot/share/basic_gazebo_robot/models/aws_robomaker_residential_Chandelier_01/model.sdf
[1.853s] -- Installing: /data2/Brinda/Documents/Reports/ROS2/my_ros2_workspace/install/basic_gazebo_robot/share/basic_gazebo_robot/models/aws_robomaker_residential_CoffeeTable_01
[1.854s] -- Installing: /data2/Brinda/Documents/Reports/ROS2/my_ros2_workspace/install/basic_gazebo_robot/share/basic_gazebo_robot/models/aws_robomaker_residential_CoffeeTable_01/materials
[1.855s] -- Installing: /data2/Brinda/Documents/Reports/ROS2/my_ros2_workspace/install/basic_gazebo_robot/share/basic_gazebo_robot/models/aws_robomaker_residential_CoffeeTable_01/materials/textures
[1.857s] -- Installing: /data2/Brinda/Documents/Reports/ROS2/my_ros2_workspace/install/basic_gazebo_robot/share/basic_gazebo_robot/models/aws_robomaker_residential_CoffeeTable_01/materials/textures/aws_CoffeeTable_01.png
[1.862s] -- Installing: /data2/Brinda/Documents/Reports/ROS2/my_ros2_workspace/install/basic_gazebo_robot/share/basic_gazebo_robot/models/aws_robomaker_residential_CoffeeTable_01/meshes
[1.863s] -- Installing: /data2/Brinda/Documents/Reports/ROS2/my_ros2_workspace/install/basic_gazebo_robot/share/basic_gazebo_robot/models/aws_robomaker_residential_CoffeeTable_01/meshes/aws_CoffeeTable_01_collision.DAE
[1.864s] -- Installing: /data2/Brinda/Documents/Reports/ROS2/my_ros2_workspace/install/basic_gazebo_robot/share/basic_gazebo_robot/models/aws_robomaker_residential_CoffeeTable_01/meshes/aws_CoffeeTable_01_visual.DAE
[1.866s] -- Installing: /data2/Brinda/Documents/Reports/ROS2/my_ros2_workspace/install/basic_gazebo_robot/share/basic_gazebo_robot/models/aws_robomaker_residential_CoffeeTable_01/model.config
[1.868s] -- Installing: /data2/Brinda/Documents/Reports/ROS2/my_ros2_workspace/install/basic_gazebo_robot/share/basic_gazebo_robot/models/aws_robomaker_residential_CoffeeTable_01/model.sdf
[1.870s] -- Installing: /data2/Brinda/Documents/Reports/ROS2/my_ros2_workspace/install/basic_gazebo_robot/share/basic_gazebo_robot/models/aws_robomaker_residential_Curtain_01
[1.871s] -- Installing: /data2/Brinda/Documents/Reports/ROS2/my_ros2_workspace/install/basic_gazebo_robot/share/basic_gazebo_robot/models/aws_robomaker_residential_Curtain_01/materials
[1.872s] -- Installing: /data2/Brinda/Documents/Reports/ROS2/my_ros2_workspace/install/basic_gazebo_robot/share/basic_gazebo_robot/models/aws_robomaker_residential_Curtain_01/materials/textures
[1.873s] -- Installing: /data2/Brinda/Documents/Reports/ROS2/my_ros2_workspace/install/basic_gazebo_robot/share/basic_gazebo_robot/models/aws_robomaker_residential_Curtain_01/materials/textures/aws_Curtain_01.png
[1.875s] -- Installing: /data2/Brinda/Documents/Reports/ROS2/my_ros2_workspace/install/basic_gazebo_robot/share/basic_gazebo_robot/models/aws_robomaker_residential_Curtain_01/meshes
[1.876s] -- Installing: /data2/Brinda/Documents/Reports/ROS2/my_ros2_workspace/install/basic_gazebo_robot/share/basic_gazebo_robot/models/aws_robomaker_residential_Curtain_01/meshes/aws_Curtain_01_collision.DAE
[1.878s] -- Installing: /data2/Brinda/Documents/Reports/ROS2/my_ros2_workspace/install/basic_gazebo_robot/share/basic_gazebo_robot/models/aws_robomaker_residential_Curtain_01/meshes/aws_Curtain_01_visual.DAE
[1.880s] -- Installing: /data2/Brinda/Documents/Reports/ROS2/my_ros2_workspace/install/basic_gazebo_robot/share/basic_gazebo_robot/models/aws_robomaker_residential_Curtain_01/model.config
[1.882s] -- Installing: /data2/Brinda/Documents/Reports/ROS2/my_ros2_workspace/install/basic_gazebo_robot/share/basic_gazebo_robot/models/aws_robomaker_residential_Curtain_01/model.sdf
[1.884s] -- Installing: /data2/Brinda/Documents/Reports/ROS2/my_ros2_workspace/install/basic_gazebo_robot/share/basic_gazebo_robot/models/aws_robomaker_residential_DeskPortraitA_01
[1.885s] -- Installing: /data2/Brinda/Documents/Reports/ROS2/my_ros2_workspace/install/basic_gazebo_robot/share/basic_gazebo_robot/models/aws_robomaker_residential_DeskPortraitA_01/materials
[1.885s] -- Installing: /data2/Brinda/Documents/Reports/ROS2/my_ros2_workspace/install/basic_gazebo_robot/share/basic_gazebo_robot/models/aws_robomaker_residential_DeskPortraitA_01/materials/textures
[1.887s] -- Installing: /data2/Brinda/Documents/Reports/ROS2/my_ros2_workspace/install/basic_gazebo_robot/share/basic_gazebo_robot/models/aws_robomaker_residential_DeskPortraitA_01/materials/textures/aws_DeskPortraitA_01.png
[1.888s] -- Installing: /data2/Brinda/Documents/Reports/ROS2/my_ros2_workspace/install/basic_gazebo_robot/share/basic_gazebo_robot/models/aws_robomaker_residential_DeskPortraitA_01/materials/textures/aws_DeskPortraitA_02.png
[1.894s] -- Installing: /data2/Brinda/Documents/Reports/ROS2/my_ros2_workspace/install/basic_gazebo_robot/share/basic_gazebo_robot/models/aws_robomaker_residential_DeskPortraitA_01/materials/textures/DeskPortraitA_01.jpg
[1.897s] -- Installing: /data2/Brinda/Documents/Reports/ROS2/my_ros2_workspace/install/basic_gazebo_robot/share/basic_gazebo_robot/models/aws_robomaker_residential_DeskPortraitA_01/meshes
[1.898s] -- Installing: /data2/Brinda/Documents/Reports/ROS2/my_ros2_workspace/install/basic_gazebo_robot/share/basic_gazebo_robot/models/aws_robomaker_residential_DeskPortraitA_01/meshes/aws_DeskPortraitA_01_collision.DAE
[1.900s] -- Installing: /data2/Brinda/Documents/Reports/ROS2/my_ros2_workspace/install/basic_gazebo_robot/share/basic_gazebo_robot/models/aws_robomaker_residential_DeskPortraitA_01/meshes/aws_DeskPortraitA_01_visual.DAE
[1.902s] -- Installing: /data2/Brinda/Documents/Reports/ROS2/my_ros2_workspace/install/basic_gazebo_robot/share/basic_gazebo_robot/models/aws_robomaker_residential_DeskPortraitA_01/model.config
[1.904s] -- Installing: /data2/Brinda/Documents/Reports/ROS2/my_ros2_workspace/install/basic_gazebo_robot/share/basic_gazebo_robot/models/aws_robomaker_residential_DeskPortraitA_01/model.sdf
[1.905s] -- Installing: /data2/Brinda/Documents/Reports/ROS2/my_ros2_workspace/install/basic_gazebo_robot/share/basic_gazebo_robot/models/aws_robomaker_residential_DeskPortraitA_02
[1.906s] -- Installing: /data2/Brinda/Documents/Reports/ROS2/my_ros2_workspace/install/basic_gazebo_robot/share/basic_gazebo_robot/models/aws_robomaker_residential_DeskPortraitA_02/materials
[1.907s] -- Installing: /data2/Brinda/Documents/Reports/ROS2/my_ros2_workspace/install/basic_gazebo_robot/share/basic_gazebo_robot/models/aws_robomaker_residential_DeskPortraitA_02/materials/textures
[1.908s] -- Installing: /data2/Brinda/Documents/Reports/ROS2/my_ros2_workspace/install/basic_gazebo_robot/share/basic_gazebo_robot/models/aws_robomaker_residential_DeskPortraitA_02/materials/textures/aws_DeskPortraitA_01.png
[1.910s] -- Installing: /data2/Brinda/Documents/Reports/ROS2/my_ros2_workspace/install/basic_gazebo_robot/share/basic_gazebo_robot/models/aws_robomaker_residential_DeskPortraitA_02/materials/textures/aws_DeskPortraitA_02.png
[1.916s] -- Installing: /data2/Brinda/Documents/Reports/ROS2/my_ros2_workspace/install/basic_gazebo_robot/share/basic_gazebo_robot/models/aws_robomaker_residential_DeskPortraitA_02/materials/textures/DeskPortraitA_02.jpg
[1.923s] -- Installing: /data2/Brinda/Documents/Reports/ROS2/my_ros2_workspace/install/basic_gazebo_robot/share/basic_gazebo_robot/models/aws_robomaker_residential_DeskPortraitA_02/meshes
[1.924s] -- Installing: /data2/Brinda/Documents/Reports/ROS2/my_ros2_workspace/install/basic_gazebo_robot/share/basic_gazebo_robot/models/aws_robomaker_residential_DeskPortraitA_02/meshes/aws_DeskPortraitA_01_collision.DAE
[1.926s] -- Installing: /data2/Brinda/Documents/Reports/ROS2/my_ros2_workspace/install/basic_gazebo_robot/share/basic_gazebo_robot/models/aws_robomaker_residential_DeskPortraitA_02/meshes/aws_DeskPortraitA_01_visual.DAE
[1.928s] -- Installing: /data2/Brinda/Documents/Reports/ROS2/my_ros2_workspace/install/basic_gazebo_robot/share/basic_gazebo_robot/models/aws_robomaker_residential_DeskPortraitA_02/model.config
[1.930s] -- Installing: /data2/Brinda/Documents/Reports/ROS2/my_ros2_workspace/install/basic_gazebo_robot/share/basic_gazebo_robot/models/aws_robomaker_residential_DeskPortraitA_02/model.sdf
[1.932s] -- Installing: /data2/Brinda/Documents/Reports/ROS2/my_ros2_workspace/install/basic_gazebo_robot/share/basic_gazebo_robot/models/aws_robomaker_residential_DeskPortraitB_01
[1.933s] -- Installing: /data2/Brinda/Documents/Reports/ROS2/my_ros2_workspace/install/basic_gazebo_robot/share/basic_gazebo_robot/models/aws_robomaker_residential_DeskPortraitB_01/materials
[1.934s] -- Installing: /data2/Brinda/Documents/Reports/ROS2/my_ros2_workspace/install/basic_gazebo_robot/share/basic_gazebo_robot/models/aws_robomaker_residential_DeskPortraitB_01/materials/textures
[1.935s] -- Installing: /data2/Brinda/Documents/Reports/ROS2/my_ros2_workspace/install/basic_gazebo_robot/share/basic_gazebo_robot/models/aws_robomaker_residential_DeskPortraitB_01/materials/textures/aws_DeskPortraitB_01.png
[1.937s] -- Installing: /data2/Brinda/Documents/Reports/ROS2/my_ros2_workspace/install/basic_gazebo_robot/share/basic_gazebo_robot/models/aws_robomaker_residential_DeskPortraitB_01/materials/textures/aws_DeskPortraitB_02.png
[1.944s] -- Installing: /data2/Brinda/Documents/Reports/ROS2/my_ros2_workspace/install/basic_gazebo_robot/share/basic_gazebo_robot/models/aws_robomaker_residential_DeskPortraitB_01/materials/textures/DeskPortraitB_01.jpg
[1.947s] -- Installing: /data2/Brinda/Documents/Reports/ROS2/my_ros2_workspace/install/basic_gazebo_robot/share/basic_gazebo_robot/models/aws_robomaker_residential_DeskPortraitB_01/meshes
[1.948s] -- Installing: /data2/Brinda/Documents/Reports/ROS2/my_ros2_workspace/install/basic_gazebo_robot/share/basic_gazebo_robot/models/aws_robomaker_residential_DeskPortraitB_01/meshes/aws_DeskPortraitB_01_collision.DAE
[1.950s] -- Installing: /data2/Brinda/Documents/Reports/ROS2/my_ros2_workspace/install/basic_gazebo_robot/share/basic_gazebo_robot/models/aws_robomaker_residential_DeskPortraitB_01/meshes/aws_DeskPortraitB_01_visual.DAE
[1.952s] -- Installing: /data2/Brinda/Documents/Reports/ROS2/my_ros2_workspace/install/basic_gazebo_robot/share/basic_gazebo_robot/models/aws_robomaker_residential_DeskPortraitB_01/model.config
[1.953s] -- Installing: /data2/Brinda/Documents/Reports/ROS2/my_ros2_workspace/install/basic_gazebo_robot/share/basic_gazebo_robot/models/aws_robomaker_residential_DeskPortraitB_01/model.sdf
[1.955s] -- Installing: /data2/Brinda/Documents/Reports/ROS2/my_ros2_workspace/install/basic_gazebo_robot/share/basic_gazebo_robot/models/aws_robomaker_residential_DeskPortraitB_02
[1.955s] -- Installing: /data2/Brinda/Documents/Reports/ROS2/my_ros2_workspace/install/basic_gazebo_robot/share/basic_gazebo_robot/models/aws_robomaker_residential_DeskPortraitB_02/materials
[1.956s] -- Installing: /data2/Brinda/Documents/Reports/ROS2/my_ros2_workspace/install/basic_gazebo_robot/share/basic_gazebo_robot/models/aws_robomaker_residential_DeskPortraitB_02/materials/textures
[1.957s] -- Installing: /data2/Brinda/Documents/Reports/ROS2/my_ros2_workspace/install/basic_gazebo_robot/share/basic_gazebo_robot/models/aws_robomaker_residential_DeskPortraitB_02/materials/textures/aws_DeskPortraitB_01.png
[1.959s] -- Installing: /data2/Brinda/Documents/Reports/ROS2/my_ros2_workspace/install/basic_gazebo_robot/share/basic_gazebo_robot/models/aws_robomaker_residential_DeskPortraitB_02/materials/textures/aws_DeskPortraitB_02.png
[1.966s] -- Installing: /data2/Brinda/Documents/Reports/ROS2/my_ros2_workspace/install/basic_gazebo_robot/share/basic_gazebo_robot/models/aws_robomaker_residential_DeskPortraitB_02/materials/textures/DeskPortraitB_02.jpg
[1.996s] -- Installing: /data2/Brinda/Documents/Reports/ROS2/my_ros2_workspace/install/basic_gazebo_robot/share/basic_gazebo_robot/models/aws_robomaker_residential_DeskPortraitB_02/meshes
[1.997s] -- Installing: /data2/Brinda/Documents/Reports/ROS2/my_ros2_workspace/install/basic_gazebo_robot/share/basic_gazebo_robot/models/aws_robomaker_residential_DeskPortraitB_02/meshes/aws_DeskPortraitB_01_collision.DAE
[1.999s] -- Installing: /data2/Brinda/Documents/Reports/ROS2/my_ros2_workspace/install/basic_gazebo_robot/share/basic_gazebo_robot/models/aws_robomaker_residential_DeskPortraitB_02/meshes/aws_DeskPortraitB_01_visual.DAE
[2.001s] -- Installing: /data2/Brinda/Documents/Reports/ROS2/my_ros2_workspace/install/basic_gazebo_robot/share/basic_gazebo_robot/models/aws_robomaker_residential_DeskPortraitB_02/model.config
[2.003s] -- Installing: /data2/Brinda/Documents/Reports/ROS2/my_ros2_workspace/install/basic_gazebo_robot/share/basic_gazebo_robot/models/aws_robomaker_residential_DeskPortraitB_02/model.sdf
[2.005s] -- Installing: /data2/Brinda/Documents/Reports/ROS2/my_ros2_workspace/install/basic_gazebo_robot/share/basic_gazebo_robot/models/aws_robomaker_residential_DeskPortraitC_01
[2.005s] -- Installing: /data2/Brinda/Documents/Reports/ROS2/my_ros2_workspace/install/basic_gazebo_robot/share/basic_gazebo_robot/models/aws_robomaker_residential_DeskPortraitC_01/materials
[2.006s] -- Installing: /data2/Brinda/Documents/Reports/ROS2/my_ros2_workspace/install/basic_gazebo_robot/share/basic_gazebo_robot/models/aws_robomaker_residential_DeskPortraitC_01/materials/textures
[2.007s] -- Installing: /data2/Brinda/Documents/Reports/ROS2/my_ros2_workspace/install/basic_gazebo_robot/share/basic_gazebo_robot/models/aws_robomaker_residential_DeskPortraitC_01/materials/textures/aws_DeskPortraitC_01.png
[2.009s] -- Installing: /data2/Brinda/Documents/Reports/ROS2/my_ros2_workspace/install/basic_gazebo_robot/share/basic_gazebo_robot/models/aws_robomaker_residential_DeskPortraitC_01/materials/textures/aws_DeskPortraitC_02.png
[2.016s] -- Installing: /data2/Brinda/Documents/Reports/ROS2/my_ros2_workspace/install/basic_gazebo_robot/share/basic_gazebo_robot/models/aws_robomaker_residential_DeskPortraitC_01/materials/textures/DeskPortraitC_01.jpg
[2.041s] -- Installing: /data2/Brinda/Documents/Reports/ROS2/my_ros2_workspace/install/basic_gazebo_robot/share/basic_gazebo_robot/models/aws_robomaker_residential_DeskPortraitC_01/meshes
[2.042s] -- Installing: /data2/Brinda/Documents/Reports/ROS2/my_ros2_workspace/install/basic_gazebo_robot/share/basic_gazebo_robot/models/aws_robomaker_residential_DeskPortraitC_01/meshes/aws_DeskPortraitC_01_collision.DAE
[2.044s] -- Installing: /data2/Brinda/Documents/Reports/ROS2/my_ros2_workspace/install/basic_gazebo_robot/share/basic_gazebo_robot/models/aws_robomaker_residential_DeskPortraitC_01/meshes/aws_DeskPortraitC_01_visual.DAE
[2.047s] -- Installing: /data2/Brinda/Documents/Reports/ROS2/my_ros2_workspace/install/basic_gazebo_robot/share/basic_gazebo_robot/models/aws_robomaker_residential_DeskPortraitC_01/model.config
[2.048s] -- Installing: /data2/Brinda/Documents/Reports/ROS2/my_ros2_workspace/install/basic_gazebo_robot/share/basic_gazebo_robot/models/aws_robomaker_residential_DeskPortraitC_01/model.sdf
[2.050s] -- Installing: /data2/Brinda/Documents/Reports/ROS2/my_ros2_workspace/install/basic_gazebo_robot/share/basic_gazebo_robot/models/aws_robomaker_residential_DeskPortraitC_02
[2.051s] -- Installing: /data2/Brinda/Documents/Reports/ROS2/my_ros2_workspace/install/basic_gazebo_robot/share/basic_gazebo_robot/models/aws_robomaker_residential_DeskPortraitC_02/materials
[2.052s] -- Installing: /data2/Brinda/Documents/Reports/ROS2/my_ros2_workspace/install/basic_gazebo_robot/share/basic_gazebo_robot/models/aws_robomaker_residential_DeskPortraitC_02/materials/textures
[2.053s] -- Installing: /data2/Brinda/Documents/Reports/ROS2/my_ros2_workspace/install/basic_gazebo_robot/share/basic_gazebo_robot/models/aws_robomaker_residential_DeskPortraitC_02/materials/textures/aws_DeskPortraitC_01.png
[2.055s] -- Installing: /data2/Brinda/Documents/Reports/ROS2/my_ros2_workspace/install/basic_gazebo_robot/share/basic_gazebo_robot/models/aws_robomaker_residential_DeskPortraitC_02/materials/textures/aws_DeskPortraitC_02.png
[2.062s] -- Installing: /data2/Brinda/Documents/Reports/ROS2/my_ros2_workspace/install/basic_gazebo_robot/share/basic_gazebo_robot/models/aws_robomaker_residential_DeskPortraitC_02/materials/textures/DeskPortraitC_02.jpg
[2.064s] -- Installing: /data2/Brinda/Documents/Reports/ROS2/my_ros2_workspace/install/basic_gazebo_robot/share/basic_gazebo_robot/models/aws_robomaker_residential_DeskPortraitC_02/meshes
[2.066s] -- Installing: /data2/Brinda/Documents/Reports/ROS2/my_ros2_workspace/install/basic_gazebo_robot/share/basic_gazebo_robot/models/aws_robomaker_residential_DeskPortraitC_02/meshes/aws_DeskPortraitC_01_collision.DAE
[2.067s] -- Installing: /data2/Brinda/Documents/Reports/ROS2/my_ros2_workspace/install/basic_gazebo_robot/share/basic_gazebo_robot/models/aws_robomaker_residential_DeskPortraitC_02/meshes/aws_DeskPortraitC_01_visual.DAE
[2.070s] -- Installing: /data2/Brinda/Documents/Reports/ROS2/my_ros2_workspace/install/basic_gazebo_robot/share/basic_gazebo_robot/models/aws_robomaker_residential_DeskPortraitC_02/model.config
[2.071s] -- Installing: /data2/Brinda/Documents/Reports/ROS2/my_ros2_workspace/install/basic_gazebo_robot/share/basic_gazebo_robot/models/aws_robomaker_residential_DeskPortraitC_02/model.sdf
[2.073s] -- Installing: /data2/Brinda/Documents/Reports/ROS2/my_ros2_workspace/install/basic_gazebo_robot/share/basic_gazebo_robot/models/aws_robomaker_residential_DeskPortraitD_01
[2.074s] -- Installing: /data2/Brinda/Documents/Reports/ROS2/my_ros2_workspace/install/basic_gazebo_robot/share/basic_gazebo_robot/models/aws_robomaker_residential_DeskPortraitD_01/materials
[2.075s] -- Installing: /data2/Brinda/Documents/Reports/ROS2/my_ros2_workspace/install/basic_gazebo_robot/share/basic_gazebo_robot/models/aws_robomaker_residential_DeskPortraitD_01/materials/textures
[2.076s] -- Installing: /data2/Brinda/Documents/Reports/ROS2/my_ros2_workspace/install/basic_gazebo_robot/share/basic_gazebo_robot/models/aws_robomaker_residential_DeskPortraitD_01/materials/textures/aws_DeskPortraitD_01.png
[2.078s] -- Installing: /data2/Brinda/Documents/Reports/ROS2/my_ros2_workspace/install/basic_gazebo_robot/share/basic_gazebo_robot/models/aws_robomaker_residential_DeskPortraitD_01/materials/textures/aws_DeskPortraitD_02.png
[2.088s] -- Installing: /data2/Brinda/Documents/Reports/ROS2/my_ros2_workspace/install/basic_gazebo_robot/share/basic_gazebo_robot/models/aws_robomaker_residential_DeskPortraitD_01/materials/textures/DeskPortraitD_01.jpg
[2.092s] -- Installing: /data2/Brinda/Documents/Reports/ROS2/my_ros2_workspace/install/basic_gazebo_robot/share/basic_gazebo_robot/models/aws_robomaker_residential_DeskPortraitD_01/meshes
[2.093s] -- Installing: /data2/Brinda/Documents/Reports/ROS2/my_ros2_workspace/install/basic_gazebo_robot/share/basic_gazebo_robot/models/aws_robomaker_residential_DeskPortraitD_01/meshes/aws_DeskPortraitD_01_collision.DAE
[2.095s] -- Installing: /data2/Brinda/Documents/Reports/ROS2/my_ros2_workspace/install/basic_gazebo_robot/share/basic_gazebo_robot/models/aws_robomaker_residential_DeskPortraitD_01/meshes/aws_DeskPortraitD_01_visual.DAE
[2.097s] -- Installing: /data2/Brinda/Documents/Reports/ROS2/my_ros2_workspace/install/basic_gazebo_robot/share/basic_gazebo_robot/models/aws_robomaker_residential_DeskPortraitD_01/model.config
[2.098s] -- Installing: /data2/Brinda/Documents/Reports/ROS2/my_ros2_workspace/install/basic_gazebo_robot/share/basic_gazebo_robot/models/aws_robomaker_residential_DeskPortraitD_01/model.sdf
[2.100s] -- Installing: /data2/Brinda/Documents/Reports/ROS2/my_ros2_workspace/install/basic_gazebo_robot/share/basic_gazebo_robot/models/aws_robomaker_residential_DeskPortraitD_02
[2.101s] -- Installing: /data2/Brinda/Documents/Reports/ROS2/my_ros2_workspace/install/basic_gazebo_robot/share/basic_gazebo_robot/models/aws_robomaker_residential_DeskPortraitD_02/materials
[2.102s] -- Installing: /data2/Brinda/Documents/Reports/ROS2/my_ros2_workspace/install/basic_gazebo_robot/share/basic_gazebo_robot/models/aws_robomaker_residential_DeskPortraitD_02/materials/textures
[2.103s] -- Installing: /data2/Brinda/Documents/Reports/ROS2/my_ros2_workspace/install/basic_gazebo_robot/share/basic_gazebo_robot/models/aws_robomaker_residential_DeskPortraitD_02/materials/textures/aws_DeskPortraitD_01.png
[2.105s] -- Installing: /data2/Brinda/Documents/Reports/ROS2/my_ros2_workspace/install/basic_gazebo_robot/share/basic_gazebo_robot/models/aws_robomaker_residential_DeskPortraitD_02/materials/textures/aws_DeskPortraitD_02.png
[2.115s] -- Installing: /data2/Brinda/Documents/Reports/ROS2/my_ros2_workspace/install/basic_gazebo_robot/share/basic_gazebo_robot/models/aws_robomaker_residential_DeskPortraitD_02/materials/textures/DeskPortraitD_02.jpg
[2.118s] -- Installing: /data2/Brinda/Documents/Reports/ROS2/my_ros2_workspace/install/basic_gazebo_robot/share/basic_gazebo_robot/models/aws_robomaker_residential_DeskPortraitD_02/meshes
[2.119s] -- Installing: /data2/Brinda/Documents/Reports/ROS2/my_ros2_workspace/install/basic_gazebo_robot/share/basic_gazebo_robot/models/aws_robomaker_residential_DeskPortraitD_02/meshes/aws_DeskPortraitD_01_collision.DAE
[2.121s] -- Installing: /data2/Brinda/Documents/Reports/ROS2/my_ros2_workspace/install/basic_gazebo_robot/share/basic_gazebo_robot/models/aws_robomaker_residential_DeskPortraitD_02/meshes/aws_DeskPortraitD_01_visual.DAE
[2.123s] -- Installing: /data2/Brinda/Documents/Reports/ROS2/my_ros2_workspace/install/basic_gazebo_robot/share/basic_gazebo_robot/models/aws_robomaker_residential_DeskPortraitD_02/model.config
[2.125s] -- Installing: /data2/Brinda/Documents/Reports/ROS2/my_ros2_workspace/install/basic_gazebo_robot/share/basic_gazebo_robot/models/aws_robomaker_residential_DeskPortraitD_02/model.sdf
[2.126s] -- Installing: /data2/Brinda/Documents/Reports/ROS2/my_ros2_workspace/install/basic_gazebo_robot/share/basic_gazebo_robot/models/aws_robomaker_residential_DeskPortraitD_03
[2.127s] -- Installing: /data2/Brinda/Documents/Reports/ROS2/my_ros2_workspace/install/basic_gazebo_robot/share/basic_gazebo_robot/models/aws_robomaker_residential_DeskPortraitD_03/materials
[2.128s] -- Installing: /data2/Brinda/Documents/Reports/ROS2/my_ros2_workspace/install/basic_gazebo_robot/share/basic_gazebo_robot/models/aws_robomaker_residential_DeskPortraitD_03/materials/textures
[2.129s] -- Installing: /data2/Brinda/Documents/Reports/ROS2/my_ros2_workspace/install/basic_gazebo_robot/share/basic_gazebo_robot/models/aws_robomaker_residential_DeskPortraitD_03/materials/textures/aws_DeskPortraitD_01.png
[2.131s] -- Installing: /data2/Brinda/Documents/Reports/ROS2/my_ros2_workspace/install/basic_gazebo_robot/share/basic_gazebo_robot/models/aws_robomaker_residential_DeskPortraitD_03/materials/textures/aws_DeskPortraitD_02.png
[2.141s] -- Installing: /data2/Brinda/Documents/Reports/ROS2/my_ros2_workspace/install/basic_gazebo_robot/share/basic_gazebo_robot/models/aws_robomaker_residential_DeskPortraitD_03/materials/textures/DeskPortraitD_03.jpg
[2.144s] -- Installing: /data2/Brinda/Documents/Reports/ROS2/my_ros2_workspace/install/basic_gazebo_robot/share/basic_gazebo_robot/models/aws_robomaker_residential_DeskPortraitD_03/meshes
[2.145s] -- Installing: /data2/Brinda/Documents/Reports/ROS2/my_ros2_workspace/install/basic_gazebo_robot/share/basic_gazebo_robot/models/aws_robomaker_residential_DeskPortraitD_03/meshes/aws_DeskPortraitD_01_collision.DAE
[2.147s] -- Installing: /data2/Brinda/Documents/Reports/ROS2/my_ros2_workspace/install/basic_gazebo_robot/share/basic_gazebo_robot/models/aws_robomaker_residential_DeskPortraitD_03/meshes/aws_DeskPortraitD_01_visual.DAE
[2.149s] -- Installing: /data2/Brinda/Documents/Reports/ROS2/my_ros2_workspace/install/basic_gazebo_robot/share/basic_gazebo_robot/models/aws_robomaker_residential_DeskPortraitD_03/model.config
[2.151s] -- Installing: /data2/Brinda/Documents/Reports/ROS2/my_ros2_workspace/install/basic_gazebo_robot/share/basic_gazebo_robot/models/aws_robomaker_residential_DeskPortraitD_03/model.sdf
[2.153s] -- Installing: /data2/Brinda/Documents/Reports/ROS2/my_ros2_workspace/install/basic_gazebo_robot/share/basic_gazebo_robot/models/aws_robomaker_residential_DeskPortraitD_04
[2.153s] -- Installing: /data2/Brinda/Documents/Reports/ROS2/my_ros2_workspace/install/basic_gazebo_robot/share/basic_gazebo_robot/models/aws_robomaker_residential_DeskPortraitD_04/materials
[2.154s] -- Installing: /data2/Brinda/Documents/Reports/ROS2/my_ros2_workspace/install/basic_gazebo_robot/share/basic_gazebo_robot/models/aws_robomaker_residential_DeskPortraitD_04/materials/textures
[2.156s] -- Installing: /data2/Brinda/Documents/Reports/ROS2/my_ros2_workspace/install/basic_gazebo_robot/share/basic_gazebo_robot/models/aws_robomaker_residential_DeskPortraitD_04/materials/textures/aws_DeskPortraitD_01.png
[2.158s] -- Installing: /data2/Brinda/Documents/Reports/ROS2/my_ros2_workspace/install/basic_gazebo_robot/share/basic_gazebo_robot/models/aws_robomaker_residential_DeskPortraitD_04/materials/textures/aws_DeskPortraitD_02.png
[2.167s] -- Installing: /data2/Brinda/Documents/Reports/ROS2/my_ros2_workspace/install/basic_gazebo_robot/share/basic_gazebo_robot/models/aws_robomaker_residential_DeskPortraitD_04/materials/textures/DeskPortraitD_04.jpg
[2.171s] -- Installing: /data2/Brinda/Documents/Reports/ROS2/my_ros2_workspace/install/basic_gazebo_robot/share/basic_gazebo_robot/models/aws_robomaker_residential_DeskPortraitD_04/meshes
[2.172s] -- Installing: /data2/Brinda/Documents/Reports/ROS2/my_ros2_workspace/install/basic_gazebo_robot/share/basic_gazebo_robot/models/aws_robomaker_residential_DeskPortraitD_04/meshes/aws_DeskPortraitD_01_collision.DAE
[2.174s] -- Installing: /data2/Brinda/Documents/Reports/ROS2/my_ros2_workspace/install/basic_gazebo_robot/share/basic_gazebo_robot/models/aws_robomaker_residential_DeskPortraitD_04/meshes/aws_DeskPortraitD_01_visual.DAE
[2.175s] -- Installing: /data2/Brinda/Documents/Reports/ROS2/my_ros2_workspace/install/basic_gazebo_robot/share/basic_gazebo_robot/models/aws_robomaker_residential_DeskPortraitD_04/model.config
[2.177s] -- Installing: /data2/Brinda/Documents/Reports/ROS2/my_ros2_workspace/install/basic_gazebo_robot/share/basic_gazebo_robot/models/aws_robomaker_residential_DeskPortraitD_04/model.sdf
[2.179s] -- Installing: /data2/Brinda/Documents/Reports/ROS2/my_ros2_workspace/install/basic_gazebo_robot/share/basic_gazebo_robot/models/aws_robomaker_residential_Door_01
[2.180s] -- Installing: /data2/Brinda/Documents/Reports/ROS2/my_ros2_workspace/install/basic_gazebo_robot/share/basic_gazebo_robot/models/aws_robomaker_residential_Door_01/materials
[2.181s] -- Installing: /data2/Brinda/Documents/Reports/ROS2/my_ros2_workspace/install/basic_gazebo_robot/share/basic_gazebo_robot/models/aws_robomaker_residential_Door_01/materials/textures
[2.182s] -- Installing: /data2/Brinda/Documents/Reports/ROS2/my_ros2_workspace/install/basic_gazebo_robot/share/basic_gazebo_robot/models/aws_robomaker_residential_Door_01/materials/textures/aws_Door_01.png
[2.188s] -- Installing: /data2/Brinda/Documents/Reports/ROS2/my_ros2_workspace/install/basic_gazebo_robot/share/basic_gazebo_robot/models/aws_robomaker_residential_Door_01/meshes
[2.189s] -- Installing: /data2/Brinda/Documents/Reports/ROS2/my_ros2_workspace/install/basic_gazebo_robot/share/basic_gazebo_robot/models/aws_robomaker_residential_Door_01/meshes/aws_Door_01_collision.DAE
[2.191s] -- Installing: /data2/Brinda/Documents/Reports/ROS2/my_ros2_workspace/install/basic_gazebo_robot/share/basic_gazebo_robot/models/aws_robomaker_residential_Door_01/meshes/aws_Door_01_visual.DAE
[2.194s] -- Installing: /data2/Brinda/Documents/Reports/ROS2/my_ros2_workspace/install/basic_gazebo_robot/share/basic_gazebo_robot/models/aws_robomaker_residential_Door_01/model.config
[2.195s] -- Installing: /data2/Brinda/Documents/Reports/ROS2/my_ros2_workspace/install/basic_gazebo_robot/share/basic_gazebo_robot/models/aws_robomaker_residential_Door_01/model.sdf
[2.197s] -- Installing: /data2/Brinda/Documents/Reports/ROS2/my_ros2_workspace/install/basic_gazebo_robot/share/basic_gazebo_robot/models/aws_robomaker_residential_FitnessEquipment_01
[2.198s] -- Installing: /data2/Brinda/Documents/Reports/ROS2/my_ros2_workspace/install/basic_gazebo_robot/share/basic_gazebo_robot/models/aws_robomaker_residential_FitnessEquipment_01/materials
[2.199s] -- Installing: /data2/Brinda/Documents/Reports/ROS2/my_ros2_workspace/install/basic_gazebo_robot/share/basic_gazebo_robot/models/aws_robomaker_residential_FitnessEquipment_01/materials/textures
[2.200s] -- Installing: /data2/Brinda/Documents/Reports/ROS2/my_ros2_workspace/install/basic_gazebo_robot/share/basic_gazebo_robot/models/aws_robomaker_residential_FitnessEquipment_01/materials/textures/aws_FitnessEquipment_01.png
[2.202s] -- Installing: /data2/Brinda/Documents/Reports/ROS2/my_ros2_workspace/install/basic_gazebo_robot/share/basic_gazebo_robot/models/aws_robomaker_residential_FitnessEquipment_01/meshes
[2.203s] -- Installing: /data2/Brinda/Documents/Reports/ROS2/my_ros2_workspace/install/basic_gazebo_robot/share/basic_gazebo_robot/models/aws_robomaker_residential_FitnessEquipment_01/meshes/aws_FitnessEquipment_01_collision.DAE
[2.205s] -- Installing: /data2/Brinda/Documents/Reports/ROS2/my_ros2_workspace/install/basic_gazebo_robot/share/basic_gazebo_robot/models/aws_robomaker_residential_FitnessEquipment_01/meshes/aws_FitnessEquipment_01_visual.DAE
[2.208s] -- Installing: /data2/Brinda/Documents/Reports/ROS2/my_ros2_workspace/install/basic_gazebo_robot/share/basic_gazebo_robot/models/aws_robomaker_residential_FitnessEquipment_01/model.config
[2.210s] -- Installing: /data2/Brinda/Documents/Reports/ROS2/my_ros2_workspace/install/basic_gazebo_robot/share/basic_gazebo_robot/models/aws_robomaker_residential_FitnessEquipment_01/model.sdf
[2.211s] -- Installing: /data2/Brinda/Documents/Reports/ROS2/my_ros2_workspace/install/basic_gazebo_robot/share/basic_gazebo_robot/models/aws_robomaker_residential_FloorB_01
[2.212s] -- Installing: /data2/Brinda/Documents/Reports/ROS2/my_ros2_workspace/install/basic_gazebo_robot/share/basic_gazebo_robot/models/aws_robomaker_residential_FloorB_01/materials
[2.213s] -- Installing: /data2/Brinda/Documents/Reports/ROS2/my_ros2_workspace/install/basic_gazebo_robot/share/basic_gazebo_robot/models/aws_robomaker_residential_FloorB_01/materials/textures
[2.214s] -- Installing: /data2/Brinda/Documents/Reports/ROS2/my_ros2_workspace/install/basic_gazebo_robot/share/basic_gazebo_robot/models/aws_robomaker_residential_FloorB_01/materials/textures/aws_FloorB_01.png
[2.217s] -- Installing: /data2/Brinda/Documents/Reports/ROS2/my_ros2_workspace/install/basic_gazebo_robot/share/basic_gazebo_robot/models/aws_robomaker_residential_FloorB_01/meshes
[2.218s] -- Installing: /data2/Brinda/Documents/Reports/ROS2/my_ros2_workspace/install/basic_gazebo_robot/share/basic_gazebo_robot/models/aws_robomaker_residential_FloorB_01/meshes/aws_FloorB_01_collision.DAE
[2.220s] -- Installing: /data2/Brinda/Documents/Reports/ROS2/my_ros2_workspace/install/basic_gazebo_robot/share/basic_gazebo_robot/models/aws_robomaker_residential_FloorB_01/meshes/aws_FloorB_01_visual.DAE
[2.222s] -- Installing: /data2/Brinda/Documents/Reports/ROS2/my_ros2_workspace/install/basic_gazebo_robot/share/basic_gazebo_robot/models/aws_robomaker_residential_FloorB_01/model.config
[2.224s] -- Installing: /data2/Brinda/Documents/Reports/ROS2/my_ros2_workspace/install/basic_gazebo_robot/share/basic_gazebo_robot/models/aws_robomaker_residential_FloorB_01/model.sdf
[2.225s] -- Installing: /data2/Brinda/Documents/Reports/ROS2/my_ros2_workspace/install/basic_gazebo_robot/share/basic_gazebo_robot/models/aws_robomaker_residential_FoldingDoor_01
[2.226s] -- Installing: /data2/Brinda/Documents/Reports/ROS2/my_ros2_workspace/install/basic_gazebo_robot/share/basic_gazebo_robot/models/aws_robomaker_residential_FoldingDoor_01/materials
[2.227s] -- Installing: /data2/Brinda/Documents/Reports/ROS2/my_ros2_workspace/install/basic_gazebo_robot/share/basic_gazebo_robot/models/aws_robomaker_residential_FoldingDoor_01/materials/textures
[2.228s] -- Installing: /data2/Brinda/Documents/Reports/ROS2/my_ros2_workspace/install/basic_gazebo_robot/share/basic_gazebo_robot/models/aws_robomaker_residential_FoldingDoor_01/materials/textures/aws_FoldingDoor_01.png
[2.230s] -- Installing: /data2/Brinda/Documents/Reports/ROS2/my_ros2_workspace/install/basic_gazebo_robot/share/basic_gazebo_robot/models/aws_robomaker_residential_FoldingDoor_01/meshes
[2.231s] -- Installing: /data2/Brinda/Documents/Reports/ROS2/my_ros2_workspace/install/basic_gazebo_robot/share/basic_gazebo_robot/models/aws_robomaker_residential_FoldingDoor_01/meshes/aws_FoldingDoor_01_collision.DAE
[2.233s] -- Installing: /data2/Brinda/Documents/Reports/ROS2/my_ros2_workspace/install/basic_gazebo_robot/share/basic_gazebo_robot/models/aws_robomaker_residential_FoldingDoor_01/meshes/aws_FoldingDoor_01_visual.DAE
[2.242s] -- Installing: /data2/Brinda/Documents/Reports/ROS2/my_ros2_workspace/install/basic_gazebo_robot/share/basic_gazebo_robot/models/aws_robomaker_residential_FoldingDoor_01/model.config
[2.244s] -- Installing: /data2/Brinda/Documents/Reports/ROS2/my_ros2_workspace/install/basic_gazebo_robot/share/basic_gazebo_robot/models/aws_robomaker_residential_FoldingDoor_01/model.sdf
[2.245s] -- Installing: /data2/Brinda/Documents/Reports/ROS2/my_ros2_workspace/install/basic_gazebo_robot/share/basic_gazebo_robot/models/aws_robomaker_residential_FoldingDoor_02
[2.246s] -- Installing: /data2/Brinda/Documents/Reports/ROS2/my_ros2_workspace/install/basic_gazebo_robot/share/basic_gazebo_robot/models/aws_robomaker_residential_FoldingDoor_02/materials
[2.247s] -- Installing: /data2/Brinda/Documents/Reports/ROS2/my_ros2_workspace/install/basic_gazebo_robot/share/basic_gazebo_robot/models/aws_robomaker_residential_FoldingDoor_02/materials/textures
[2.248s] -- Installing: /data2/Brinda/Documents/Reports/ROS2/my_ros2_workspace/install/basic_gazebo_robot/share/basic_gazebo_robot/models/aws_robomaker_residential_FoldingDoor_02/materials/textures/aws_FoldingDoor_02.png
[2.250s] -- Installing: /data2/Brinda/Documents/Reports/ROS2/my_ros2_workspace/install/basic_gazebo_robot/share/basic_gazebo_robot/models/aws_robomaker_residential_FoldingDoor_02/meshes
[2.251s] -- Installing: /data2/Brinda/Documents/Reports/ROS2/my_ros2_workspace/install/basic_gazebo_robot/share/basic_gazebo_robot/models/aws_robomaker_residential_FoldingDoor_02/meshes/aws_FoldingDoor_02_collision.DAE
[2.253s] -- Installing: /data2/Brinda/Documents/Reports/ROS2/my_ros2_workspace/install/basic_gazebo_robot/share/basic_gazebo_robot/models/aws_robomaker_residential_FoldingDoor_02/meshes/aws_FoldingDoor_02_visual.DAE
[2.255s] -- Installing: /data2/Brinda/Documents/Reports/ROS2/my_ros2_workspace/install/basic_gazebo_robot/share/basic_gazebo_robot/models/aws_robomaker_residential_FoldingDoor_02/model.config
[2.257s] -- Installing: /data2/Brinda/Documents/Reports/ROS2/my_ros2_workspace/install/basic_gazebo_robot/share/basic_gazebo_robot/models/aws_robomaker_residential_FoldingDoor_02/model.sdf
[2.258s] -- Installing: /data2/Brinda/Documents/Reports/ROS2/my_ros2_workspace/install/basic_gazebo_robot/share/basic_gazebo_robot/models/aws_robomaker_residential_Handle_01
[2.259s] -- Installing: /data2/Brinda/Documents/Reports/ROS2/my_ros2_workspace/install/basic_gazebo_robot/share/basic_gazebo_robot/models/aws_robomaker_residential_Handle_01/materials
[2.260s] -- Installing: /data2/Brinda/Documents/Reports/ROS2/my_ros2_workspace/install/basic_gazebo_robot/share/basic_gazebo_robot/models/aws_robomaker_residential_Handle_01/materials/textures
[2.261s] -- Installing: /data2/Brinda/Documents/Reports/ROS2/my_ros2_workspace/install/basic_gazebo_robot/share/basic_gazebo_robot/models/aws_robomaker_residential_Handle_01/materials/textures/aws_Handle_01.png
[2.266s] -- Installing: /data2/Brinda/Documents/Reports/ROS2/my_ros2_workspace/install/basic_gazebo_robot/share/basic_gazebo_robot/models/aws_robomaker_residential_Handle_01/meshes
[2.267s] -- Installing: /data2/Brinda/Documents/Reports/ROS2/my_ros2_workspace/install/basic_gazebo_robot/share/basic_gazebo_robot/models/aws_robomaker_residential_Handle_01/meshes/aws_Handle_01_collision.DAE
[2.268s] -- Installing: /data2/Brinda/Documents/Reports/ROS2/my_ros2_workspace/install/basic_gazebo_robot/share/basic_gazebo_robot/models/aws_robomaker_residential_Handle_01/meshes/aws_Handle_01_visual.DAE
[2.272s] -- Installing: /data2/Brinda/Documents/Reports/ROS2/my_ros2_workspace/install/basic_gazebo_robot/share/basic_gazebo_robot/models/aws_robomaker_residential_Handle_01/model.config
[2.274s] -- Installing: /data2/Brinda/Documents/Reports/ROS2/my_ros2_workspace/install/basic_gazebo_robot/share/basic_gazebo_robot/models/aws_robomaker_residential_Handle_01/model.sdf
[2.275s] -- Installing: /data2/Brinda/Documents/Reports/ROS2/my_ros2_workspace/install/basic_gazebo_robot/share/basic_gazebo_robot/models/aws_robomaker_residential_HouseWallB_01
[2.276s] -- Installing: /data2/Brinda/Documents/Reports/ROS2/my_ros2_workspace/install/basic_gazebo_robot/share/basic_gazebo_robot/models/aws_robomaker_residential_HouseWallB_01/materials
[2.277s] -- Installing: /data2/Brinda/Documents/Reports/ROS2/my_ros2_workspace/install/basic_gazebo_robot/share/basic_gazebo_robot/models/aws_robomaker_residential_HouseWallB_01/materials/textures
[2.278s] -- Installing: /data2/Brinda/Documents/Reports/ROS2/my_ros2_workspace/install/basic_gazebo_robot/share/basic_gazebo_robot/models/aws_robomaker_residential_HouseWallB_01/materials/textures/aws_HouseWallB_01.png
[2.281s] -- Installing: /data2/Brinda/Documents/Reports/ROS2/my_ros2_workspace/install/basic_gazebo_robot/share/basic_gazebo_robot/models/aws_robomaker_residential_HouseWallB_01/meshes
[2.282s] -- Installing: /data2/Brinda/Documents/Reports/ROS2/my_ros2_workspace/install/basic_gazebo_robot/share/basic_gazebo_robot/models/aws_robomaker_residential_HouseWallB_01/meshes/aws_HouseWallB_01_collision.DAE
[2.284s] -- Installing: /data2/Brinda/Documents/Reports/ROS2/my_ros2_workspace/install/basic_gazebo_robot/share/basic_gazebo_robot/models/aws_robomaker_residential_HouseWallB_01/meshes/aws_HouseWallB_01_visual.DAE
[2.286s] -- Installing: /data2/Brinda/Documents/Reports/ROS2/my_ros2_workspace/install/basic_gazebo_robot/share/basic_gazebo_robot/models/aws_robomaker_residential_HouseWallB_01/model.config
[2.287s] -- Installing: /data2/Brinda/Documents/Reports/ROS2/my_ros2_workspace/install/basic_gazebo_robot/share/basic_gazebo_robot/models/aws_robomaker_residential_HouseWallB_01/model.sdf
[2.289s] -- Installing: /data2/Brinda/Documents/Reports/ROS2/my_ros2_workspace/install/basic_gazebo_robot/share/basic_gazebo_robot/models/aws_robomaker_residential_KitchenCabinet_01
[2.290s] -- Installing: /data2/Brinda/Documents/Reports/ROS2/my_ros2_workspace/install/basic_gazebo_robot/share/basic_gazebo_robot/models/aws_robomaker_residential_KitchenCabinet_01/materials
[2.291s] -- Installing: /data2/Brinda/Documents/Reports/ROS2/my_ros2_workspace/install/basic_gazebo_robot/share/basic_gazebo_robot/models/aws_robomaker_residential_KitchenCabinet_01/materials/textures
[2.292s] -- Installing: /data2/Brinda/Documents/Reports/ROS2/my_ros2_workspace/install/basic_gazebo_robot/share/basic_gazebo_robot/models/aws_robomaker_residential_KitchenCabinet_01/materials/textures/aws_KitchenCabinet_01.png
[2.296s] -- Installing: /data2/Brinda/Documents/Reports/ROS2/my_ros2_workspace/install/basic_gazebo_robot/share/basic_gazebo_robot/models/aws_robomaker_residential_KitchenCabinet_01/meshes
[2.297s] -- Installing: /data2/Brinda/Documents/Reports/ROS2/my_ros2_workspace/install/basic_gazebo_robot/share/basic_gazebo_robot/models/aws_robomaker_residential_KitchenCabinet_01/meshes/aws_KitchenCabinet_01_collision.DAE
[2.298s] -- Installing: /data2/Brinda/Documents/Reports/ROS2/my_ros2_workspace/install/basic_gazebo_robot/share/basic_gazebo_robot/models/aws_robomaker_residential_KitchenCabinet_01/meshes/aws_KitchenCabinet_01_visual.DAE
[2.309s] -- Installing: /data2/Brinda/Documents/Reports/ROS2/my_ros2_workspace/install/basic_gazebo_robot/share/basic_gazebo_robot/models/aws_robomaker_residential_KitchenCabinet_01/model.config
[2.311s] -- Installing: /data2/Brinda/Documents/Reports/ROS2/my_ros2_workspace/install/basic_gazebo_robot/share/basic_gazebo_robot/models/aws_robomaker_residential_KitchenCabinet_01/model.sdf
[2.312s] -- Installing: /data2/Brinda/Documents/Reports/ROS2/my_ros2_workspace/install/basic_gazebo_robot/share/basic_gazebo_robot/models/aws_robomaker_residential_KitchenTable_01
[2.313s] -- Installing: /data2/Brinda/Documents/Reports/ROS2/my_ros2_workspace/install/basic_gazebo_robot/share/basic_gazebo_robot/models/aws_robomaker_residential_KitchenTable_01/materials
[2.314s] -- Installing: /data2/Brinda/Documents/Reports/ROS2/my_ros2_workspace/install/basic_gazebo_robot/share/basic_gazebo_robot/models/aws_robomaker_residential_KitchenTable_01/materials/textures
[2.315s] -- Installing: /data2/Brinda/Documents/Reports/ROS2/my_ros2_workspace/install/basic_gazebo_robot/share/basic_gazebo_robot/models/aws_robomaker_residential_KitchenTable_01/materials/textures/aws_KitchenTable_01.png
[2.322s] -- Installing: /data2/Brinda/Documents/Reports/ROS2/my_ros2_workspace/install/basic_gazebo_robot/share/basic_gazebo_robot/models/aws_robomaker_residential_KitchenTable_01/meshes
[2.323s] -- Installing: /data2/Brinda/Documents/Reports/ROS2/my_ros2_workspace/install/basic_gazebo_robot/share/basic_gazebo_robot/models/aws_robomaker_residential_KitchenTable_01/meshes/aws_KitchenTable_01_collision.DAE
[2.325s] -- Installing: /data2/Brinda/Documents/Reports/ROS2/my_ros2_workspace/install/basic_gazebo_robot/share/basic_gazebo_robot/models/aws_robomaker_residential_KitchenTable_01/meshes/aws_KitchenTable_01_visual.DAE
[2.327s] -- Installing: /data2/Brinda/Documents/Reports/ROS2/my_ros2_workspace/install/basic_gazebo_robot/share/basic_gazebo_robot/models/aws_robomaker_residential_KitchenTable_01/model.config
[2.329s] -- Installing: /data2/Brinda/Documents/Reports/ROS2/my_ros2_workspace/install/basic_gazebo_robot/share/basic_gazebo_robot/models/aws_robomaker_residential_KitchenTable_01/model.sdf
[2.330s] -- Installing: /data2/Brinda/Documents/Reports/ROS2/my_ros2_workspace/install/basic_gazebo_robot/share/basic_gazebo_robot/models/aws_robomaker_residential_KitchenUtensils_01
[2.331s] -- Installing: /data2/Brinda/Documents/Reports/ROS2/my_ros2_workspace/install/basic_gazebo_robot/share/basic_gazebo_robot/models/aws_robomaker_residential_KitchenUtensils_01/materials
[2.332s] -- Installing: /data2/Brinda/Documents/Reports/ROS2/my_ros2_workspace/install/basic_gazebo_robot/share/basic_gazebo_robot/models/aws_robomaker_residential_KitchenUtensils_01/materials/textures
[2.333s] -- Installing: /data2/Brinda/Documents/Reports/ROS2/my_ros2_workspace/install/basic_gazebo_robot/share/basic_gazebo_robot/models/aws_robomaker_residential_KitchenUtensils_01/materials/textures/aws_KitchenUtensils_01.png
[2.337s] -- Installing: /data2/Brinda/Documents/Reports/ROS2/my_ros2_workspace/install/basic_gazebo_robot/share/basic_gazebo_robot/models/aws_robomaker_residential_KitchenUtensils_01/meshes
[2.338s] -- Installing: /data2/Brinda/Documents/Reports/ROS2/my_ros2_workspace/install/basic_gazebo_robot/share/basic_gazebo_robot/models/aws_robomaker_residential_KitchenUtensils_01/meshes/aws_KitchenUtensils_01_collision.DAE
[2.340s] -- Installing: /data2/Brinda/Documents/Reports/ROS2/my_ros2_workspace/install/basic_gazebo_robot/share/basic_gazebo_robot/models/aws_robomaker_residential_KitchenUtensils_01/meshes/aws_KitchenUtensils_01_visual.DAE
[2.349s] -- Installing: /data2/Brinda/Documents/Reports/ROS2/my_ros2_workspace/install/basic_gazebo_robot/share/basic_gazebo_robot/models/aws_robomaker_residential_KitchenUtensils_01/model.config
[2.350s] -- Installing: /data2/Brinda/Documents/Reports/ROS2/my_ros2_workspace/install/basic_gazebo_robot/share/basic_gazebo_robot/models/aws_robomaker_residential_KitchenUtensils_01/model.sdf
[2.352s] -- Installing: /data2/Brinda/Documents/Reports/ROS2/my_ros2_workspace/install/basic_gazebo_robot/share/basic_gazebo_robot/models/aws_robomaker_residential_LightC_01
[2.353s] -- Installing: /data2/Brinda/Documents/Reports/ROS2/my_ros2_workspace/install/basic_gazebo_robot/share/basic_gazebo_robot/models/aws_robomaker_residential_LightC_01/materials
[2.354s] -- Installing: /data2/Brinda/Documents/Reports/ROS2/my_ros2_workspace/install/basic_gazebo_robot/share/basic_gazebo_robot/models/aws_robomaker_residential_LightC_01/materials/textures
[2.355s] -- Installing: /data2/Brinda/Documents/Reports/ROS2/my_ros2_workspace/install/basic_gazebo_robot/share/basic_gazebo_robot/models/aws_robomaker_residential_LightC_01/materials/textures/aws_LightC_01.png
[2.357s] -- Installing: /data2/Brinda/Documents/Reports/ROS2/my_ros2_workspace/install/basic_gazebo_robot/share/basic_gazebo_robot/models/aws_robomaker_residential_LightC_01/meshes
[2.358s] -- Installing: /data2/Brinda/Documents/Reports/ROS2/my_ros2_workspace/install/basic_gazebo_robot/share/basic_gazebo_robot/models/aws_robomaker_residential_LightC_01/meshes/aws_LightC_01_collision.DAE
[2.359s] -- Installing: /data2/Brinda/Documents/Reports/ROS2/my_ros2_workspace/install/basic_gazebo_robot/share/basic_gazebo_robot/models/aws_robomaker_residential_LightC_01/meshes/aws_LightC_01_visual.DAE
[2.361s] -- Installing: /data2/Brinda/Documents/Reports/ROS2/my_ros2_workspace/install/basic_gazebo_robot/share/basic_gazebo_robot/models/aws_robomaker_residential_LightC_01/model.config
[2.363s] -- Installing: /data2/Brinda/Documents/Reports/ROS2/my_ros2_workspace/install/basic_gazebo_robot/share/basic_gazebo_robot/models/aws_robomaker_residential_LightC_01/model.sdf
[2.365s] -- Installing: /data2/Brinda/Documents/Reports/ROS2/my_ros2_workspace/install/basic_gazebo_robot/share/basic_gazebo_robot/models/aws_robomaker_residential_NightStand_01
[2.365s] -- Installing: /data2/Brinda/Documents/Reports/ROS2/my_ros2_workspace/install/basic_gazebo_robot/share/basic_gazebo_robot/models/aws_robomaker_residential_NightStand_01/materials
[2.366s] -- Installing: /data2/Brinda/Documents/Reports/ROS2/my_ros2_workspace/install/basic_gazebo_robot/share/basic_gazebo_robot/models/aws_robomaker_residential_NightStand_01/materials/textures
[2.367s] -- Installing: /data2/Brinda/Documents/Reports/ROS2/my_ros2_workspace/install/basic_gazebo_robot/share/basic_gazebo_robot/models/aws_robomaker_residential_NightStand_01/materials/textures/aws_NightStand_01.png
[2.369s] -- Installing: /data2/Brinda/Documents/Reports/ROS2/my_ros2_workspace/install/basic_gazebo_robot/share/basic_gazebo_robot/models/aws_robomaker_residential_NightStand_01/meshes
[2.370s] -- Installing: /data2/Brinda/Documents/Reports/ROS2/my_ros2_workspace/install/basic_gazebo_robot/share/basic_gazebo_robot/models/aws_robomaker_residential_NightStand_01/meshes/aws_NightStand_01_collision.DAE
[2.372s] -- Installing: /data2/Brinda/Documents/Reports/ROS2/my_ros2_workspace/install/basic_gazebo_robot/share/basic_gazebo_robot/models/aws_robomaker_residential_NightStand_01/meshes/aws_NightStand_01_visual.DAE
[2.374s] -- Installing: /data2/Brinda/Documents/Reports/ROS2/my_ros2_workspace/install/basic_gazebo_robot/share/basic_gazebo_robot/models/aws_robomaker_residential_NightStand_01/model.config
[2.376s] -- Installing: /data2/Brinda/Documents/Reports/ROS2/my_ros2_workspace/install/basic_gazebo_robot/share/basic_gazebo_robot/models/aws_robomaker_residential_NightStand_01/model.sdf
[2.378s] -- Installing: /data2/Brinda/Documents/Reports/ROS2/my_ros2_workspace/install/basic_gazebo_robot/share/basic_gazebo_robot/models/aws_robomaker_residential_Pillow_01
[2.378s] -- Installing: /data2/Brinda/Documents/Reports/ROS2/my_ros2_workspace/install/basic_gazebo_robot/share/basic_gazebo_robot/models/aws_robomaker_residential_Pillow_01/materials
[2.379s] -- Installing: /data2/Brinda/Documents/Reports/ROS2/my_ros2_workspace/install/basic_gazebo_robot/share/basic_gazebo_robot/models/aws_robomaker_residential_Pillow_01/materials/textures
[2.381s] -- Installing: /data2/Brinda/Documents/Reports/ROS2/my_ros2_workspace/install/basic_gazebo_robot/share/basic_gazebo_robot/models/aws_robomaker_residential_Pillow_01/materials/textures/aws_Pillow_01.png
[2.389s] -- Installing: /data2/Brinda/Documents/Reports/ROS2/my_ros2_workspace/install/basic_gazebo_robot/share/basic_gazebo_robot/models/aws_robomaker_residential_Pillow_01/meshes
[2.390s] -- Installing: /data2/Brinda/Documents/Reports/ROS2/my_ros2_workspace/install/basic_gazebo_robot/share/basic_gazebo_robot/models/aws_robomaker_residential_Pillow_01/meshes/aws_Pillow_01_collision.DAE
[2.392s] -- Installing: /data2/Brinda/Documents/Reports/ROS2/my_ros2_workspace/install/basic_gazebo_robot/share/basic_gazebo_robot/models/aws_robomaker_residential_Pillow_01/meshes/aws_Pillow_01_visual.DAE
[2.397s] -- Installing: /data2/Brinda/Documents/Reports/ROS2/my_ros2_workspace/install/basic_gazebo_robot/share/basic_gazebo_robot/models/aws_robomaker_residential_Pillow_01/model.config
[2.398s] -- Installing: /data2/Brinda/Documents/Reports/ROS2/my_ros2_workspace/install/basic_gazebo_robot/share/basic_gazebo_robot/models/aws_robomaker_residential_Pillow_01/model.sdf
[2.400s] -- Installing: /data2/Brinda/Documents/Reports/ROS2/my_ros2_workspace/install/basic_gazebo_robot/share/basic_gazebo_robot/models/aws_robomaker_residential_PortraitA_02
[2.401s] -- Installing: /data2/Brinda/Documents/Reports/ROS2/my_ros2_workspace/install/basic_gazebo_robot/share/basic_gazebo_robot/models/aws_robomaker_residential_PortraitA_02/materials
[2.402s] -- Installing: /data2/Brinda/Documents/Reports/ROS2/my_ros2_workspace/install/basic_gazebo_robot/share/basic_gazebo_robot/models/aws_robomaker_residential_PortraitA_02/materials/textures
[2.403s] -- Installing: /data2/Brinda/Documents/Reports/ROS2/my_ros2_workspace/install/basic_gazebo_robot/share/basic_gazebo_robot/models/aws_robomaker_residential_PortraitA_02/materials/textures/aws_PortraitA_01.png
[2.405s] -- Installing: /data2/Brinda/Documents/Reports/ROS2/my_ros2_workspace/install/basic_gazebo_robot/share/basic_gazebo_robot/models/aws_robomaker_residential_PortraitA_02/materials/textures/aws_PortraitA_02.png
[2.409s] -- Installing: /data2/Brinda/Documents/Reports/ROS2/my_ros2_workspace/install/basic_gazebo_robot/share/basic_gazebo_robot/models/aws_robomaker_residential_PortraitA_02/materials/textures/PortraitA_02.jpg
[2.414s] -- Installing: /data2/Brinda/Documents/Reports/ROS2/my_ros2_workspace/install/basic_gazebo_robot/share/basic_gazebo_robot/models/aws_robomaker_residential_PortraitA_02/meshes
[2.415s] -- Installing: /data2/Brinda/Documents/Reports/ROS2/my_ros2_workspace/install/basic_gazebo_robot/share/basic_gazebo_robot/models/aws_robomaker_residential_PortraitA_02/meshes/aws_PortraitA_01_collision.DAE
[2.417s] -- Installing: /data2/Brinda/Documents/Reports/ROS2/my_ros2_workspace/install/basic_gazebo_robot/share/basic_gazebo_robot/models/aws_robomaker_residential_PortraitA_02/meshes/aws_PortraitA_01_visual.DAE
[2.419s] -- Installing: /data2/Brinda/Documents/Reports/ROS2/my_ros2_workspace/install/basic_gazebo_robot/share/basic_gazebo_robot/models/aws_robomaker_residential_PortraitA_02/model.config
[2.421s] -- Installing: /data2/Brinda/Documents/Reports/ROS2/my_ros2_workspace/install/basic_gazebo_robot/share/basic_gazebo_robot/models/aws_robomaker_residential_PortraitA_02/model.sdf
[2.422s] -- Installing: /data2/Brinda/Documents/Reports/ROS2/my_ros2_workspace/install/basic_gazebo_robot/share/basic_gazebo_robot/models/aws_robomaker_residential_PortraitB_01
[2.423s] -- Installing: /data2/Brinda/Documents/Reports/ROS2/my_ros2_workspace/install/basic_gazebo_robot/share/basic_gazebo_robot/models/aws_robomaker_residential_PortraitB_01/materials
[2.424s] -- Installing: /data2/Brinda/Documents/Reports/ROS2/my_ros2_workspace/install/basic_gazebo_robot/share/basic_gazebo_robot/models/aws_robomaker_residential_PortraitB_01/materials/textures
[2.425s] -- Installing: /data2/Brinda/Documents/Reports/ROS2/my_ros2_workspace/install/basic_gazebo_robot/share/basic_gazebo_robot/models/aws_robomaker_residential_PortraitB_01/materials/textures/aws_PortraitB_01.png
[2.427s] -- Installing: /data2/Brinda/Documents/Reports/ROS2/my_ros2_workspace/install/basic_gazebo_robot/share/basic_gazebo_robot/models/aws_robomaker_residential_PortraitB_01/materials/textures/aws_PortraitB_02.png
[2.431s] -- Installing: /data2/Brinda/Documents/Reports/ROS2/my_ros2_workspace/install/basic_gazebo_robot/share/basic_gazebo_robot/models/aws_robomaker_residential_PortraitB_01/materials/textures/PortraitB_01.jpg
[2.437s] -- Installing: /data2/Brinda/Documents/Reports/ROS2/my_ros2_workspace/install/basic_gazebo_robot/share/basic_gazebo_robot/models/aws_robomaker_residential_PortraitB_01/meshes
[2.438s] -- Installing: /data2/Brinda/Documents/Reports/ROS2/my_ros2_workspace/install/basic_gazebo_robot/share/basic_gazebo_robot/models/aws_robomaker_residential_PortraitB_01/meshes/aws_PortraitB_01_collision.DAE
[2.440s] -- Installing: /data2/Brinda/Documents/Reports/ROS2/my_ros2_workspace/install/basic_gazebo_robot/share/basic_gazebo_robot/models/aws_robomaker_residential_PortraitB_01/meshes/aws_PortraitB_01_visual.DAE
[2.442s] -- Installing: /data2/Brinda/Documents/Reports/ROS2/my_ros2_workspace/install/basic_gazebo_robot/share/basic_gazebo_robot/models/aws_robomaker_residential_PortraitB_01/model.config
[2.444s] -- Installing: /data2/Brinda/Documents/Reports/ROS2/my_ros2_workspace/install/basic_gazebo_robot/share/basic_gazebo_robot/models/aws_robomaker_residential_PortraitB_01/model.sdf
[2.445s] -- Installing: /data2/Brinda/Documents/Reports/ROS2/my_ros2_workspace/install/basic_gazebo_robot/share/basic_gazebo_robot/models/aws_robomaker_residential_PortraitB_02
[2.446s] -- Installing: /data2/Brinda/Documents/Reports/ROS2/my_ros2_workspace/install/basic_gazebo_robot/share/basic_gazebo_robot/models/aws_robomaker_residential_PortraitB_02/materials
[2.447s] -- Installing: /data2/Brinda/Documents/Reports/ROS2/my_ros2_workspace/install/basic_gazebo_robot/share/basic_gazebo_robot/models/aws_robomaker_residential_PortraitB_02/materials/textures
[2.448s] -- Installing: /data2/Brinda/Documents/Reports/ROS2/my_ros2_workspace/install/basic_gazebo_robot/share/basic_gazebo_robot/models/aws_robomaker_residential_PortraitB_02/materials/textures/aws_PortraitB_01.png
[2.450s] -- Installing: /data2/Brinda/Documents/Reports/ROS2/my_ros2_workspace/install/basic_gazebo_robot/share/basic_gazebo_robot/models/aws_robomaker_residential_PortraitB_02/materials/textures/aws_PortraitB_02.png
[2.454s] -- Installing: /data2/Brinda/Documents/Reports/ROS2/my_ros2_workspace/install/basic_gazebo_robot/share/basic_gazebo_robot/models/aws_robomaker_residential_PortraitB_02/materials/textures/PortraitB_02.jpg
[2.466s] -- Installing: /data2/Brinda/Documents/Reports/ROS2/my_ros2_workspace/install/basic_gazebo_robot/share/basic_gazebo_robot/models/aws_robomaker_residential_PortraitB_02/meshes
[2.467s] -- Installing: /data2/Brinda/Documents/Reports/ROS2/my_ros2_workspace/install/basic_gazebo_robot/share/basic_gazebo_robot/models/aws_robomaker_residential_PortraitB_02/meshes/aws_PortraitB_01_collision.DAE
[2.469s] -- Installing: /data2/Brinda/Documents/Reports/ROS2/my_ros2_workspace/install/basic_gazebo_robot/share/basic_gazebo_robot/models/aws_robomaker_residential_PortraitB_02/meshes/aws_PortraitB_01_visual.DAE
[2.471s] -- Installing: /data2/Brinda/Documents/Reports/ROS2/my_ros2_workspace/install/basic_gazebo_robot/share/basic_gazebo_robot/models/aws_robomaker_residential_PortraitB_02/model.config
[2.473s] -- Installing: /data2/Brinda/Documents/Reports/ROS2/my_ros2_workspace/install/basic_gazebo_robot/share/basic_gazebo_robot/models/aws_robomaker_residential_PortraitB_02/model.sdf
[2.475s] -- Installing: /data2/Brinda/Documents/Reports/ROS2/my_ros2_workspace/install/basic_gazebo_robot/share/basic_gazebo_robot/models/aws_robomaker_residential_PortraitB_03
[2.475s] -- Installing: /data2/Brinda/Documents/Reports/ROS2/my_ros2_workspace/install/basic_gazebo_robot/share/basic_gazebo_robot/models/aws_robomaker_residential_PortraitB_03/materials
[2.476s] -- Installing: /data2/Brinda/Documents/Reports/ROS2/my_ros2_workspace/install/basic_gazebo_robot/share/basic_gazebo_robot/models/aws_robomaker_residential_PortraitB_03/materials/textures
[2.478s] -- Installing: /data2/Brinda/Documents/Reports/ROS2/my_ros2_workspace/install/basic_gazebo_robot/share/basic_gazebo_robot/models/aws_robomaker_residential_PortraitB_03/materials/textures/aws_PortraitB_01.png
[2.480s] -- Installing: /data2/Brinda/Documents/Reports/ROS2/my_ros2_workspace/install/basic_gazebo_robot/share/basic_gazebo_robot/models/aws_robomaker_residential_PortraitB_03/materials/textures/aws_PortraitB_02.png
[2.484s] -- Installing: /data2/Brinda/Documents/Reports/ROS2/my_ros2_workspace/install/basic_gazebo_robot/share/basic_gazebo_robot/models/aws_robomaker_residential_PortraitB_03/materials/textures/PortraitB_03.jpg
[2.486s] -- Installing: /data2/Brinda/Documents/Reports/ROS2/my_ros2_workspace/install/basic_gazebo_robot/share/basic_gazebo_robot/models/aws_robomaker_residential_PortraitB_03/meshes
[2.487s] -- Installing: /data2/Brinda/Documents/Reports/ROS2/my_ros2_workspace/install/basic_gazebo_robot/share/basic_gazebo_robot/models/aws_robomaker_residential_PortraitB_03/meshes/aws_PortraitB_01_collision.DAE
[2.490s] -- Installing: /data2/Brinda/Documents/Reports/ROS2/my_ros2_workspace/install/basic_gazebo_robot/share/basic_gazebo_robot/models/aws_robomaker_residential_PortraitB_03/meshes/aws_PortraitB_01_visual.DAE
[2.492s] -- Installing: /data2/Brinda/Documents/Reports/ROS2/my_ros2_workspace/install/basic_gazebo_robot/share/basic_gazebo_robot/models/aws_robomaker_residential_PortraitB_03/model.config
[2.493s] -- Installing: /data2/Brinda/Documents/Reports/ROS2/my_ros2_workspace/install/basic_gazebo_robot/share/basic_gazebo_robot/models/aws_robomaker_residential_PortraitB_03/model.sdf
[2.495s] -- Installing: /data2/Brinda/Documents/Reports/ROS2/my_ros2_workspace/install/basic_gazebo_robot/share/basic_gazebo_robot/models/aws_robomaker_residential_PortraitC_01
[2.496s] -- Installing: /data2/Brinda/Documents/Reports/ROS2/my_ros2_workspace/install/basic_gazebo_robot/share/basic_gazebo_robot/models/aws_robomaker_residential_PortraitC_01/materials
[2.497s] -- Installing: /data2/Brinda/Documents/Reports/ROS2/my_ros2_workspace/install/basic_gazebo_robot/share/basic_gazebo_robot/models/aws_robomaker_residential_PortraitC_01/materials/textures
[2.498s] -- Installing: /data2/Brinda/Documents/Reports/ROS2/my_ros2_workspace/install/basic_gazebo_robot/share/basic_gazebo_robot/models/aws_robomaker_residential_PortraitC_01/materials/textures/aws_PortraitC_01.png
[2.500s] -- Installing: /data2/Brinda/Documents/Reports/ROS2/my_ros2_workspace/install/basic_gazebo_robot/share/basic_gazebo_robot/models/aws_robomaker_residential_PortraitC_01/materials/textures/aws_PortraitC_02.png
[2.506s] -- Installing: /data2/Brinda/Documents/Reports/ROS2/my_ros2_workspace/install/basic_gazebo_robot/share/basic_gazebo_robot/models/aws_robomaker_residential_PortraitC_01/materials/textures/PortraitC_01.jpg
[2.508s] -- Installing: /data2/Brinda/Documents/Reports/ROS2/my_ros2_workspace/install/basic_gazebo_robot/share/basic_gazebo_robot/models/aws_robomaker_residential_PortraitC_01/meshes
[2.509s] -- Installing: /data2/Brinda/Documents/Reports/ROS2/my_ros2_workspace/install/basic_gazebo_robot/share/basic_gazebo_robot/models/aws_robomaker_residential_PortraitC_01/meshes/aws_PortraitC_01_collision.DAE
[2.511s] -- Installing: /data2/Brinda/Documents/Reports/ROS2/my_ros2_workspace/install/basic_gazebo_robot/share/basic_gazebo_robot/models/aws_robomaker_residential_PortraitC_01/meshes/aws_PortraitC_01_visual.DAE
[2.513s] -- Installing: /data2/Brinda/Documents/Reports/ROS2/my_ros2_workspace/install/basic_gazebo_robot/share/basic_gazebo_robot/models/aws_robomaker_residential_PortraitC_01/model.config
[2.515s] -- Installing: /data2/Brinda/Documents/Reports/ROS2/my_ros2_workspace/install/basic_gazebo_robot/share/basic_gazebo_robot/models/aws_robomaker_residential_PortraitC_01/model.sdf
[2.516s] -- Installing: /data2/Brinda/Documents/Reports/ROS2/my_ros2_workspace/install/basic_gazebo_robot/share/basic_gazebo_robot/models/aws_robomaker_residential_PortraitD_01
[2.517s] -- Installing: /data2/Brinda/Documents/Reports/ROS2/my_ros2_workspace/install/basic_gazebo_robot/share/basic_gazebo_robot/models/aws_robomaker_residential_PortraitD_01/materials
[2.518s] -- Installing: /data2/Brinda/Documents/Reports/ROS2/my_ros2_workspace/install/basic_gazebo_robot/share/basic_gazebo_robot/models/aws_robomaker_residential_PortraitD_01/materials/textures
[2.519s] -- Installing: /data2/Brinda/Documents/Reports/ROS2/my_ros2_workspace/install/basic_gazebo_robot/share/basic_gazebo_robot/models/aws_robomaker_residential_PortraitD_01/materials/textures/aws_PortraitD_01.png
[2.521s] -- Installing: /data2/Brinda/Documents/Reports/ROS2/my_ros2_workspace/install/basic_gazebo_robot/share/basic_gazebo_robot/models/aws_robomaker_residential_PortraitD_01/materials/textures/aws_PortraitD_02.png
[2.526s] -- Installing: /data2/Brinda/Documents/Reports/ROS2/my_ros2_workspace/install/basic_gazebo_robot/share/basic_gazebo_robot/models/aws_robomaker_residential_PortraitD_01/materials/textures/PortraitD_01.jpg
[2.529s] -- Installing: /data2/Brinda/Documents/Reports/ROS2/my_ros2_workspace/install/basic_gazebo_robot/share/basic_gazebo_robot/models/aws_robomaker_residential_PortraitD_01/meshes
[2.530s] -- Installing: /data2/Brinda/Documents/Reports/ROS2/my_ros2_workspace/install/basic_gazebo_robot/share/basic_gazebo_robot/models/aws_robomaker_residential_PortraitD_01/meshes/aws_PortraitD_01_collision.DAE
[2.532s] -- Installing: /data2/Brinda/Documents/Reports/ROS2/my_ros2_workspace/install/basic_gazebo_robot/share/basic_gazebo_robot/models/aws_robomaker_residential_PortraitD_01/meshes/aws_PortraitD_01_visual.DAE
[2.533s] -- Installing: /data2/Brinda/Documents/Reports/ROS2/my_ros2_workspace/install/basic_gazebo_robot/share/basic_gazebo_robot/models/aws_robomaker_residential_PortraitD_01/model.config
[2.535s] -- Installing: /data2/Brinda/Documents/Reports/ROS2/my_ros2_workspace/install/basic_gazebo_robot/share/basic_gazebo_robot/models/aws_robomaker_residential_PortraitD_01/model.sdf
[2.537s] -- Installing: /data2/Brinda/Documents/Reports/ROS2/my_ros2_workspace/install/basic_gazebo_robot/share/basic_gazebo_robot/models/aws_robomaker_residential_PortraitD_02
[2.538s] -- Installing: /data2/Brinda/Documents/Reports/ROS2/my_ros2_workspace/install/basic_gazebo_robot/share/basic_gazebo_robot/models/aws_robomaker_residential_PortraitD_02/materials
[2.539s] -- Installing: /data2/Brinda/Documents/Reports/ROS2/my_ros2_workspace/install/basic_gazebo_robot/share/basic_gazebo_robot/models/aws_robomaker_residential_PortraitD_02/materials/textures
[2.540s] -- Installing: /data2/Brinda/Documents/Reports/ROS2/my_ros2_workspace/install/basic_gazebo_robot/share/basic_gazebo_robot/models/aws_robomaker_residential_PortraitD_02/materials/textures/aws_PortraitD_01.png
[2.542s] -- Installing: /data2/Brinda/Documents/Reports/ROS2/my_ros2_workspace/install/basic_gazebo_robot/share/basic_gazebo_robot/models/aws_robomaker_residential_PortraitD_02/materials/textures/aws_PortraitD_02.png
[2.547s] -- Installing: /data2/Brinda/Documents/Reports/ROS2/my_ros2_workspace/install/basic_gazebo_robot/share/basic_gazebo_robot/models/aws_robomaker_residential_PortraitD_02/materials/textures/PortraitD_02.jpg
[2.549s] -- Installing: /data2/Brinda/Documents/Reports/ROS2/my_ros2_workspace/install/basic_gazebo_robot/share/basic_gazebo_robot/models/aws_robomaker_residential_PortraitD_02/meshes
[2.550s] -- Installing: /data2/Brinda/Documents/Reports/ROS2/my_ros2_workspace/install/basic_gazebo_robot/share/basic_gazebo_robot/models/aws_robomaker_residential_PortraitD_02/meshes/aws_PortraitD_01_collision.DAE
[2.552s] -- Installing: /data2/Brinda/Documents/Reports/ROS2/my_ros2_workspace/install/basic_gazebo_robot/share/basic_gazebo_robot/models/aws_robomaker_residential_PortraitD_02/meshes/aws_PortraitD_01_visual.DAE
[2.554s] -- Installing: /data2/Brinda/Documents/Reports/ROS2/my_ros2_workspace/install/basic_gazebo_robot/share/basic_gazebo_robot/models/aws_robomaker_residential_PortraitD_02/model.config
[2.556s] -- Installing: /data2/Brinda/Documents/Reports/ROS2/my_ros2_workspace/install/basic_gazebo_robot/share/basic_gazebo_robot/models/aws_robomaker_residential_PortraitD_02/model.sdf
[2.557s] -- Installing: /data2/Brinda/Documents/Reports/ROS2/my_ros2_workspace/install/basic_gazebo_robot/share/basic_gazebo_robot/models/aws_robomaker_residential_PortraitE_01
[2.558s] -- Installing: /data2/Brinda/Documents/Reports/ROS2/my_ros2_workspace/install/basic_gazebo_robot/share/basic_gazebo_robot/models/aws_robomaker_residential_PortraitE_01/materials
[2.559s] -- Installing: /data2/Brinda/Documents/Reports/ROS2/my_ros2_workspace/install/basic_gazebo_robot/share/basic_gazebo_robot/models/aws_robomaker_residential_PortraitE_01/materials/textures
[2.560s] -- Installing: /data2/Brinda/Documents/Reports/ROS2/my_ros2_workspace/install/basic_gazebo_robot/share/basic_gazebo_robot/models/aws_robomaker_residential_PortraitE_01/materials/textures/aws_PortraitE_01.png
[2.562s] -- Installing: /data2/Brinda/Documents/Reports/ROS2/my_ros2_workspace/install/basic_gazebo_robot/share/basic_gazebo_robot/models/aws_robomaker_residential_PortraitE_01/materials/textures/aws_PortraitE_02.png
[2.569s] -- Installing: /data2/Brinda/Documents/Reports/ROS2/my_ros2_workspace/install/basic_gazebo_robot/share/basic_gazebo_robot/models/aws_robomaker_residential_PortraitE_01/materials/textures/PortraitE_01.jpg
[2.572s] -- Installing: /data2/Brinda/Documents/Reports/ROS2/my_ros2_workspace/install/basic_gazebo_robot/share/basic_gazebo_robot/models/aws_robomaker_residential_PortraitE_01/meshes
[2.573s] -- Installing: /data2/Brinda/Documents/Reports/ROS2/my_ros2_workspace/install/basic_gazebo_robot/share/basic_gazebo_robot/models/aws_robomaker_residential_PortraitE_01/meshes/aws_PortraitE_01_collision.DAE
[2.574s] -- Installing: /data2/Brinda/Documents/Reports/ROS2/my_ros2_workspace/install/basic_gazebo_robot/share/basic_gazebo_robot/models/aws_robomaker_residential_PortraitE_01/meshes/aws_PortraitE_01_visual.DAE
[2.576s] -- Installing: /data2/Brinda/Documents/Reports/ROS2/my_ros2_workspace/install/basic_gazebo_robot/share/basic_gazebo_robot/models/aws_robomaker_residential_PortraitE_01/model.config
[2.578s] -- Installing: /data2/Brinda/Documents/Reports/ROS2/my_ros2_workspace/install/basic_gazebo_robot/share/basic_gazebo_robot/models/aws_robomaker_residential_PortraitE_01/model.sdf
[2.580s] -- Installing: /data2/Brinda/Documents/Reports/ROS2/my_ros2_workspace/install/basic_gazebo_robot/share/basic_gazebo_robot/models/aws_robomaker_residential_PortraitE_02
[2.581s] -- Installing: /data2/Brinda/Documents/Reports/ROS2/my_ros2_workspace/install/basic_gazebo_robot/share/basic_gazebo_robot/models/aws_robomaker_residential_PortraitE_02/materials
[2.582s] -- Installing: /data2/Brinda/Documents/Reports/ROS2/my_ros2_workspace/install/basic_gazebo_robot/share/basic_gazebo_robot/models/aws_robomaker_residential_PortraitE_02/materials/textures
[2.583s] -- Installing: /data2/Brinda/Documents/Reports/ROS2/my_ros2_workspace/install/basic_gazebo_robot/share/basic_gazebo_robot/models/aws_robomaker_residential_PortraitE_02/materials/textures/aws_PortraitE_01.png
[2.585s] -- Installing: /data2/Brinda/Documents/Reports/ROS2/my_ros2_workspace/install/basic_gazebo_robot/share/basic_gazebo_robot/models/aws_robomaker_residential_PortraitE_02/materials/textures/aws_PortraitE_02.png
[2.594s] -- Installing: /data2/Brinda/Documents/Reports/ROS2/my_ros2_workspace/install/basic_gazebo_robot/share/basic_gazebo_robot/models/aws_robomaker_residential_PortraitE_02/materials/textures/PortraitE_02.jpg
[2.598s] -- Installing: /data2/Brinda/Documents/Reports/ROS2/my_ros2_workspace/install/basic_gazebo_robot/share/basic_gazebo_robot/models/aws_robomaker_residential_PortraitE_02/meshes
[2.600s] -- Installing: /data2/Brinda/Documents/Reports/ROS2/my_ros2_workspace/install/basic_gazebo_robot/share/basic_gazebo_robot/models/aws_robomaker_residential_PortraitE_02/meshes/aws_PortraitE_01_collision.DAE
[2.604s] -- Installing: /data2/Brinda/Documents/Reports/ROS2/my_ros2_workspace/install/basic_gazebo_robot/share/basic_gazebo_robot/models/aws_robomaker_residential_PortraitE_02/meshes/aws_PortraitE_01_visual.DAE
[2.608s] -- Installing: /data2/Brinda/Documents/Reports/ROS2/my_ros2_workspace/install/basic_gazebo_robot/share/basic_gazebo_robot/models/aws_robomaker_residential_PortraitE_02/model.config
[2.612s] -- Installing: /data2/Brinda/Documents/Reports/ROS2/my_ros2_workspace/install/basic_gazebo_robot/share/basic_gazebo_robot/models/aws_robomaker_residential_PortraitE_02/model.sdf
[2.616s] -- Installing: /data2/Brinda/Documents/Reports/ROS2/my_ros2_workspace/install/basic_gazebo_robot/share/basic_gazebo_robot/models/aws_robomaker_residential_Quilt_01
[2.618s] -- Installing: /data2/Brinda/Documents/Reports/ROS2/my_ros2_workspace/install/basic_gazebo_robot/share/basic_gazebo_robot/models/aws_robomaker_residential_Quilt_01/materials
[2.620s] -- Installing: /data2/Brinda/Documents/Reports/ROS2/my_ros2_workspace/install/basic_gazebo_robot/share/basic_gazebo_robot/models/aws_robomaker_residential_Quilt_01/materials/textures
[2.622s] -- Installing: /data2/Brinda/Documents/Reports/ROS2/my_ros2_workspace/install/basic_gazebo_robot/share/basic_gazebo_robot/models/aws_robomaker_residential_Quilt_01/materials/textures/aws_Quilt_01.png
[2.633s] -- Installing: /data2/Brinda/Documents/Reports/ROS2/my_ros2_workspace/install/basic_gazebo_robot/share/basic_gazebo_robot/models/aws_robomaker_residential_Quilt_01/meshes
[2.635s] -- Installing: /data2/Brinda/Documents/Reports/ROS2/my_ros2_workspace/install/basic_gazebo_robot/share/basic_gazebo_robot/models/aws_robomaker_residential_Quilt_01/meshes/aws_Quilt_01_collision.DAE
[2.638s] -- Installing: /data2/Brinda/Documents/Reports/ROS2/my_ros2_workspace/install/basic_gazebo_robot/share/basic_gazebo_robot/models/aws_robomaker_residential_Quilt_01/meshes/aws_Quilt_01_visual.DAE
[2.642s] -- Installing: /data2/Brinda/Documents/Reports/ROS2/my_ros2_workspace/install/basic_gazebo_robot/share/basic_gazebo_robot/models/aws_robomaker_residential_Quilt_01/model.config
[2.644s] -- Installing: /data2/Brinda/Documents/Reports/ROS2/my_ros2_workspace/install/basic_gazebo_robot/share/basic_gazebo_robot/models/aws_robomaker_residential_Quilt_01/model.sdf
[2.646s] -- Installing: /data2/Brinda/Documents/Reports/ROS2/my_ros2_workspace/install/basic_gazebo_robot/share/basic_gazebo_robot/models/aws_robomaker_residential_Rangehood_01
[2.647s] -- Installing: /data2/Brinda/Documents/Reports/ROS2/my_ros2_workspace/install/basic_gazebo_robot/share/basic_gazebo_robot/models/aws_robomaker_residential_Rangehood_01/materials
[2.648s] -- Installing: /data2/Brinda/Documents/Reports/ROS2/my_ros2_workspace/install/basic_gazebo_robot/share/basic_gazebo_robot/models/aws_robomaker_residential_Rangehood_01/materials/textures
[2.649s] -- Installing: /data2/Brinda/Documents/Reports/ROS2/my_ros2_workspace/install/basic_gazebo_robot/share/basic_gazebo_robot/models/aws_robomaker_residential_Rangehood_01/materials/textures/aws_Rangehood_01.png
[2.651s] -- Installing: /data2/Brinda/Documents/Reports/ROS2/my_ros2_workspace/install/basic_gazebo_robot/share/basic_gazebo_robot/models/aws_robomaker_residential_Rangehood_01/meshes
[2.653s] -- Installing: /data2/Brinda/Documents/Reports/ROS2/my_ros2_workspace/install/basic_gazebo_robot/share/basic_gazebo_robot/models/aws_robomaker_residential_Rangehood_01/meshes/aws_Rangehood_01_collision.DAE
[2.655s] -- Installing: /data2/Brinda/Documents/Reports/ROS2/my_ros2_workspace/install/basic_gazebo_robot/share/basic_gazebo_robot/models/aws_robomaker_residential_Rangehood_01/meshes/aws_Rangehood_01_visual.DAE
[2.659s] -- Installing: /data2/Brinda/Documents/Reports/ROS2/my_ros2_workspace/install/basic_gazebo_robot/share/basic_gazebo_robot/models/aws_robomaker_residential_Rangehood_01/model.config
[2.660s] -- Installing: /data2/Brinda/Documents/Reports/ROS2/my_ros2_workspace/install/basic_gazebo_robot/share/basic_gazebo_robot/models/aws_robomaker_residential_Rangehood_01/model.sdf
[2.662s] -- Installing: /data2/Brinda/Documents/Reports/ROS2/my_ros2_workspace/install/basic_gazebo_robot/share/basic_gazebo_robot/models/aws_robomaker_residential_ReadingDesk_01
[2.663s] -- Installing: /data2/Brinda/Documents/Reports/ROS2/my_ros2_workspace/install/basic_gazebo_robot/share/basic_gazebo_robot/models/aws_robomaker_residential_ReadingDesk_01/materials
[2.663s] -- Installing: /data2/Brinda/Documents/Reports/ROS2/my_ros2_workspace/install/basic_gazebo_robot/share/basic_gazebo_robot/models/aws_robomaker_residential_ReadingDesk_01/materials/textures
[2.664s] -- Installing: /data2/Brinda/Documents/Reports/ROS2/my_ros2_workspace/install/basic_gazebo_robot/share/basic_gazebo_robot/models/aws_robomaker_residential_ReadingDesk_01/materials/textures/aws_ReadingDesk_01.png
[2.669s] -- Installing: /data2/Brinda/Documents/Reports/ROS2/my_ros2_workspace/install/basic_gazebo_robot/share/basic_gazebo_robot/models/aws_robomaker_residential_ReadingDesk_01/meshes
[2.670s] -- Installing: /data2/Brinda/Documents/Reports/ROS2/my_ros2_workspace/install/basic_gazebo_robot/share/basic_gazebo_robot/models/aws_robomaker_residential_ReadingDesk_01/meshes/aws_ReadingDesk_01_collision.DAE
[2.672s] -- Installing: /data2/Brinda/Documents/Reports/ROS2/my_ros2_workspace/install/basic_gazebo_robot/share/basic_gazebo_robot/models/aws_robomaker_residential_ReadingDesk_01/meshes/aws_ReadingDesk_01_visual.DAE
[2.674s] -- Installing: /data2/Brinda/Documents/Reports/ROS2/my_ros2_workspace/install/basic_gazebo_robot/share/basic_gazebo_robot/models/aws_robomaker_residential_ReadingDesk_01/model.config
[2.675s] -- Installing: /data2/Brinda/Documents/Reports/ROS2/my_ros2_workspace/install/basic_gazebo_robot/share/basic_gazebo_robot/models/aws_robomaker_residential_ReadingDesk_01/model.sdf
[2.677s] -- Installing: /data2/Brinda/Documents/Reports/ROS2/my_ros2_workspace/install/basic_gazebo_robot/share/basic_gazebo_robot/models/aws_robomaker_residential_RoomCeiling_01
[2.678s] -- Installing: /data2/Brinda/Documents/Reports/ROS2/my_ros2_workspace/install/basic_gazebo_robot/share/basic_gazebo_robot/models/aws_robomaker_residential_RoomCeiling_01/materials
[2.679s] -- Installing: /data2/Brinda/Documents/Reports/ROS2/my_ros2_workspace/install/basic_gazebo_robot/share/basic_gazebo_robot/models/aws_robomaker_residential_RoomCeiling_01/materials/textures
[2.680s] -- Installing: /data2/Brinda/Documents/Reports/ROS2/my_ros2_workspace/install/basic_gazebo_robot/share/basic_gazebo_robot/models/aws_robomaker_residential_RoomCeiling_01/materials/textures/aws_RoomCeiling_01.png
[2.683s] -- Installing: /data2/Brinda/Documents/Reports/ROS2/my_ros2_workspace/install/basic_gazebo_robot/share/basic_gazebo_robot/models/aws_robomaker_residential_RoomCeiling_01/meshes
[2.684s] -- Installing: /data2/Brinda/Documents/Reports/ROS2/my_ros2_workspace/install/basic_gazebo_robot/share/basic_gazebo_robot/models/aws_robomaker_residential_RoomCeiling_01/meshes/aws_RoomCeiling_01_collision.DAE
[2.685s] -- Installing: /data2/Brinda/Documents/Reports/ROS2/my_ros2_workspace/install/basic_gazebo_robot/share/basic_gazebo_robot/models/aws_robomaker_residential_RoomCeiling_01/meshes/aws_RoomCeiling_01_visual.DAE
[2.687s] -- Installing: /data2/Brinda/Documents/Reports/ROS2/my_ros2_workspace/install/basic_gazebo_robot/share/basic_gazebo_robot/models/aws_robomaker_residential_RoomCeiling_01/model.config
[2.688s] -- Installing: /data2/Brinda/Documents/Reports/ROS2/my_ros2_workspace/install/basic_gazebo_robot/share/basic_gazebo_robot/models/aws_robomaker_residential_RoomCeiling_01/model.sdf
[2.690s] -- Installing: /data2/Brinda/Documents/Reports/ROS2/my_ros2_workspace/install/basic_gazebo_robot/share/basic_gazebo_robot/models/aws_robomaker_residential_RoomWall_01
[2.691s] -- Installing: /data2/Brinda/Documents/Reports/ROS2/my_ros2_workspace/install/basic_gazebo_robot/share/basic_gazebo_robot/models/aws_robomaker_residential_RoomWall_01/materials
[2.692s] -- Installing: /data2/Brinda/Documents/Reports/ROS2/my_ros2_workspace/install/basic_gazebo_robot/share/basic_gazebo_robot/models/aws_robomaker_residential_RoomWall_01/materials/textures
[2.693s] -- Installing: /data2/Brinda/Documents/Reports/ROS2/my_ros2_workspace/install/basic_gazebo_robot/share/basic_gazebo_robot/models/aws_robomaker_residential_RoomWall_01/materials/textures/aws_RoomWall_01.png
[2.708s] -- Installing: /data2/Brinda/Documents/Reports/ROS2/my_ros2_workspace/install/basic_gazebo_robot/share/basic_gazebo_robot/models/aws_robomaker_residential_RoomWall_01/meshes
[2.709s] -- Installing: /data2/Brinda/Documents/Reports/ROS2/my_ros2_workspace/install/basic_gazebo_robot/share/basic_gazebo_robot/models/aws_robomaker_residential_RoomWall_01/meshes/aws_RoomWall_01_collision.DAE
[2.711s] -- Installing: /data2/Brinda/Documents/Reports/ROS2/my_ros2_workspace/install/basic_gazebo_robot/share/basic_gazebo_robot/models/aws_robomaker_residential_RoomWall_01/meshes/aws_RoomWall_01_visual.DAE
[2.713s] -- Installing: /data2/Brinda/Documents/Reports/ROS2/my_ros2_workspace/install/basic_gazebo_robot/share/basic_gazebo_robot/models/aws_robomaker_residential_RoomWall_01/model.config
[2.714s] -- Installing: /data2/Brinda/Documents/Reports/ROS2/my_ros2_workspace/install/basic_gazebo_robot/share/basic_gazebo_robot/models/aws_robomaker_residential_RoomWall_01/model.sdf
[2.716s] -- Installing: /data2/Brinda/Documents/Reports/ROS2/my_ros2_workspace/install/basic_gazebo_robot/share/basic_gazebo_robot/models/aws_robomaker_residential_RoomWindow_01
[2.717s] -- Installing: /data2/Brinda/Documents/Reports/ROS2/my_ros2_workspace/install/basic_gazebo_robot/share/basic_gazebo_robot/models/aws_robomaker_residential_RoomWindow_01/materials
[2.717s] -- Installing: /data2/Brinda/Documents/Reports/ROS2/my_ros2_workspace/install/basic_gazebo_robot/share/basic_gazebo_robot/models/aws_robomaker_residential_RoomWindow_01/materials/textures
[2.719s] -- Installing: /data2/Brinda/Documents/Reports/ROS2/my_ros2_workspace/install/basic_gazebo_robot/share/basic_gazebo_robot/models/aws_robomaker_residential_RoomWindow_01/materials/textures/aws_RoomWindow_01.png
[2.720s] -- Installing: /data2/Brinda/Documents/Reports/ROS2/my_ros2_workspace/install/basic_gazebo_robot/share/basic_gazebo_robot/models/aws_robomaker_residential_RoomWindow_01/meshes
[2.721s] -- Installing: /data2/Brinda/Documents/Reports/ROS2/my_ros2_workspace/install/basic_gazebo_robot/share/basic_gazebo_robot/models/aws_robomaker_residential_RoomWindow_01/meshes/aws_RoomWindow_01_collision.DAE
[2.723s] -- Installing: /data2/Brinda/Documents/Reports/ROS2/my_ros2_workspace/install/basic_gazebo_robot/share/basic_gazebo_robot/models/aws_robomaker_residential_RoomWindow_01/meshes/aws_RoomWindow_01_visual.DAE
[2.725s] -- Installing: /data2/Brinda/Documents/Reports/ROS2/my_ros2_workspace/install/basic_gazebo_robot/share/basic_gazebo_robot/models/aws_robomaker_residential_RoomWindow_01/model.config
[2.726s] -- Installing: /data2/Brinda/Documents/Reports/ROS2/my_ros2_workspace/install/basic_gazebo_robot/share/basic_gazebo_robot/models/aws_robomaker_residential_RoomWindow_01/model.sdf
[2.728s] -- Installing: /data2/Brinda/Documents/Reports/ROS2/my_ros2_workspace/install/basic_gazebo_robot/share/basic_gazebo_robot/models/aws_robomaker_residential_SeasoningBox_01
[2.729s] -- Installing: /data2/Brinda/Documents/Reports/ROS2/my_ros2_workspace/install/basic_gazebo_robot/share/basic_gazebo_robot/models/aws_robomaker_residential_SeasoningBox_01/materials
[2.730s] -- Installing: /data2/Brinda/Documents/Reports/ROS2/my_ros2_workspace/install/basic_gazebo_robot/share/basic_gazebo_robot/models/aws_robomaker_residential_SeasoningBox_01/materials/textures
[2.731s] -- Installing: /data2/Brinda/Documents/Reports/ROS2/my_ros2_workspace/install/basic_gazebo_robot/share/basic_gazebo_robot/models/aws_robomaker_residential_SeasoningBox_01/materials/textures/aws_SeasoningBox_01.png
[2.733s] -- Installing: /data2/Brinda/Documents/Reports/ROS2/my_ros2_workspace/install/basic_gazebo_robot/share/basic_gazebo_robot/models/aws_robomaker_residential_SeasoningBox_01/meshes
[2.733s] -- Installing: /data2/Brinda/Documents/Reports/ROS2/my_ros2_workspace/install/basic_gazebo_robot/share/basic_gazebo_robot/models/aws_robomaker_residential_SeasoningBox_01/meshes/aws_SeasoningBox_01_collision.DAE
[2.735s] -- Installing: /data2/Brinda/Documents/Reports/ROS2/my_ros2_workspace/install/basic_gazebo_robot/share/basic_gazebo_robot/models/aws_robomaker_residential_SeasoningBox_01/meshes/aws_SeasoningBox_01_visual.DAE
[2.753s] -- Installing: /data2/Brinda/Documents/Reports/ROS2/my_ros2_workspace/install/basic_gazebo_robot/share/basic_gazebo_robot/models/aws_robomaker_residential_SeasoningBox_01/model.config
[2.754s] -- Installing: /data2/Brinda/Documents/Reports/ROS2/my_ros2_workspace/install/basic_gazebo_robot/share/basic_gazebo_robot/models/aws_robomaker_residential_SeasoningBox_01/model.sdf
[2.756s] -- Installing: /data2/Brinda/Documents/Reports/ROS2/my_ros2_workspace/install/basic_gazebo_robot/share/basic_gazebo_robot/models/aws_robomaker_residential_SecurityCamera_01
[2.757s] -- Installing: /data2/Brinda/Documents/Reports/ROS2/my_ros2_workspace/install/basic_gazebo_robot/share/basic_gazebo_robot/models/aws_robomaker_residential_SecurityCamera_01/materials
[2.758s] -- Installing: /data2/Brinda/Documents/Reports/ROS2/my_ros2_workspace/install/basic_gazebo_robot/share/basic_gazebo_robot/models/aws_robomaker_residential_SecurityCamera_01/materials/textures
[2.759s] -- Installing: /data2/Brinda/Documents/Reports/ROS2/my_ros2_workspace/install/basic_gazebo_robot/share/basic_gazebo_robot/models/aws_robomaker_residential_SecurityCamera_01/materials/textures/aws_SecurityCamera_01.png
[2.761s] -- Installing: /data2/Brinda/Documents/Reports/ROS2/my_ros2_workspace/install/basic_gazebo_robot/share/basic_gazebo_robot/models/aws_robomaker_residential_SecurityCamera_01/meshes
[2.762s] -- Installing: /data2/Brinda/Documents/Reports/ROS2/my_ros2_workspace/install/basic_gazebo_robot/share/basic_gazebo_robot/models/aws_robomaker_residential_SecurityCamera_01/meshes/aws_SecurityCamera_01_collision.DAE
[2.764s] -- Installing: /data2/Brinda/Documents/Reports/ROS2/my_ros2_workspace/install/basic_gazebo_robot/share/basic_gazebo_robot/models/aws_robomaker_residential_SecurityCamera_01/meshes/aws_SecurityCamera_01_visual.DAE
[2.766s] -- Installing: /data2/Brinda/Documents/Reports/ROS2/my_ros2_workspace/install/basic_gazebo_robot/share/basic_gazebo_robot/models/aws_robomaker_residential_SecurityCamera_01/model.config
[2.768s] -- Installing: /data2/Brinda/Documents/Reports/ROS2/my_ros2_workspace/install/basic_gazebo_robot/share/basic_gazebo_robot/models/aws_robomaker_residential_SecurityCamera_01/model.sdf
[2.769s] -- Installing: /data2/Brinda/Documents/Reports/ROS2/my_ros2_workspace/install/basic_gazebo_robot/share/basic_gazebo_robot/models/aws_robomaker_residential_ShoeRack_01
[2.770s] -- Installing: /data2/Brinda/Documents/Reports/ROS2/my_ros2_workspace/install/basic_gazebo_robot/share/basic_gazebo_robot/models/aws_robomaker_residential_ShoeRack_01/materials
[2.771s] -- Installing: /data2/Brinda/Documents/Reports/ROS2/my_ros2_workspace/install/basic_gazebo_robot/share/basic_gazebo_robot/models/aws_robomaker_residential_ShoeRack_01/materials/textures
[2.772s] -- Installing: /data2/Brinda/Documents/Reports/ROS2/my_ros2_workspace/install/basic_gazebo_robot/share/basic_gazebo_robot/models/aws_robomaker_residential_ShoeRack_01/materials/textures/aws_ShoeRack_01.png
[2.777s] -- Installing: /data2/Brinda/Documents/Reports/ROS2/my_ros2_workspace/install/basic_gazebo_robot/share/basic_gazebo_robot/models/aws_robomaker_residential_ShoeRack_01/meshes
[2.778s] -- Installing: /data2/Brinda/Documents/Reports/ROS2/my_ros2_workspace/install/basic_gazebo_robot/share/basic_gazebo_robot/models/aws_robomaker_residential_ShoeRack_01/meshes/aws_ShoeRack_01_collision.DAE
[2.780s] -- Installing: /data2/Brinda/Documents/Reports/ROS2/my_ros2_workspace/install/basic_gazebo_robot/share/basic_gazebo_robot/models/aws_robomaker_residential_ShoeRack_01/meshes/aws_ShoeRack_01_visual.DAE
[2.782s] -- Installing: /data2/Brinda/Documents/Reports/ROS2/my_ros2_workspace/install/basic_gazebo_robot/share/basic_gazebo_robot/models/aws_robomaker_residential_ShoeRack_01/model.config
[2.784s] -- Installing: /data2/Brinda/Documents/Reports/ROS2/my_ros2_workspace/install/basic_gazebo_robot/share/basic_gazebo_robot/models/aws_robomaker_residential_ShoeRack_01/model.sdf
[2.785s] -- Installing: /data2/Brinda/Documents/Reports/ROS2/my_ros2_workspace/install/basic_gazebo_robot/share/basic_gazebo_robot/models/aws_robomaker_residential_SofaB_01
[2.786s] -- Installing: /data2/Brinda/Documents/Reports/ROS2/my_ros2_workspace/install/basic_gazebo_robot/share/basic_gazebo_robot/models/aws_robomaker_residential_SofaB_01/materials
[2.787s] -- Installing: /data2/Brinda/Documents/Reports/ROS2/my_ros2_workspace/install/basic_gazebo_robot/share/basic_gazebo_robot/models/aws_robomaker_residential_SofaB_01/materials/textures
[2.788s] -- Installing: /data2/Brinda/Documents/Reports/ROS2/my_ros2_workspace/install/basic_gazebo_robot/share/basic_gazebo_robot/models/aws_robomaker_residential_SofaB_01/materials/textures/aws_SofaB_01.png
[2.789s] -- Installing: /data2/Brinda/Documents/Reports/ROS2/my_ros2_workspace/install/basic_gazebo_robot/share/basic_gazebo_robot/models/aws_robomaker_residential_SofaB_01/meshes
[2.791s] -- Installing: /data2/Brinda/Documents/Reports/ROS2/my_ros2_workspace/install/basic_gazebo_robot/share/basic_gazebo_robot/models/aws_robomaker_residential_SofaB_01/meshes/aws_SofaB_01_collision.DAE
[2.792s] -- Installing: /data2/Brinda/Documents/Reports/ROS2/my_ros2_workspace/install/basic_gazebo_robot/share/basic_gazebo_robot/models/aws_robomaker_residential_SofaB_01/meshes/aws_SofaB_01_visual.DAE
[2.801s] -- Installing: /data2/Brinda/Documents/Reports/ROS2/my_ros2_workspace/install/basic_gazebo_robot/share/basic_gazebo_robot/models/aws_robomaker_residential_SofaB_01/model.config
[2.803s] -- Installing: /data2/Brinda/Documents/Reports/ROS2/my_ros2_workspace/install/basic_gazebo_robot/share/basic_gazebo_robot/models/aws_robomaker_residential_SofaB_01/model.sdf
[2.805s] -- Installing: /data2/Brinda/Documents/Reports/ROS2/my_ros2_workspace/install/basic_gazebo_robot/share/basic_gazebo_robot/models/aws_robomaker_residential_SofaC_01
[2.806s] -- Installing: /data2/Brinda/Documents/Reports/ROS2/my_ros2_workspace/install/basic_gazebo_robot/share/basic_gazebo_robot/models/aws_robomaker_residential_SofaC_01/materials
[2.807s] -- Installing: /data2/Brinda/Documents/Reports/ROS2/my_ros2_workspace/install/basic_gazebo_robot/share/basic_gazebo_robot/models/aws_robomaker_residential_SofaC_01/materials/textures
[2.808s] -- Installing: /data2/Brinda/Documents/Reports/ROS2/my_ros2_workspace/install/basic_gazebo_robot/share/basic_gazebo_robot/models/aws_robomaker_residential_SofaC_01/materials/textures/aws_SofaC_01.png
[2.810s] -- Installing: /data2/Brinda/Documents/Reports/ROS2/my_ros2_workspace/install/basic_gazebo_robot/share/basic_gazebo_robot/models/aws_robomaker_residential_SofaC_01/meshes
[2.811s] -- Installing: /data2/Brinda/Documents/Reports/ROS2/my_ros2_workspace/install/basic_gazebo_robot/share/basic_gazebo_robot/models/aws_robomaker_residential_SofaC_01/meshes/aws_SofaC_01_collision.DAE
[2.813s] -- Installing: /data2/Brinda/Documents/Reports/ROS2/my_ros2_workspace/install/basic_gazebo_robot/share/basic_gazebo_robot/models/aws_robomaker_residential_SofaC_01/meshes/aws_SofaC_01_visual.DAE
[2.819s] -- Installing: /data2/Brinda/Documents/Reports/ROS2/my_ros2_workspace/install/basic_gazebo_robot/share/basic_gazebo_robot/models/aws_robomaker_residential_SofaC_01/model.config
[2.820s] -- Installing: /data2/Brinda/Documents/Reports/ROS2/my_ros2_workspace/install/basic_gazebo_robot/share/basic_gazebo_robot/models/aws_robomaker_residential_SofaC_01/model.sdf
[2.822s] -- Installing: /data2/Brinda/Documents/Reports/ROS2/my_ros2_workspace/install/basic_gazebo_robot/share/basic_gazebo_robot/models/aws_robomaker_residential_Sofa_01
[2.823s] -- Installing: /data2/Brinda/Documents/Reports/ROS2/my_ros2_workspace/install/basic_gazebo_robot/share/basic_gazebo_robot/models/aws_robomaker_residential_Sofa_01/materials
[2.824s] -- Installing: /data2/Brinda/Documents/Reports/ROS2/my_ros2_workspace/install/basic_gazebo_robot/share/basic_gazebo_robot/models/aws_robomaker_residential_Sofa_01/materials/textures
[2.825s] -- Installing: /data2/Brinda/Documents/Reports/ROS2/my_ros2_workspace/install/basic_gazebo_robot/share/basic_gazebo_robot/models/aws_robomaker_residential_Sofa_01/materials/textures/aws_Sofa_01.png
[2.827s] -- Installing: /data2/Brinda/Documents/Reports/ROS2/my_ros2_workspace/install/basic_gazebo_robot/share/basic_gazebo_robot/models/aws_robomaker_residential_Sofa_01/meshes
[2.829s] -- Installing: /data2/Brinda/Documents/Reports/ROS2/my_ros2_workspace/install/basic_gazebo_robot/share/basic_gazebo_robot/models/aws_robomaker_residential_Sofa_01/meshes/aws_Sofa_01.DAE
[2.845s] -- Installing: /data2/Brinda/Documents/Reports/ROS2/my_ros2_workspace/install/basic_gazebo_robot/share/basic_gazebo_robot/models/aws_robomaker_residential_Sofa_01/meshes/aws_Sofa_01_collision.DAE
[2.848s] -- Installing: /data2/Brinda/Documents/Reports/ROS2/my_ros2_workspace/install/basic_gazebo_robot/share/basic_gazebo_robot/models/aws_robomaker_residential_Sofa_01/meshes/aws_Sofa_01_visual.DAE
[2.854s] -- Installing: /data2/Brinda/Documents/Reports/ROS2/my_ros2_workspace/install/basic_gazebo_robot/share/basic_gazebo_robot/models/aws_robomaker_residential_Sofa_01/model.config
[2.856s] -- Installing: /data2/Brinda/Documents/Reports/ROS2/my_ros2_workspace/install/basic_gazebo_robot/share/basic_gazebo_robot/models/aws_robomaker_residential_Sofa_01/model.sdf
[2.857s] -- Installing: /data2/Brinda/Documents/Reports/ROS2/my_ros2_workspace/install/basic_gazebo_robot/share/basic_gazebo_robot/models/aws_robomaker_residential_Tablet_01
[2.858s] -- Installing: /data2/Brinda/Documents/Reports/ROS2/my_ros2_workspace/install/basic_gazebo_robot/share/basic_gazebo_robot/models/aws_robomaker_residential_Tablet_01/.DS_Store
[2.860s] -- Installing: /data2/Brinda/Documents/Reports/ROS2/my_ros2_workspace/install/basic_gazebo_robot/share/basic_gazebo_robot/models/aws_robomaker_residential_Tablet_01/materials
[2.861s] -- Installing: /data2/Brinda/Documents/Reports/ROS2/my_ros2_workspace/install/basic_gazebo_robot/share/basic_gazebo_robot/models/aws_robomaker_residential_Tablet_01/materials/.DS_Store
[2.863s] -- Installing: /data2/Brinda/Documents/Reports/ROS2/my_ros2_workspace/install/basic_gazebo_robot/share/basic_gazebo_robot/models/aws_robomaker_residential_Tablet_01/materials/textures
[2.864s] -- Installing: /data2/Brinda/Documents/Reports/ROS2/my_ros2_workspace/install/basic_gazebo_robot/share/basic_gazebo_robot/models/aws_robomaker_residential_Tablet_01/materials/textures/aws_Tablet_01_nologo.png
[2.866s] -- Installing: /data2/Brinda/Documents/Reports/ROS2/my_ros2_workspace/install/basic_gazebo_robot/share/basic_gazebo_robot/models/aws_robomaker_residential_Tablet_01/meshes
[2.867s] -- Installing: /data2/Brinda/Documents/Reports/ROS2/my_ros2_workspace/install/basic_gazebo_robot/share/basic_gazebo_robot/models/aws_robomaker_residential_Tablet_01/meshes/aws_Tablet_01_collision.DAE
[2.869s] -- Installing: /data2/Brinda/Documents/Reports/ROS2/my_ros2_workspace/install/basic_gazebo_robot/share/basic_gazebo_robot/models/aws_robomaker_residential_Tablet_01/meshes/aws_Tablet_01_visual.DAE
[2.871s] -- Installing: /data2/Brinda/Documents/Reports/ROS2/my_ros2_workspace/install/basic_gazebo_robot/share/basic_gazebo_robot/models/aws_robomaker_residential_Tablet_01/model.config
[2.872s] -- Installing: /data2/Brinda/Documents/Reports/ROS2/my_ros2_workspace/install/basic_gazebo_robot/share/basic_gazebo_robot/models/aws_robomaker_residential_Tablet_01/model.sdf
[2.874s] -- Installing: /data2/Brinda/Documents/Reports/ROS2/my_ros2_workspace/install/basic_gazebo_robot/share/basic_gazebo_robot/models/aws_robomaker_residential_Tableware_01
[2.875s] -- Installing: /data2/Brinda/Documents/Reports/ROS2/my_ros2_workspace/install/basic_gazebo_robot/share/basic_gazebo_robot/models/aws_robomaker_residential_Tableware_01/materials
[2.876s] -- Installing: /data2/Brinda/Documents/Reports/ROS2/my_ros2_workspace/install/basic_gazebo_robot/share/basic_gazebo_robot/models/aws_robomaker_residential_Tableware_01/materials/textures
[2.877s] -- Installing: /data2/Brinda/Documents/Reports/ROS2/my_ros2_workspace/install/basic_gazebo_robot/share/basic_gazebo_robot/models/aws_robomaker_residential_Tableware_01/materials/textures/aws_Tableware_01.png
[2.879s] -- Installing: /data2/Brinda/Documents/Reports/ROS2/my_ros2_workspace/install/basic_gazebo_robot/share/basic_gazebo_robot/models/aws_robomaker_residential_Tableware_01/meshes
[2.880s] -- Installing: /data2/Brinda/Documents/Reports/ROS2/my_ros2_workspace/install/basic_gazebo_robot/share/basic_gazebo_robot/models/aws_robomaker_residential_Tableware_01/meshes/aws_Tableware_01_collision.DAE
[2.881s] -- Installing: /data2/Brinda/Documents/Reports/ROS2/my_ros2_workspace/install/basic_gazebo_robot/share/basic_gazebo_robot/models/aws_robomaker_residential_Tableware_01/meshes/aws_Tableware_01_visual.DAE
[2.888s] -- Installing: /data2/Brinda/Documents/Reports/ROS2/my_ros2_workspace/install/basic_gazebo_robot/share/basic_gazebo_robot/models/aws_robomaker_residential_Tableware_01/model.config
[2.890s] -- Installing: /data2/Brinda/Documents/Reports/ROS2/my_ros2_workspace/install/basic_gazebo_robot/share/basic_gazebo_robot/models/aws_robomaker_residential_Tableware_01/model.sdf
[2.892s] -- Installing: /data2/Brinda/Documents/Reports/ROS2/my_ros2_workspace/install/basic_gazebo_robot/share/basic_gazebo_robot/models/aws_robomaker_residential_Trash_01
[2.893s] -- Installing: /data2/Brinda/Documents/Reports/ROS2/my_ros2_workspace/install/basic_gazebo_robot/share/basic_gazebo_robot/models/aws_robomaker_residential_Trash_01/materials
[2.894s] -- Installing: /data2/Brinda/Documents/Reports/ROS2/my_ros2_workspace/install/basic_gazebo_robot/share/basic_gazebo_robot/models/aws_robomaker_residential_Trash_01/materials/textures
[2.895s] -- Installing: /data2/Brinda/Documents/Reports/ROS2/my_ros2_workspace/install/basic_gazebo_robot/share/basic_gazebo_robot/models/aws_robomaker_residential_Trash_01/materials/textures/aws_Trash_01.png
[2.898s] -- Installing: /data2/Brinda/Documents/Reports/ROS2/my_ros2_workspace/install/basic_gazebo_robot/share/basic_gazebo_robot/models/aws_robomaker_residential_Trash_01/meshes
[2.899s] -- Installing: /data2/Brinda/Documents/Reports/ROS2/my_ros2_workspace/install/basic_gazebo_robot/share/basic_gazebo_robot/models/aws_robomaker_residential_Trash_01/meshes/aws_Trash_01_collision.DAE
[2.901s] -- Installing: /data2/Brinda/Documents/Reports/ROS2/my_ros2_workspace/install/basic_gazebo_robot/share/basic_gazebo_robot/models/aws_robomaker_residential_Trash_01/meshes/aws_Trash_01_visual.DAE
[2.903s] -- Installing: /data2/Brinda/Documents/Reports/ROS2/my_ros2_workspace/install/basic_gazebo_robot/share/basic_gazebo_robot/models/aws_robomaker_residential_Trash_01/model.config
[2.905s] -- Installing: /data2/Brinda/Documents/Reports/ROS2/my_ros2_workspace/install/basic_gazebo_robot/share/basic_gazebo_robot/models/aws_robomaker_residential_Trash_01/model.sdf
[2.907s] -- Installing: /data2/Brinda/Documents/Reports/ROS2/my_ros2_workspace/install/basic_gazebo_robot/share/basic_gazebo_robot/models/aws_robomaker_residential_TVCabinet_01
[2.908s] -- Installing: /data2/Brinda/Documents/Reports/ROS2/my_ros2_workspace/install/basic_gazebo_robot/share/basic_gazebo_robot/models/aws_robomaker_residential_TVCabinet_01/materials
[2.908s] -- Installing: /data2/Brinda/Documents/Reports/ROS2/my_ros2_workspace/install/basic_gazebo_robot/share/basic_gazebo_robot/models/aws_robomaker_residential_TVCabinet_01/materials/textures
[2.910s] -- Installing: /data2/Brinda/Documents/Reports/ROS2/my_ros2_workspace/install/basic_gazebo_robot/share/basic_gazebo_robot/models/aws_robomaker_residential_TVCabinet_01/materials/textures/aws_TVCabinet_01.png
[2.915s] -- Installing: /data2/Brinda/Documents/Reports/ROS2/my_ros2_workspace/install/basic_gazebo_robot/share/basic_gazebo_robot/models/aws_robomaker_residential_TVCabinet_01/meshes
[2.916s] -- Installing: /data2/Brinda/Documents/Reports/ROS2/my_ros2_workspace/install/basic_gazebo_robot/share/basic_gazebo_robot/models/aws_robomaker_residential_TVCabinet_01/meshes/aws_TVCabinet_01_collision.DAE
[2.918s] -- Installing: /data2/Brinda/Documents/Reports/ROS2/my_ros2_workspace/install/basic_gazebo_robot/share/basic_gazebo_robot/models/aws_robomaker_residential_TVCabinet_01/meshes/aws_TVCabinet_01_visual.DAE
[2.920s] -- Installing: /data2/Brinda/Documents/Reports/ROS2/my_ros2_workspace/install/basic_gazebo_robot/share/basic_gazebo_robot/models/aws_robomaker_residential_TVCabinet_01/model.config
[2.921s] -- Installing: /data2/Brinda/Documents/Reports/ROS2/my_ros2_workspace/install/basic_gazebo_robot/share/basic_gazebo_robot/models/aws_robomaker_residential_TVCabinet_01/model.sdf
[2.923s] -- Installing: /data2/Brinda/Documents/Reports/ROS2/my_ros2_workspace/install/basic_gazebo_robot/share/basic_gazebo_robot/models/aws_robomaker_residential_TV_01
[2.924s] -- Installing: /data2/Brinda/Documents/Reports/ROS2/my_ros2_workspace/install/basic_gazebo_robot/share/basic_gazebo_robot/models/aws_robomaker_residential_TV_01/materials
[2.925s] -- Installing: /data2/Brinda/Documents/Reports/ROS2/my_ros2_workspace/install/basic_gazebo_robot/share/basic_gazebo_robot/models/aws_robomaker_residential_TV_01/materials/textures
[2.926s] -- Installing: /data2/Brinda/Documents/Reports/ROS2/my_ros2_workspace/install/basic_gazebo_robot/share/basic_gazebo_robot/models/aws_robomaker_residential_TV_01/materials/textures/aws_TV_01.png
[2.931s] -- Installing: /data2/Brinda/Documents/Reports/ROS2/my_ros2_workspace/install/basic_gazebo_robot/share/basic_gazebo_robot/models/aws_robomaker_residential_TV_01/meshes
[2.932s] -- Installing: /data2/Brinda/Documents/Reports/ROS2/my_ros2_workspace/install/basic_gazebo_robot/share/basic_gazebo_robot/models/aws_robomaker_residential_TV_01/meshes/aws_TV_01_collision.DAE
[2.934s] -- Installing: /data2/Brinda/Documents/Reports/ROS2/my_ros2_workspace/install/basic_gazebo_robot/share/basic_gazebo_robot/models/aws_robomaker_residential_TV_01/meshes/aws_TV_01_visual.DAE
[2.936s] -- Installing: /data2/Brinda/Documents/Reports/ROS2/my_ros2_workspace/install/basic_gazebo_robot/share/basic_gazebo_robot/models/aws_robomaker_residential_TV_01/model.config
[2.938s] -- Installing: /data2/Brinda/Documents/Reports/ROS2/my_ros2_workspace/install/basic_gazebo_robot/share/basic_gazebo_robot/models/aws_robomaker_residential_TV_01/model.sdf
[2.939s] -- Installing: /data2/Brinda/Documents/Reports/ROS2/my_ros2_workspace/install/basic_gazebo_robot/share/basic_gazebo_robot/models/aws_robomaker_residential_TV_02
[2.940s] -- Installing: /data2/Brinda/Documents/Reports/ROS2/my_ros2_workspace/install/basic_gazebo_robot/share/basic_gazebo_robot/models/aws_robomaker_residential_TV_02/materials
[2.941s] -- Installing: /data2/Brinda/Documents/Reports/ROS2/my_ros2_workspace/install/basic_gazebo_robot/share/basic_gazebo_robot/models/aws_robomaker_residential_TV_02/materials/textures
[2.942s] -- Installing: /data2/Brinda/Documents/Reports/ROS2/my_ros2_workspace/install/basic_gazebo_robot/share/basic_gazebo_robot/models/aws_robomaker_residential_TV_02/materials/textures/aws_TV_01.png
[2.948s] -- Installing: /data2/Brinda/Documents/Reports/ROS2/my_ros2_workspace/install/basic_gazebo_robot/share/basic_gazebo_robot/models/aws_robomaker_residential_TV_02/meshes
[2.949s] -- Installing: /data2/Brinda/Documents/Reports/ROS2/my_ros2_workspace/install/basic_gazebo_robot/share/basic_gazebo_robot/models/aws_robomaker_residential_TV_02/meshes/aws_TV_01_collision.DAE
[2.951s] -- Installing: /data2/Brinda/Documents/Reports/ROS2/my_ros2_workspace/install/basic_gazebo_robot/share/basic_gazebo_robot/models/aws_robomaker_residential_TV_02/meshes/aws_TV_01_visual.DAE
[2.953s] -- Installing: /data2/Brinda/Documents/Reports/ROS2/my_ros2_workspace/install/basic_gazebo_robot/share/basic_gazebo_robot/models/aws_robomaker_residential_TV_02/model.config
[2.954s] -- Installing: /data2/Brinda/Documents/Reports/ROS2/my_ros2_workspace/install/basic_gazebo_robot/share/basic_gazebo_robot/models/aws_robomaker_residential_TV_02/model.sdf
[2.956s] -- Installing: /data2/Brinda/Documents/Reports/ROS2/my_ros2_workspace/install/basic_gazebo_robot/share/basic_gazebo_robot/models/aws_robomaker_residential_Vase_01
[2.957s] -- Installing: /data2/Brinda/Documents/Reports/ROS2/my_ros2_workspace/install/basic_gazebo_robot/share/basic_gazebo_robot/models/aws_robomaker_residential_Vase_01/materials
[2.959s] -- Installing: /data2/Brinda/Documents/Reports/ROS2/my_ros2_workspace/install/basic_gazebo_robot/share/basic_gazebo_robot/models/aws_robomaker_residential_Vase_01/materials/textures
[2.960s] -- Installing: /data2/Brinda/Documents/Reports/ROS2/my_ros2_workspace/install/basic_gazebo_robot/share/basic_gazebo_robot/models/aws_robomaker_residential_Vase_01/materials/textures/aws_Vase_01.png
[2.962s] -- Installing: /data2/Brinda/Documents/Reports/ROS2/my_ros2_workspace/install/basic_gazebo_robot/share/basic_gazebo_robot/models/aws_robomaker_residential_Vase_01/meshes
[2.963s] -- Installing: /data2/Brinda/Documents/Reports/ROS2/my_ros2_workspace/install/basic_gazebo_robot/share/basic_gazebo_robot/models/aws_robomaker_residential_Vase_01/meshes/aws_Vase_01_collision.DAE
[2.965s] -- Installing: /data2/Brinda/Documents/Reports/ROS2/my_ros2_workspace/install/basic_gazebo_robot/share/basic_gazebo_robot/models/aws_robomaker_residential_Vase_01/meshes/aws_Vase_01_visual.DAE
[2.969s] -- Installing: /data2/Brinda/Documents/Reports/ROS2/my_ros2_workspace/install/basic_gazebo_robot/share/basic_gazebo_robot/models/aws_robomaker_residential_Vase_01/model.config
[2.971s] -- Installing: /data2/Brinda/Documents/Reports/ROS2/my_ros2_workspace/install/basic_gazebo_robot/share/basic_gazebo_robot/models/aws_robomaker_residential_Vase_01/model.sdf
[2.973s] -- Installing: /data2/Brinda/Documents/Reports/ROS2/my_ros2_workspace/install/basic_gazebo_robot/share/basic_gazebo_robot/models/aws_robomaker_residential_Wardrobe_01
[2.974s] -- Installing: /data2/Brinda/Documents/Reports/ROS2/my_ros2_workspace/install/basic_gazebo_robot/share/basic_gazebo_robot/models/aws_robomaker_residential_Wardrobe_01/materials
[2.974s] -- Installing: /data2/Brinda/Documents/Reports/ROS2/my_ros2_workspace/install/basic_gazebo_robot/share/basic_gazebo_robot/models/aws_robomaker_residential_Wardrobe_01/materials/textures
[2.976s] -- Installing: /data2/Brinda/Documents/Reports/ROS2/my_ros2_workspace/install/basic_gazebo_robot/share/basic_gazebo_robot/models/aws_robomaker_residential_Wardrobe_01/materials/textures/aws_Wardrobe_01.png
[2.987s] -- Installing: /data2/Brinda/Documents/Reports/ROS2/my_ros2_workspace/install/basic_gazebo_robot/share/basic_gazebo_robot/models/aws_robomaker_residential_Wardrobe_01/meshes
[2.988s] -- Installing: /data2/Brinda/Documents/Reports/ROS2/my_ros2_workspace/install/basic_gazebo_robot/share/basic_gazebo_robot/models/aws_robomaker_residential_Wardrobe_01/meshes/aws_Wardrobe_01_collision.DAE
[2.990s] -- Installing: /data2/Brinda/Documents/Reports/ROS2/my_ros2_workspace/install/basic_gazebo_robot/share/basic_gazebo_robot/models/aws_robomaker_residential_Wardrobe_01/meshes/aws_Wardrobe_01_visual.DAE
[2.993s] -- Installing: /data2/Brinda/Documents/Reports/ROS2/my_ros2_workspace/install/basic_gazebo_robot/share/basic_gazebo_robot/models/aws_robomaker_residential_Wardrobe_01/model.config
[2.995s] -- Installing: /data2/Brinda/Documents/Reports/ROS2/my_ros2_workspace/install/basic_gazebo_robot/share/basic_gazebo_robot/models/aws_robomaker_residential_Wardrobe_01/model.sdf
[2.998s] -- Installing: /data2/Brinda/Documents/Reports/ROS2/my_ros2_workspace/install/basic_gazebo_robot/share/ament_index/resource_index/package_run_dependencies/basic_gazebo_robot
[3.000s] -- Installing: /data2/Brinda/Documents/Reports/ROS2/my_ros2_workspace/install/basic_gazebo_robot/share/ament_index/resource_index/parent_prefix_path/basic_gazebo_robot
[3.002s] -- Installing: /data2/Brinda/Documents/Reports/ROS2/my_ros2_workspace/install/basic_gazebo_robot/share/basic_gazebo_robot/environment/ament_prefix_path.sh
[3.004s] -- Installing: /data2/Brinda/Documents/Reports/ROS2/my_ros2_workspace/install/basic_gazebo_robot/share/basic_gazebo_robot/environment/ament_prefix_path.dsv
[3.005s] -- Installing: /data2/Brinda/Documents/Reports/ROS2/my_ros2_workspace/install/basic_gazebo_robot/share/basic_gazebo_robot/environment/path.sh
[3.007s] -- Installing: /data2/Brinda/Documents/Reports/ROS2/my_ros2_workspace/install/basic_gazebo_robot/share/basic_gazebo_robot/environment/path.dsv
[3.009s] -- Installing: /data2/Brinda/Documents/Reports/ROS2/my_ros2_workspace/install/basic_gazebo_robot/share/basic_gazebo_robot/local_setup.bash
[3.010s] -- Installing: /data2/Brinda/Documents/Reports/ROS2/my_ros2_workspace/install/basic_gazebo_robot/share/basic_gazebo_robot/local_setup.sh
[3.012s] -- Installing: /data2/Brinda/Documents/Reports/ROS2/my_ros2_workspace/install/basic_gazebo_robot/share/basic_gazebo_robot/local_setup.zsh
[3.014s] -- Installing: /data2/Brinda/Documents/Reports/ROS2/my_ros2_workspace/install/basic_gazebo_robot/share/basic_gazebo_robot/local_setup.dsv
[3.015s] -- Installing: /data2/Brinda/Documents/Reports/ROS2/my_ros2_workspace/install/basic_gazebo_robot/share/basic_gazebo_robot/package.dsv
[3.018s] -- Installing: /data2/Brinda/Documents/Reports/ROS2/my_ros2_workspace/install/basic_gazebo_robot/share/ament_index/resource_index/packages/basic_gazebo_robot
[3.020s] -- Installing: /data2/Brinda/Documents/Reports/ROS2/my_ros2_workspace/install/basic_gazebo_robot/share/basic_gazebo_robot/cmake/basic_gazebo_robotConfig.cmake
[3.024s] -- Installing: /data2/Brinda/Documents/Reports/ROS2/my_ros2_workspace/install/basic_gazebo_robot/share/basic_gazebo_robot/cmake/basic_gazebo_robotConfig-version.cmake
[3.027s] -- Installing: /data2/Brinda/Documents/Reports/ROS2/my_ros2_workspace/install/basic_gazebo_robot/share/basic_gazebo_robot/package.xml
[3.031s] Invoked command in '/data2/Brinda/Documents/Reports/ROS2/my_ros2_workspace/build/basic_gazebo_robot' returned '0': CMAKE_PREFIX_PATH=${CMAKE_PREFIX_PATH}:/data2/Brinda/Documents/Reports/ROS2/my_ros2_workspace/install/vision_pkg:/data2/Brinda/Documents/Reports/ROS2/my_ros2_workspace/install/robot_service_pkg:/data2/Brinda/Documents/Reports/ROS2/my_ros2_workspace/install/robot_action_pkg:/data2/Brinda/Documents/Reports/ROS2/my_ros2_workspace/install/robot_control_pkg:/data2/Brinda/Documents/Reports/ROS2/my_ros2_workspace/install/robot_comm_pkg:/data2/Brinda/Documents/Reports/ROS2/my_ros2_workspace/install/navigation_pkg:/data2/Brinda/Documents/Reports/ROS2/my_ros2_workspace/install/my_py_pkg:/data2/Brinda/Documents/Reports/ROS2/my_ros2_workspace/install/lidar_pkg:/data2/Brinda/Documents/Reports/ROS2/my_ros2_workspace/install/camera_pkg:/opt/ros/humble /usr/bin/cmake --install /data2/Brinda/Documents/Reports/ROS2/my_ros2_workspace/build/basic_gazebo_robot
