[0.000000] (-) TimerEvent: {}
[0.000284] (basic_gazebo_robot) JobQueued: {'identifier': 'basic_gazebo_robot', 'dependencies': OrderedDict()}
[0.000398] (camera_pkg) JobQueued: {'identifier': 'camera_pkg', 'dependencies': OrderedDict()}
[0.000425] (lidar_pkg) JobQueued: {'identifier': 'lidar_pkg', 'dependencies': OrderedDict()}
[0.000444] (my_cpp_pkg) JobQueued: {'identifier': 'my_cpp_pkg', 'dependencies': OrderedDict()}
[0.000466] (my_py_pkg) JobQueued: {'identifier': 'my_py_pkg', 'dependencies': OrderedDict()}
[0.000490] (navigation_pkg) JobQueued: {'identifier': 'navigation_pkg', 'dependencies': OrderedDict()}
[0.000510] (robot_comm_pkg) JobQueued: {'identifier': 'robot_comm_pkg', 'dependencies': OrderedDict()}
[0.000539] (robot_control_pkg) JobQueued: {'identifier': 'robot_control_pkg', 'dependencies': OrderedDict()}
[0.000564] (robot_interfaces) JobQueued: {'identifier': 'robot_interfaces', 'dependencies': OrderedDict()}
[0.000589] (robot_service_pkg) JobQueued: {'identifier': 'robot_service_pkg', 'dependencies': OrderedDict()}
[0.000614] (vision_pkg) JobQueued: {'identifier': 'vision_pkg', 'dependencies': OrderedDict()}
[0.000686] (robot_action_pkg) JobQueued: {'identifier': 'robot_action_pkg', 'dependencies': OrderedDict([('robot_interfaces', '/data2/Brinda/Documents/Reports/ROS2/my_ros2_workspace/install/robot_interfaces')])}
[0.000753] (robot_interfaces) JobStarted: {'identifier': 'robot_interfaces'}
[0.005184] (basic_gazebo_robot) JobStarted: {'identifier': 'basic_gazebo_robot'}
[0.008393] (camera_pkg) JobStarted: {'identifier': 'camera_pkg'}
[0.014480] (lidar_pkg) JobStarted: {'identifier': 'lidar_pkg'}
[0.020286] (my_cpp_pkg) JobStarted: {'identifier': 'my_cpp_pkg'}
[0.023697] (my_py_pkg) JobStarted: {'identifier': 'my_py_pkg'}
[0.029336] (navigation_pkg) JobStarted: {'identifier': 'navigation_pkg'}
[0.035173] (robot_comm_pkg) JobStarted: {'identifier': 'robot_comm_pkg'}
[0.041079] (robot_control_pkg) JobStarted: {'identifier': 'robot_control_pkg'}
[0.047392] (robot_service_pkg) JobStarted: {'identifier': 'robot_service_pkg'}
[0.052990] (vision_pkg) JobStarted: {'identifier': 'vision_pkg'}
[0.060384] (robot_interfaces) JobProgress: {'identifier': 'robot_interfaces', 'progress': 'cmake'}
[0.061204] (robot_interfaces) JobProgress: {'identifier': 'robot_interfaces', 'progress': 'build'}
[0.061696] (robot_interfaces) Command: {'cmd': ['/usr/bin/cmake', '--build', '/data2/Brinda/Documents/Reports/ROS2/my_ros2_workspace/build/robot_interfaces', '--', '-j16', '-l16'], 'cwd': '/data2/Brinda/Documents/Reports/ROS2/my_ros2_workspace/build/robot_interfaces', 'env': OrderedDict([('LESSOPEN', '| /usr/bin/lesspipe %s'), ('CONDA_PROMPT_MODIFIER', ''), ('LANGUAGE', 'en_IN:en'), ('USER', 'bs5'), ('XDG_SESSION_TYPE', 'x11'), ('SHLVL', '1'), ('LD_LIBRARY_PATH', '/data2/Brinda/Documents/Reports/ROS2/my_ros2_workspace/install/robot_interfaces/lib:/usr/lib/x86_64-linux-gnu/gazebo-11/plugins:/opt/ros/humble/opt/rviz_ogre_vendor/lib:/opt/ros/humble/lib/x86_64-linux-gnu:/opt/ros/humble/lib'), ('HOME', '/home/bs5'), ('CONDA_SHLVL', '0'), ('OLDPWD', '/data2/Brinda/Documents/Reports/ROS2/my_ros2_workspace/src'), ('DESKTOP_SESSION', 'ubuntu'), ('NVM_BIN', '/home/bs5/.nvm/versions/node/v20.20.2/bin'), ('NVM_INC', '/home/bs5/.nvm/versions/node/v20.20.2/include/node'), ('ROS_PYTHON_VERSION', '3'), ('GNOME_SHELL_SESSION_MODE', 'ubuntu'), ('GTK_MODULES', 'gail:atk-bridge'), ('SYSTEMD_EXEC_PID', '5725'), ('DBUS_SESSION_BUS_ADDRESS', 'unix:path=/run/user/1000/bus'), ('COLORTERM', 'truecolor'), ('_CE_M', ''), ('_CONDA_ROOT', '/home/bs5/miniconda3'), ('NVM_DIR', '/home/bs5/.nvm'), ('COLCON_PREFIX_PATH', '/data2/Brinda/Documents/Reports/ROS2/my_ros2_workspace/install'), ('ROS_DISTRO', 'humble'), ('GTK_IM_MODULE', 'ibus'), ('LOGNAME', 'bs5'), ('_', '/usr/bin/colcon'), ('ROS_VERSION', '2'), ('XDG_SESSION_CLASS', 'user'), ('USERNAME', 'bs5'), ('TERM', 'xterm-256color'), ('GNOME_DESKTOP_SESSION_ID', 'this-is-deprecated'), ('_CE_CONDA', ''), ('ROS_LOCALHOST_ONLY', '0'), ('WINDOWPATH', '2'), ('PATH', '/home/bs5/.nvm/versions/node/v20.20.2/bin:/opt/ros/humble/bin:/home/bs5/miniconda3/condabin:/home/bs5/.cargo/bin:/home/bs5/.local/bin:/usr/local/sbin:/usr/local/bin:/usr/sbin:/usr/bin:/sbin:/bin:/usr/games:/usr/local/games:/snap/bin:/snap/bin:/home/bs5/Android/Sdk/platform-tools:/home/bs5/Android/Sdk/cmdline-tools/latest/bin:/home/bs5/Android/Sdk/emulator'), ('SESSION_MANAGER', 'local/bs5:@/tmp/.ICE-unix/5702,unix/bs5:/tmp/.ICE-unix/5702'), ('XDG_MENU_PREFIX', 'gnome-'), ('GNOME_TERMINAL_SCREEN', '/org/gnome/Terminal/screen/3418588d_47ae_4043_8ec0_03e6b07c931b'), ('XDG_RUNTIME_DIR', '/run/user/1000'), ('DISPLAY', ':1'), ('LANG', 'en_US.UTF-8'), ('XDG_CURRENT_DESKTOP', 'ubuntu:GNOME'), ('CONDA_PREFIX_1', ''), ('XMODIFIERS', '@im=ibus'), ('XDG_SESSION_DESKTOP', 'ubuntu'), ('XAUTHORITY', '/run/user/1000/gdm/Xauthority'), ('LS_COLORS', 'rs=0:di=01;34:ln=01;36:mh=00:pi=40;33:so=01;35:do=01;35:bd=40;33;01:cd=40;33;01:or=40;31;01:mi=00:su=37;41:sg=30;43:ca=30;41:tw=30;42:ow=34;42:st=37;44:ex=01;32:*.tar=01;31:*.tgz=01;31:*.arc=01;31:*.arj=01;31:*.taz=01;31:*.lha=01;31:*.lz4=01;31:*.lzh=01;31:*.lzma=01;31:*.tlz=01;31:*.txz=01;31:*.tzo=01;31:*.t7z=01;31:*.zip=01;31:*.z=01;31:*.dz=01;31:*.gz=01;31:*.lrz=01;31:*.lz=01;31:*.lzo=01;31:*.xz=01;31:*.zst=01;31:*.tzst=01;31:*.bz2=01;31:*.bz=01;31:*.tbz=01;31:*.tbz2=01;31:*.tz=01;31:*.deb=01;31:*.rpm=01;31:*.jar=01;31:*.war=01;31:*.ear=01;31:*.sar=01;31:*.rar=01;31:*.alz=01;31:*.ace=01;31:*.zoo=01;31:*.cpio=01;31:*.7z=01;31:*.rz=01;31:*.cab=01;31:*.wim=01;31:*.swm=01;31:*.dwm=01;31:*.esd=01;31:*.jpg=01;35:*.jpeg=01;35:*.mjpg=01;35:*.mjpeg=01;35:*.gif=01;35:*.bmp=01;35:*.pbm=01;35:*.pgm=01;35:*.ppm=01;35:*.tga=01;35:*.xbm=01;35:*.xpm=01;35:*.tif=01;35:*.tiff=01;35:*.png=01;35:*.svg=01;35:*.svgz=01;35:*.mng=01;35:*.pcx=01;35:*.mov=01;35:*.mpg=01;35:*.mpeg=01;35:*.m2v=01;35:*.mkv=01;35:*.webm=01;35:*.webp=01;35:*.ogm=01;35:*.mp4=01;35:*.m4v=01;35:*.mp4v=01;35:*.vob=01;35:*.qt=01;35:*.nuv=01;35:*.wmv=01;35:*.asf=01;35:*.rm=01;35:*.rmvb=01;35:*.flc=01;35:*.avi=01;35:*.fli=01;35:*.flv=01;35:*.gl=01;35:*.dl=01;35:*.xcf=01;35:*.xwd=01;35:*.yuv=01;35:*.cgm=01;35:*.emf=01;35:*.ogv=01;35:*.ogx=01;35:*.aac=00;36:*.au=00;36:*.flac=00;36:*.m4a=00;36:*.mid=00;36:*.midi=00;36:*.mka=00;36:*.mp3=00;36:*.mpc=00;36:*.ogg=00;36:*.ra=00;36:*.wav=00;36:*.oga=00;36:*.opus=00;36:*.spx=00;36:*.xspf=00;36:'), ('GNOME_TERMINAL_SERVICE', ':1.166'), ('CONDA_PREFIX_2', ''), ('SSH_AGENT_LAUNCHER', 'gnome-keyring'), ('SSH_AUTH_SOCK', '/run/user/1000/keyring/ssh'), ('XML_CATALOG_FILES', 'file:///home/bs5/miniconda3/envs/my_workspace/etc/xml/catalog file:///etc/xml/catalog file:///home/bs5/miniconda3/envs/my_workspace/etc/xml/catalog file:///etc/xml/catalog'), ('AMENT_PREFIX_PATH', '/data2/Brinda/Documents/Reports/ROS2/my_ros2_workspace/install/robot_interfaces:/opt/ros/humble'), ('CONDA_PYTHON_EXE', '/home/bs5/miniconda3/bin/python'), ('CONDA_PREFIX_3', ''), ('SHELL', '/bin/bash'), ('QT_ACCESSIBILITY', '1'), ('GDMSESSION', 'ubuntu'), ('LESSCLOSE', '/usr/bin/lesspipe %s %s'), ('CONDA_DEFAULT_ENV', ''), ('GPG_AGENT_INFO', '/run/user/1000/gnupg/S.gpg-agent:0:1'), ('_CONDA_EXE', '/home/bs5/miniconda3/bin/conda'), ('ANDROID_SDK_ROOT', '/home/bs5/Android/Sdk'), ('QT_IM_MODULE', 'ibus'), ('PWD', '/data2/Brinda/Documents/Reports/ROS2/my_ros2_workspace/build/robot_interfaces'), ('LC_ALL', 'en_US.UTF-8'), ('XDG_CONFIG_DIRS', '/etc/xdg/xdg-ubuntu:/etc/xdg'), ('CONDA_EXE', '/home/bs5/miniconda3/bin/conda'), ('ANDROID_HOME', '/home/bs5/Android/Sdk'), ('NVM_CD_FLAGS', ''), ('XDG_DATA_DIRS', '/usr/share/ubuntu:/usr/share/gnome:/usr/local/share/:/usr/share/:/var/lib/snapd/desktop'), ('PYTHONPATH', '/data2/Brinda/Documents/Reports/ROS2/my_ros2_workspace/install/robot_interfaces/local/lib/python3.10/dist-packages:/opt/ros/humble/lib/python3.10/site-packages:/opt/ros/humble/local/lib/python3.10/dist-packages'), ('CONDA_PREFIX', ''), ('COLCON', '1'), ('VTE_VERSION', '6800'), ('CMAKE_PREFIX_PATH', '/data2/Brinda/Documents/Reports/ROS2/my_ros2_workspace/install/robot_interfaces:/opt/ros/humble')]), 'shell': False}
[0.063260] (basic_gazebo_robot) JobProgress: {'identifier': 'basic_gazebo_robot', 'progress': 'cmake'}
[0.064348] (basic_gazebo_robot) Command: {'cmd': ['/usr/bin/cmake', '/data2/Brinda/Documents/Reports/ROS2/my_ros2_workspace/src/basic_gazebo_robot', '-DAMENT_CMAKE_SYMLINK_INSTALL=1', '-DCMAKE_INSTALL_PREFIX=/data2/Brinda/Documents/Reports/ROS2/my_ros2_workspace/install/basic_gazebo_robot'], 'cwd': '/data2/Brinda/Documents/Reports/ROS2/my_ros2_workspace/build/basic_gazebo_robot', 'env': OrderedDict([('LESSOPEN', '| /usr/bin/lesspipe %s'), ('CONDA_PROMPT_MODIFIER', ''), ('LANGUAGE', 'en_IN:en'), ('USER', 'bs5'), ('XDG_SESSION_TYPE', 'x11'), ('SHLVL', '1'), ('LD_LIBRARY_PATH', '/data2/Brinda/Documents/Reports/ROS2/my_ros2_workspace/install/robot_interfaces/lib:/usr/lib/x86_64-linux-gnu/gazebo-11/plugins:/opt/ros/humble/opt/rviz_ogre_vendor/lib:/opt/ros/humble/lib/x86_64-linux-gnu:/opt/ros/humble/lib'), ('HOME', '/home/bs5'), ('CONDA_SHLVL', '0'), ('OLDPWD', '/data2/Brinda/Documents/Reports/ROS2/my_ros2_workspace/src'), ('DESKTOP_SESSION', 'ubuntu'), ('NVM_BIN', '/home/bs5/.nvm/versions/node/v20.20.2/bin'), ('NVM_INC', '/home/bs5/.nvm/versions/node/v20.20.2/include/node'), ('ROS_PYTHON_VERSION', '3'), ('GNOME_SHELL_SESSION_MODE', 'ubuntu'), ('GTK_MODULES', 'gail:atk-bridge'), ('SYSTEMD_EXEC_PID', '5725'), ('DBUS_SESSION_BUS_ADDRESS', 'unix:path=/run/user/1000/bus'), ('COLORTERM', 'truecolor'), ('_CE_M', ''), ('_CONDA_ROOT', '/home/bs5/miniconda3'), ('NVM_DIR', '/home/bs5/.nvm'), ('COLCON_PREFIX_PATH', '/data2/Brinda/Documents/Reports/ROS2/my_ros2_workspace/install'), ('ROS_DISTRO', 'humble'), ('GTK_IM_MODULE', 'ibus'), ('LOGNAME', 'bs5'), ('_', '/usr/bin/colcon'), ('ROS_VERSION', '2'), ('XDG_SESSION_CLASS', 'user'), ('USERNAME', 'bs5'), ('TERM', 'xterm-256color'), ('GNOME_DESKTOP_SESSION_ID', 'this-is-deprecated'), ('_CE_CONDA', ''), ('ROS_LOCALHOST_ONLY', '0'), ('WINDOWPATH', '2'), ('PATH', '/home/bs5/.nvm/versions/node/v20.20.2/bin:/opt/ros/humble/bin:/home/bs5/miniconda3/condabin:/home/bs5/.cargo/bin:/home/bs5/.local/bin:/usr/local/sbin:/usr/local/bin:/usr/sbin:/usr/bin:/sbin:/bin:/usr/games:/usr/local/games:/snap/bin:/snap/bin:/home/bs5/Android/Sdk/platform-tools:/home/bs5/Android/Sdk/cmdline-tools/latest/bin:/home/bs5/Android/Sdk/emulator'), ('SESSION_MANAGER', 'local/bs5:@/tmp/.ICE-unix/5702,unix/bs5:/tmp/.ICE-unix/5702'), ('XDG_MENU_PREFIX', 'gnome-'), ('GNOME_TERMINAL_SCREEN', '/org/gnome/Terminal/screen/3418588d_47ae_4043_8ec0_03e6b07c931b'), ('XDG_RUNTIME_DIR', '/run/user/1000'), ('DISPLAY', ':1'), ('LANG', 'en_US.UTF-8'), ('XDG_CURRENT_DESKTOP', 'ubuntu:GNOME'), ('CONDA_PREFIX_1', ''), ('XMODIFIERS', '@im=ibus'), ('XDG_SESSION_DESKTOP', 'ubuntu'), ('XAUTHORITY', '/run/user/1000/gdm/Xauthority'), ('LS_COLORS', 'rs=0:di=01;34:ln=01;36:mh=00:pi=40;33:so=01;35:do=01;35:bd=40;33;01:cd=40;33;01:or=40;31;01:mi=00:su=37;41:sg=30;43:ca=30;41:tw=30;42:ow=34;42:st=37;44:ex=01;32:*.tar=01;31:*.tgz=01;31:*.arc=01;31:*.arj=01;31:*.taz=01;31:*.lha=01;31:*.lz4=01;31:*.lzh=01;31:*.lzma=01;31:*.tlz=01;31:*.txz=01;31:*.tzo=01;31:*.t7z=01;31:*.zip=01;31:*.z=01;31:*.dz=01;31:*.gz=01;31:*.lrz=01;31:*.lz=01;31:*.lzo=01;31:*.xz=01;31:*.zst=01;31:*.tzst=01;31:*.bz2=01;31:*.bz=01;31:*.tbz=01;31:*.tbz2=01;31:*.tz=01;31:*.deb=01;31:*.rpm=01;31:*.jar=01;31:*.war=01;31:*.ear=01;31:*.sar=01;31:*.rar=01;31:*.alz=01;31:*.ace=01;31:*.zoo=01;31:*.cpio=01;31:*.7z=01;31:*.rz=01;31:*.cab=01;31:*.wim=01;31:*.swm=01;31:*.dwm=01;31:*.esd=01;31:*.jpg=01;35:*.jpeg=01;35:*.mjpg=01;35:*.mjpeg=01;35:*.gif=01;35:*.bmp=01;35:*.pbm=01;35:*.pgm=01;35:*.ppm=01;35:*.tga=01;35:*.xbm=01;35:*.xpm=01;35:*.tif=01;35:*.tiff=01;35:*.png=01;35:*.svg=01;35:*.svgz=01;35:*.mng=01;35:*.pcx=01;35:*.mov=01;35:*.mpg=01;35:*.mpeg=01;35:*.m2v=01;35:*.mkv=01;35:*.webm=01;35:*.webp=01;35:*.ogm=01;35:*.mp4=01;35:*.m4v=01;35:*.mp4v=01;35:*.vob=01;35:*.qt=01;35:*.nuv=01;35:*.wmv=01;35:*.asf=01;35:*.rm=01;35:*.rmvb=01;35:*.flc=01;35:*.avi=01;35:*.fli=01;35:*.flv=01;35:*.gl=01;35:*.dl=01;35:*.xcf=01;35:*.xwd=01;35:*.yuv=01;35:*.cgm=01;35:*.emf=01;35:*.ogv=01;35:*.ogx=01;35:*.aac=00;36:*.au=00;36:*.flac=00;36:*.m4a=00;36:*.mid=00;36:*.midi=00;36:*.mka=00;36:*.mp3=00;36:*.mpc=00;36:*.ogg=00;36:*.ra=00;36:*.wav=00;36:*.oga=00;36:*.opus=00;36:*.spx=00;36:*.xspf=00;36:'), ('GNOME_TERMINAL_SERVICE', ':1.166'), ('CONDA_PREFIX_2', ''), ('SSH_AGENT_LAUNCHER', 'gnome-keyring'), ('SSH_AUTH_SOCK', '/run/user/1000/keyring/ssh'), ('XML_CATALOG_FILES', 'file:///home/bs5/miniconda3/envs/my_workspace/etc/xml/catalog file:///etc/xml/catalog file:///home/bs5/miniconda3/envs/my_workspace/etc/xml/catalog file:///etc/xml/catalog'), ('AMENT_PREFIX_PATH', '/data2/Brinda/Documents/Reports/ROS2/my_ros2_workspace/install/robot_interfaces:/opt/ros/humble'), ('CONDA_PYTHON_EXE', '/home/bs5/miniconda3/bin/python'), ('CONDA_PREFIX_3', ''), ('SHELL', '/bin/bash'), ('QT_ACCESSIBILITY', '1'), ('GDMSESSION', 'ubuntu'), ('LESSCLOSE', '/usr/bin/lesspipe %s %s'), ('CONDA_DEFAULT_ENV', ''), ('GPG_AGENT_INFO', '/run/user/1000/gnupg/S.gpg-agent:0:1'), ('_CONDA_EXE', '/home/bs5/miniconda3/bin/conda'), ('ANDROID_SDK_ROOT', '/home/bs5/Android/Sdk'), ('QT_IM_MODULE', 'ibus'), ('PWD', '/data2/Brinda/Documents/Reports/ROS2/my_ros2_workspace/build/basic_gazebo_robot'), ('LC_ALL', 'en_US.UTF-8'), ('XDG_CONFIG_DIRS', '/etc/xdg/xdg-ubuntu:/etc/xdg'), ('CONDA_EXE', '/home/bs5/miniconda3/bin/conda'), ('ANDROID_HOME', '/home/bs5/Android/Sdk'), ('NVM_CD_FLAGS', ''), ('XDG_DATA_DIRS', '/usr/share/ubuntu:/usr/share/gnome:/usr/local/share/:/usr/share/:/var/lib/snapd/desktop'), ('PYTHONPATH', '/data2/Brinda/Documents/Reports/ROS2/my_ros2_workspace/install/robot_interfaces/local/lib/python3.10/dist-packages:/opt/ros/humble/lib/python3.10/site-packages:/opt/ros/humble/local/lib/python3.10/dist-packages'), ('CONDA_PREFIX', ''), ('COLCON', '1'), ('VTE_VERSION', '6800'), ('CMAKE_PREFIX_PATH', '/data2/Brinda/Documents/Reports/ROS2/my_ros2_workspace/install/robot_interfaces:/opt/ros/humble')]), 'shell': False}
[0.099810] (-) TimerEvent: {}
[0.200105] (-) TimerEvent: {}
[0.350645] (-) TimerEvent: {}
[0.532857] (-) TimerEvent: {}
[0.633161] (-) TimerEvent: {}
[0.660609] (my_cpp_pkg) JobProgress: {'identifier': 'my_cpp_pkg', 'progress': 'cmake'}
[0.662313] (my_cpp_pkg) Command: {'cmd': ['/usr/bin/cmake', '/data2/Brinda/Documents/Reports/ROS2/my_ros2_workspace/src/my_cpp_pkg', '-DAMENT_CMAKE_SYMLINK_INSTALL=1', '-DCMAKE_INSTALL_PREFIX=/data2/Brinda/Documents/Reports/ROS2/my_ros2_workspace/install/my_cpp_pkg'], 'cwd': '/data2/Brinda/Documents/Reports/ROS2/my_ros2_workspace/build/my_cpp_pkg', 'env': OrderedDict([('LESSOPEN', '| /usr/bin/lesspipe %s'), ('CONDA_PROMPT_MODIFIER', ''), ('LANGUAGE', 'en_IN:en'), ('USER', 'bs5'), ('XDG_SESSION_TYPE', 'x11'), ('SHLVL', '1'), ('LD_LIBRARY_PATH', '/data2/Brinda/Documents/Reports/ROS2/my_ros2_workspace/install/robot_interfaces/lib:/usr/lib/x86_64-linux-gnu/gazebo-11/plugins:/opt/ros/humble/opt/rviz_ogre_vendor/lib:/opt/ros/humble/lib/x86_64-linux-gnu:/opt/ros/humble/lib'), ('HOME', '/home/bs5'), ('CONDA_SHLVL', '0'), ('OLDPWD', '/data2/Brinda/Documents/Reports/ROS2/my_ros2_workspace/src'), ('DESKTOP_SESSION', 'ubuntu'), ('NVM_BIN', '/home/bs5/.nvm/versions/node/v20.20.2/bin'), ('NVM_INC', '/home/bs5/.nvm/versions/node/v20.20.2/include/node'), ('ROS_PYTHON_VERSION', '3'), ('GNOME_SHELL_SESSION_MODE', 'ubuntu'), ('GTK_MODULES', 'gail:atk-bridge'), ('SYSTEMD_EXEC_PID', '5725'), ('DBUS_SESSION_BUS_ADDRESS', 'unix:path=/run/user/1000/bus'), ('COLORTERM', 'truecolor'), ('_CE_M', ''), ('_CONDA_ROOT', '/home/bs5/miniconda3'), ('NVM_DIR', '/home/bs5/.nvm'), ('COLCON_PREFIX_PATH', '/data2/Brinda/Documents/Reports/ROS2/my_ros2_workspace/install'), ('ROS_DISTRO', 'humble'), ('GTK_IM_MODULE', 'ibus'), ('LOGNAME', 'bs5'), ('_', '/usr/bin/colcon'), ('ROS_VERSION', '2'), ('XDG_SESSION_CLASS', 'user'), ('USERNAME', 'bs5'), ('TERM', 'xterm-256color'), ('GNOME_DESKTOP_SESSION_ID', 'this-is-deprecated'), ('_CE_CONDA', ''), ('ROS_LOCALHOST_ONLY', '0'), ('WINDOWPATH', '2'), ('PATH', '/home/bs5/.nvm/versions/node/v20.20.2/bin:/opt/ros/humble/bin:/home/bs5/miniconda3/condabin:/home/bs5/.cargo/bin:/home/bs5/.local/bin:/usr/local/sbin:/usr/local/bin:/usr/sbin:/usr/bin:/sbin:/bin:/usr/games:/usr/local/games:/snap/bin:/snap/bin:/home/bs5/Android/Sdk/platform-tools:/home/bs5/Android/Sdk/cmdline-tools/latest/bin:/home/bs5/Android/Sdk/emulator'), ('SESSION_MANAGER', 'local/bs5:@/tmp/.ICE-unix/5702,unix/bs5:/tmp/.ICE-unix/5702'), ('XDG_MENU_PREFIX', 'gnome-'), ('GNOME_TERMINAL_SCREEN', '/org/gnome/Terminal/screen/3418588d_47ae_4043_8ec0_03e6b07c931b'), ('XDG_RUNTIME_DIR', '/run/user/1000'), ('DISPLAY', ':1'), ('LANG', 'en_US.UTF-8'), ('XDG_CURRENT_DESKTOP', 'ubuntu:GNOME'), ('CONDA_PREFIX_1', ''), ('XMODIFIERS', '@im=ibus'), ('XDG_SESSION_DESKTOP', 'ubuntu'), ('XAUTHORITY', '/run/user/1000/gdm/Xauthority'), ('LS_COLORS', 'rs=0:di=01;34:ln=01;36:mh=00:pi=40;33:so=01;35:do=01;35:bd=40;33;01:cd=40;33;01:or=40;31;01:mi=00:su=37;41:sg=30;43:ca=30;41:tw=30;42:ow=34;42:st=37;44:ex=01;32:*.tar=01;31:*.tgz=01;31:*.arc=01;31:*.arj=01;31:*.taz=01;31:*.lha=01;31:*.lz4=01;31:*.lzh=01;31:*.lzma=01;31:*.tlz=01;31:*.txz=01;31:*.tzo=01;31:*.t7z=01;31:*.zip=01;31:*.z=01;31:*.dz=01;31:*.gz=01;31:*.lrz=01;31:*.lz=01;31:*.lzo=01;31:*.xz=01;31:*.zst=01;31:*.tzst=01;31:*.bz2=01;31:*.bz=01;31:*.tbz=01;31:*.tbz2=01;31:*.tz=01;31:*.deb=01;31:*.rpm=01;31:*.jar=01;31:*.war=01;31:*.ear=01;31:*.sar=01;31:*.rar=01;31:*.alz=01;31:*.ace=01;31:*.zoo=01;31:*.cpio=01;31:*.7z=01;31:*.rz=01;31:*.cab=01;31:*.wim=01;31:*.swm=01;31:*.dwm=01;31:*.esd=01;31:*.jpg=01;35:*.jpeg=01;35:*.mjpg=01;35:*.mjpeg=01;35:*.gif=01;35:*.bmp=01;35:*.pbm=01;35:*.pgm=01;35:*.ppm=01;35:*.tga=01;35:*.xbm=01;35:*.xpm=01;35:*.tif=01;35:*.tiff=01;35:*.png=01;35:*.svg=01;35:*.svgz=01;35:*.mng=01;35:*.pcx=01;35:*.mov=01;35:*.mpg=01;35:*.mpeg=01;35:*.m2v=01;35:*.mkv=01;35:*.webm=01;35:*.webp=01;35:*.ogm=01;35:*.mp4=01;35:*.m4v=01;35:*.mp4v=01;35:*.vob=01;35:*.qt=01;35:*.nuv=01;35:*.wmv=01;35:*.asf=01;35:*.rm=01;35:*.rmvb=01;35:*.flc=01;35:*.avi=01;35:*.fli=01;35:*.flv=01;35:*.gl=01;35:*.dl=01;35:*.xcf=01;35:*.xwd=01;35:*.yuv=01;35:*.cgm=01;35:*.emf=01;35:*.ogv=01;35:*.ogx=01;35:*.aac=00;36:*.au=00;36:*.flac=00;36:*.m4a=00;36:*.mid=00;36:*.midi=00;36:*.mka=00;36:*.mp3=00;36:*.mpc=00;36:*.ogg=00;36:*.ra=00;36:*.wav=00;36:*.oga=00;36:*.opus=00;36:*.spx=00;36:*.xspf=00;36:'), ('GNOME_TERMINAL_SERVICE', ':1.166'), ('CONDA_PREFIX_2', ''), ('SSH_AGENT_LAUNCHER', 'gnome-keyring'), ('SSH_AUTH_SOCK', '/run/user/1000/keyring/ssh'), ('XML_CATALOG_FILES', 'file:///home/bs5/miniconda3/envs/my_workspace/etc/xml/catalog file:///etc/xml/catalog file:///home/bs5/miniconda3/envs/my_workspace/etc/xml/catalog file:///etc/xml/catalog'), ('AMENT_PREFIX_PATH', '/data2/Brinda/Documents/Reports/ROS2/my_ros2_workspace/install/robot_interfaces:/opt/ros/humble'), ('CONDA_PYTHON_EXE', '/home/bs5/miniconda3/bin/python'), ('CONDA_PREFIX_3', ''), ('SHELL', '/bin/bash'), ('QT_ACCESSIBILITY', '1'), ('GDMSESSION', 'ubuntu'), ('LESSCLOSE', '/usr/bin/lesspipe %s %s'), ('CONDA_DEFAULT_ENV', ''), ('GPG_AGENT_INFO', '/run/user/1000/gnupg/S.gpg-agent:0:1'), ('_CONDA_EXE', '/home/bs5/miniconda3/bin/conda'), ('ANDROID_SDK_ROOT', '/home/bs5/Android/Sdk'), ('QT_IM_MODULE', 'ibus'), ('PWD', '/data2/Brinda/Documents/Reports/ROS2/my_ros2_workspace/build/my_cpp_pkg'), ('LC_ALL', 'en_US.UTF-8'), ('XDG_CONFIG_DIRS', '/etc/xdg/xdg-ubuntu:/etc/xdg'), ('CONDA_EXE', '/home/bs5/miniconda3/bin/conda'), ('ANDROID_HOME', '/home/bs5/Android/Sdk'), ('NVM_CD_FLAGS', ''), ('XDG_DATA_DIRS', '/usr/share/ubuntu:/usr/share/gnome:/usr/local/share/:/usr/share/:/var/lib/snapd/desktop'), ('PYTHONPATH', '/data2/Brinda/Documents/Reports/ROS2/my_ros2_workspace/install/robot_interfaces/local/lib/python3.10/dist-packages:/opt/ros/humble/lib/python3.10/site-packages:/opt/ros/humble/local/lib/python3.10/dist-packages'), ('CONDA_PREFIX', ''), ('COLCON', '1'), ('VTE_VERSION', '6800'), ('CMAKE_PREFIX_PATH', '/data2/Brinda/Documents/Reports/ROS2/my_ros2_workspace/install/robot_interfaces:/opt/ros/humble')]), 'shell': False}
[0.733256] (-) TimerEvent: {}
[0.838566] (-) TimerEvent: {}
[0.938842] (-) TimerEvent: {}
[1.039164] (-) TimerEvent: {}
[1.139497] (-) TimerEvent: {}
[1.239826] (-) TimerEvent: {}
[1.340120] (-) TimerEvent: {}
[1.440346] (-) TimerEvent: {}
[1.537234] (robot_interfaces) StdoutLine: {'line': b'\x1b[35m\x1b[1mConsolidate compiler generated dependencies of target robot_interfaces__rosidl_generator_c\x1b[0m\n'}
[1.538025] (robot_interfaces) StdoutLine: {'line': b'[  6%] Built target robot_interfaces__cpp\n'}
[1.538301] (robot_interfaces) StdoutLine: {'line': b'[  6%] Built target robot_interfaces__rs\n'}
[1.538535] (robot_interfaces) StdoutLine: {'line': b'[ 15%] Built target robot_interfaces__rosidl_generator_c\n'}
[1.538632] (robot_interfaces) StdoutLine: {'line': b'[ 15%] Built target ament_cmake_python_symlink_robot_interfaces\n'}
[1.539249] (robot_interfaces) StdoutLine: {'line': b'\x1b[35m\x1b[1mConsolidate compiler generated dependencies of target robot_interfaces__rosidl_typesupport_introspection_cpp\x1b[0m\n'}
[1.539373] (robot_interfaces) StdoutLine: {'line': b'\x1b[35m\x1b[1mConsolidate compiler generated dependencies of target robot_interfaces__rosidl_typesupport_cpp\x1b[0m\n'}
[1.539483] (robot_interfaces) StdoutLine: {'line': b'\x1b[35m\x1b[1mConsolidate compiler generated dependencies of target robot_interfaces__rosidl_typesupport_fastrtps_cpp\x1b[0m\n'}
[1.539603] (robot_interfaces) StdoutLine: {'line': b'\x1b[35m\x1b[1mConsolidate compiler generated dependencies of target robot_interfaces__rosidl_typesupport_c\x1b[0m\n'}
[1.539713] (robot_interfaces) StdoutLine: {'line': b'\x1b[35m\x1b[1mConsolidate compiler generated dependencies of target robot_interfaces__rosidl_typesupport_introspection_c\x1b[0m\n'}
[1.539848] (robot_interfaces) StdoutLine: {'line': b'\x1b[35m\x1b[1mConsolidate compiler generated dependencies of target robot_interfaces__rosidl_typesupport_fastrtps_c\x1b[0m\n'}
[1.539956] (robot_interfaces) StdoutLine: {'line': b'[ 34%] Built target robot_interfaces__rosidl_typesupport_introspection_c\n'}
[1.540106] (robot_interfaces) StdoutLine: {'line': b'[ 34%] Built target robot_interfaces__rosidl_typesupport_c\n'}
[1.540364] (-) TimerEvent: {}
[1.540472] (robot_interfaces) StdoutLine: {'line': b'[ 53%] Built target robot_interfaces__rosidl_typesupport_cpp\n'}
[1.540594] (robot_interfaces) StdoutLine: {'line': b'[ 53%] Built target robot_interfaces__rosidl_typesupport_introspection_cpp\n'}
[1.540707] (robot_interfaces) StdoutLine: {'line': b'[ 62%] Built target robot_interfaces__rosidl_typesupport_fastrtps_cpp\n'}
[1.540809] (robot_interfaces) StdoutLine: {'line': b'[ 71%] Built target robot_interfaces__rosidl_typesupport_fastrtps_c\n'}
[1.540907] (robot_interfaces) StdoutLine: {'line': b'[ 71%] Built target robot_interfaces\n'}
[1.541002] (robot_interfaces) StdoutLine: {'line': b'[ 75%] Built target robot_interfaces__py\n'}
[1.541085] (robot_interfaces) StdoutLine: {'line': b'\x1b[35m\x1b[1mConsolidate compiler generated dependencies of target robot_interfaces__rosidl_generator_py\x1b[0m\n'}
[1.541169] (robot_interfaces) StdoutLine: {'line': b'[ 81%] Built target robot_interfaces__rosidl_generator_py\n'}
[1.541255] (robot_interfaces) StdoutLine: {'line': b'\x1b[35m\x1b[1mConsolidate compiler generated dependencies of target robot_interfaces__rosidl_typesupport_introspection_c__pyext\x1b[0m\n'}
[1.541336] (robot_interfaces) StdoutLine: {'line': b'\x1b[35m\x1b[1mConsolidate compiler generated dependencies of target robot_interfaces__rosidl_typesupport_fastrtps_c__pyext\x1b[0m\n'}
[1.541420] (robot_interfaces) StdoutLine: {'line': b'\x1b[35m\x1b[1mConsolidate compiler generated dependencies of target robot_interfaces__rosidl_typesupport_c__pyext\x1b[0m\n'}
[1.541514] (robot_interfaces) StdoutLine: {'line': b'running egg_info\n'}
[1.541595] (robot_interfaces) StdoutLine: {'line': b'writing robot_interfaces.egg-info/PKG-INFO\n'}
[1.541685] (robot_interfaces) StdoutLine: {'line': b'writing dependency_links to robot_interfaces.egg-info/dependency_links.txt\n'}
[1.541768] (robot_interfaces) StdoutLine: {'line': b'writing top-level names to robot_interfaces.egg-info/top_level.txt\n'}
[1.541850] (robot_interfaces) StdoutLine: {'line': b'[ 87%] Built target robot_interfaces__rosidl_typesupport_introspection_c__pyext\n'}
[1.541933] (robot_interfaces) StdoutLine: {'line': b'[100%] Built target robot_interfaces__rosidl_typesupport_c__pyext\n'}
[1.542048] (robot_interfaces) StdoutLine: {'line': b'[100%] Built target robot_interfaces__rosidl_typesupport_fastrtps_c__pyext\n'}
[1.542146] (robot_interfaces) StdoutLine: {'line': b"reading manifest file 'robot_interfaces.egg-info/SOURCES.txt'\n"}
[1.542224] (robot_interfaces) StdoutLine: {'line': b"writing manifest file 'robot_interfaces.egg-info/SOURCES.txt'\n"}
[1.542309] (robot_interfaces) StdoutLine: {'line': b'[100%] Built target ament_cmake_python_build_robot_interfaces_egg\n'}
[1.542391] (basic_gazebo_robot) StdoutLine: {'line': b'-- The C compiler identification is GNU 11.4.0\n'}
[1.542497] (basic_gazebo_robot) StdoutLine: {'line': b'-- The CXX compiler identification is GNU 11.4.0\n'}
[1.542587] (basic_gazebo_robot) StdoutLine: {'line': b'-- Detecting C compiler ABI info\n'}
[1.542676] (basic_gazebo_robot) StdoutLine: {'line': b'-- Detecting C compiler ABI info - done\n'}
[1.542766] (basic_gazebo_robot) StdoutLine: {'line': b'-- Check for working C compiler: /usr/bin/cc - skipped\n'}
[1.542865] (basic_gazebo_robot) StdoutLine: {'line': b'-- Detecting C compile features\n'}
[1.542949] (basic_gazebo_robot) StdoutLine: {'line': b'-- Detecting C compile features - done\n'}
[1.543036] (basic_gazebo_robot) StdoutLine: {'line': b'-- Detecting CXX compiler ABI info\n'}
[1.543121] (basic_gazebo_robot) StdoutLine: {'line': b'-- Detecting CXX compiler ABI info - done\n'}
[1.543208] (basic_gazebo_robot) StdoutLine: {'line': b'-- Check for working CXX compiler: /usr/bin/c++ - skipped\n'}
[1.543295] (basic_gazebo_robot) StdoutLine: {'line': b'-- Detecting CXX compile features\n'}
[1.543382] (basic_gazebo_robot) StdoutLine: {'line': b'-- Detecting CXX compile features - done\n'}
[1.543472] (basic_gazebo_robot) StdoutLine: {'line': b'-- Found ament_cmake: 1.3.14 (/opt/ros/humble/share/ament_cmake/cmake)\n'}
[1.543559] (basic_gazebo_robot) StdoutLine: {'line': b'-- Found Python3: /usr/bin/python3 (found version "3.10.12") found components: Interpreter \n'}
[1.543662] (basic_gazebo_robot) StdoutLine: {'line': b'-- Override CMake install command with custom implementation using symlinks instead of copying resources\n'}
[1.543752] (basic_gazebo_robot) StdoutLine: {'line': b'-- Found rclpy: 3.3.21 (/opt/ros/humble/share/rclpy/cmake)\n'}
[1.543838] (basic_gazebo_robot) StdoutLine: {'line': b'-- Found geometry_msgs: 4.9.1 (/opt/ros/humble/share/geometry_msgs/cmake)\n'}
[1.543926] (basic_gazebo_robot) StdoutLine: {'line': b'-- Found rosidl_generator_c: 3.1.8 (/opt/ros/humble/share/rosidl_generator_c/cmake)\n'}
[1.544016] (basic_gazebo_robot) StdoutLine: {'line': b'-- Found rosidl_adapter: 3.1.8 (/opt/ros/humble/share/rosidl_adapter/cmake)\n'}
[1.544103] (basic_gazebo_robot) StdoutLine: {'line': b'-- Found rosidl_generator_cpp: 3.1.8 (/opt/ros/humble/share/rosidl_generator_cpp/cmake)\n'}
[1.544188] (basic_gazebo_robot) StdoutLine: {'line': b'-- Using all available rosidl_typesupport_c: rosidl_typesupport_fastrtps_c;rosidl_typesupport_introspection_c\n'}
[1.544279] (basic_gazebo_robot) StdoutLine: {'line': b'-- Using all available rosidl_typesupport_cpp: rosidl_typesupport_fastrtps_cpp;rosidl_typesupport_introspection_cpp\n'}
[1.544361] (basic_gazebo_robot) StdoutLine: {'line': b'-- Found sensor_msgs: 4.9.1 (/opt/ros/humble/share/sensor_msgs/cmake)\n'}
[1.544441] (basic_gazebo_robot) StdoutLine: {'line': b'-- Found ament_lint_auto: 0.12.15 (/opt/ros/humble/share/ament_lint_auto/cmake)\n'}
[1.544525] (basic_gazebo_robot) StdoutLine: {'line': b"-- Added test 'flake8' to check Python code syntax and style conventions\n"}
[1.544602] (basic_gazebo_robot) StdoutLine: {'line': b"-- Added test 'lint_cmake' to check CMake code style\n"}
[1.544683] (basic_gazebo_robot) StdoutLine: {'line': b"-- Added test 'pep257' to check Python code against some of the docstring style conventions in PEP 257\n"}
[1.544764] (basic_gazebo_robot) StdoutLine: {'line': b"-- Added test 'xmllint' to check XML markup files\n"}
[1.544844] (basic_gazebo_robot) StdoutLine: {'line': b'-- Configuring done\n'}
[1.544925] (basic_gazebo_robot) StdoutLine: {'line': b'-- Generating done\n'}
[1.545022] (basic_gazebo_robot) StdoutLine: {'line': b'-- Build files have been written to: /data2/Brinda/Documents/Reports/ROS2/my_ros2_workspace/build/basic_gazebo_robot\n'}
[1.545108] (my_cpp_pkg) StdoutLine: {'line': b'-- The C compiler identification is GNU 11.4.0\n'}
[1.545207] (my_cpp_pkg) StdoutLine: {'line': b'-- The CXX compiler identification is GNU 11.4.0\n'}
[1.545288] (my_cpp_pkg) StdoutLine: {'line': b'-- Detecting C compiler ABI info\n'}
[1.545371] (my_cpp_pkg) StdoutLine: {'line': b'-- Detecting C compiler ABI info - done\n'}
[1.545460] (my_cpp_pkg) StdoutLine: {'line': b'-- Check for working C compiler: /usr/bin/cc - skipped\n'}
[1.545542] (my_cpp_pkg) StdoutLine: {'line': b'-- Detecting C compile features\n'}
[1.545629] (my_cpp_pkg) StdoutLine: {'line': b'-- Detecting C compile features - done\n'}
[1.545709] (my_cpp_pkg) StdoutLine: {'line': b'-- Detecting CXX compiler ABI info\n'}
[1.545792] (my_cpp_pkg) StdoutLine: {'line': b'-- Detecting CXX compiler ABI info - done\n'}
[1.545878] (my_cpp_pkg) StdoutLine: {'line': b'-- Check for working CXX compiler: /usr/bin/c++ - skipped\n'}
[1.545957] (my_cpp_pkg) StdoutLine: {'line': b'-- Detecting CXX compile features\n'}
[1.546040] (my_cpp_pkg) StdoutLine: {'line': b'-- Detecting CXX compile features - done\n'}
[1.546120] (my_cpp_pkg) StdoutLine: {'line': b'-- Found ament_cmake: 1.3.14 (/opt/ros/humble/share/ament_cmake/cmake)\n'}
[1.546203] (my_cpp_pkg) StdoutLine: {'line': b'-- Found Python3: /usr/bin/python3 (found version "3.10.12") found components: Interpreter \n'}
[1.546298] (my_cpp_pkg) StdoutLine: {'line': b'-- Override CMake install command with custom implementation using symlinks instead of copying resources\n'}
[1.546383] (my_cpp_pkg) StdoutLine: {'line': b'-- Found rclcpp: 16.0.19 (/opt/ros/humble/share/rclcpp/cmake)\n'}
[1.546470] (my_cpp_pkg) StdoutLine: {'line': b'-- Found rosidl_generator_c: 3.1.8 (/opt/ros/humble/share/rosidl_generator_c/cmake)\n'}
[1.546555] (my_cpp_pkg) StdoutLine: {'line': b'-- Found rosidl_adapter: 3.1.8 (/opt/ros/humble/share/rosidl_adapter/cmake)\n'}
[1.546641] (my_cpp_pkg) StdoutLine: {'line': b'-- Found rosidl_generator_cpp: 3.1.8 (/opt/ros/humble/share/rosidl_generator_cpp/cmake)\n'}
[1.546725] (my_cpp_pkg) StdoutLine: {'line': b'-- Using all available rosidl_typesupport_c: rosidl_typesupport_fastrtps_c;rosidl_typesupport_introspection_c\n'}
[1.546810] (robot_interfaces) CommandEnded: {'returncode': 0}
[1.547073] (robot_interfaces) JobProgress: {'identifier': 'robot_interfaces', 'progress': 'install'}
[1.547102] (my_cpp_pkg) StdoutLine: {'line': b'-- Using all available rosidl_typesupport_cpp: rosidl_typesupport_fastrtps_cpp;rosidl_typesupport_introspection_cpp\n'}
[1.549959] (robot_interfaces) Command: {'cmd': ['/usr/bin/cmake', '--install', '/data2/Brinda/Documents/Reports/ROS2/my_ros2_workspace/build/robot_interfaces'], 'cwd': '/data2/Brinda/Documents/Reports/ROS2/my_ros2_workspace/build/robot_interfaces', 'env': OrderedDict([('LESSOPEN', '| /usr/bin/lesspipe %s'), ('CONDA_PROMPT_MODIFIER', ''), ('LANGUAGE', 'en_IN:en'), ('USER', 'bs5'), ('XDG_SESSION_TYPE', 'x11'), ('SHLVL', '1'), ('LD_LIBRARY_PATH', '/data2/Brinda/Documents/Reports/ROS2/my_ros2_workspace/install/robot_interfaces/lib:/usr/lib/x86_64-linux-gnu/gazebo-11/plugins:/opt/ros/humble/opt/rviz_ogre_vendor/lib:/opt/ros/humble/lib/x86_64-linux-gnu:/opt/ros/humble/lib'), ('HOME', '/home/bs5'), ('CONDA_SHLVL', '0'), ('OLDPWD', '/data2/Brinda/Documents/Reports/ROS2/my_ros2_workspace/src'), ('DESKTOP_SESSION', 'ubuntu'), ('NVM_BIN', '/home/bs5/.nvm/versions/node/v20.20.2/bin'), ('NVM_INC', '/home/bs5/.nvm/versions/node/v20.20.2/include/node'), ('ROS_PYTHON_VERSION', '3'), ('GNOME_SHELL_SESSION_MODE', 'ubuntu'), ('GTK_MODULES', 'gail:atk-bridge'), ('SYSTEMD_EXEC_PID', '5725'), ('DBUS_SESSION_BUS_ADDRESS', 'unix:path=/run/user/1000/bus'), ('COLORTERM', 'truecolor'), ('_CE_M', ''), ('_CONDA_ROOT', '/home/bs5/miniconda3'), ('NVM_DIR', '/home/bs5/.nvm'), ('COLCON_PREFIX_PATH', '/data2/Brinda/Documents/Reports/ROS2/my_ros2_workspace/install'), ('ROS_DISTRO', 'humble'), ('GTK_IM_MODULE', 'ibus'), ('LOGNAME', 'bs5'), ('_', '/usr/bin/colcon'), ('ROS_VERSION', '2'), ('XDG_SESSION_CLASS', 'user'), ('USERNAME', 'bs5'), ('TERM', 'xterm-256color'), ('GNOME_DESKTOP_SESSION_ID', 'this-is-deprecated'), ('_CE_CONDA', ''), ('ROS_LOCALHOST_ONLY', '0'), ('WINDOWPATH', '2'), ('PATH', '/home/bs5/.nvm/versions/node/v20.20.2/bin:/opt/ros/humble/bin:/home/bs5/miniconda3/condabin:/home/bs5/.cargo/bin:/home/bs5/.local/bin:/usr/local/sbin:/usr/local/bin:/usr/sbin:/usr/bin:/sbin:/bin:/usr/games:/usr/local/games:/snap/bin:/snap/bin:/home/bs5/Android/Sdk/platform-tools:/home/bs5/Android/Sdk/cmdline-tools/latest/bin:/home/bs5/Android/Sdk/emulator'), ('SESSION_MANAGER', 'local/bs5:@/tmp/.ICE-unix/5702,unix/bs5:/tmp/.ICE-unix/5702'), ('XDG_MENU_PREFIX', 'gnome-'), ('GNOME_TERMINAL_SCREEN', '/org/gnome/Terminal/screen/3418588d_47ae_4043_8ec0_03e6b07c931b'), ('XDG_RUNTIME_DIR', '/run/user/1000'), ('DISPLAY', ':1'), ('LANG', 'en_US.UTF-8'), ('XDG_CURRENT_DESKTOP', 'ubuntu:GNOME'), ('CONDA_PREFIX_1', ''), ('XMODIFIERS', '@im=ibus'), ('XDG_SESSION_DESKTOP', 'ubuntu'), ('XAUTHORITY', '/run/user/1000/gdm/Xauthority'), ('LS_COLORS', 'rs=0:di=01;34:ln=01;36:mh=00:pi=40;33:so=01;35:do=01;35:bd=40;33;01:cd=40;33;01:or=40;31;01:mi=00:su=37;41:sg=30;43:ca=30;41:tw=30;42:ow=34;42:st=37;44:ex=01;32:*.tar=01;31:*.tgz=01;31:*.arc=01;31:*.arj=01;31:*.taz=01;31:*.lha=01;31:*.lz4=01;31:*.lzh=01;31:*.lzma=01;31:*.tlz=01;31:*.txz=01;31:*.tzo=01;31:*.t7z=01;31:*.zip=01;31:*.z=01;31:*.dz=01;31:*.gz=01;31:*.lrz=01;31:*.lz=01;31:*.lzo=01;31:*.xz=01;31:*.zst=01;31:*.tzst=01;31:*.bz2=01;31:*.bz=01;31:*.tbz=01;31:*.tbz2=01;31:*.tz=01;31:*.deb=01;31:*.rpm=01;31:*.jar=01;31:*.war=01;31:*.ear=01;31:*.sar=01;31:*.rar=01;31:*.alz=01;31:*.ace=01;31:*.zoo=01;31:*.cpio=01;31:*.7z=01;31:*.rz=01;31:*.cab=01;31:*.wim=01;31:*.swm=01;31:*.dwm=01;31:*.esd=01;31:*.jpg=01;35:*.jpeg=01;35:*.mjpg=01;35:*.mjpeg=01;35:*.gif=01;35:*.bmp=01;35:*.pbm=01;35:*.pgm=01;35:*.ppm=01;35:*.tga=01;35:*.xbm=01;35:*.xpm=01;35:*.tif=01;35:*.tiff=01;35:*.png=01;35:*.svg=01;35:*.svgz=01;35:*.mng=01;35:*.pcx=01;35:*.mov=01;35:*.mpg=01;35:*.mpeg=01;35:*.m2v=01;35:*.mkv=01;35:*.webm=01;35:*.webp=01;35:*.ogm=01;35:*.mp4=01;35:*.m4v=01;35:*.mp4v=01;35:*.vob=01;35:*.qt=01;35:*.nuv=01;35:*.wmv=01;35:*.asf=01;35:*.rm=01;35:*.rmvb=01;35:*.flc=01;35:*.avi=01;35:*.fli=01;35:*.flv=01;35:*.gl=01;35:*.dl=01;35:*.xcf=01;35:*.xwd=01;35:*.yuv=01;35:*.cgm=01;35:*.emf=01;35:*.ogv=01;35:*.ogx=01;35:*.aac=00;36:*.au=00;36:*.flac=00;36:*.m4a=00;36:*.mid=00;36:*.midi=00;36:*.mka=00;36:*.mp3=00;36:*.mpc=00;36:*.ogg=00;36:*.ra=00;36:*.wav=00;36:*.oga=00;36:*.opus=00;36:*.spx=00;36:*.xspf=00;36:'), ('GNOME_TERMINAL_SERVICE', ':1.166'), ('CONDA_PREFIX_2', ''), ('SSH_AGENT_LAUNCHER', 'gnome-keyring'), ('SSH_AUTH_SOCK', '/run/user/1000/keyring/ssh'), ('XML_CATALOG_FILES', 'file:///home/bs5/miniconda3/envs/my_workspace/etc/xml/catalog file:///etc/xml/catalog file:///home/bs5/miniconda3/envs/my_workspace/etc/xml/catalog file:///etc/xml/catalog'), ('AMENT_PREFIX_PATH', '/data2/Brinda/Documents/Reports/ROS2/my_ros2_workspace/install/robot_interfaces:/opt/ros/humble'), ('CONDA_PYTHON_EXE', '/home/bs5/miniconda3/bin/python'), ('CONDA_PREFIX_3', ''), ('SHELL', '/bin/bash'), ('QT_ACCESSIBILITY', '1'), ('GDMSESSION', 'ubuntu'), ('LESSCLOSE', '/usr/bin/lesspipe %s %s'), ('CONDA_DEFAULT_ENV', ''), ('GPG_AGENT_INFO', '/run/user/1000/gnupg/S.gpg-agent:0:1'), ('_CONDA_EXE', '/home/bs5/miniconda3/bin/conda'), ('ANDROID_SDK_ROOT', '/home/bs5/Android/Sdk'), ('QT_IM_MODULE', 'ibus'), ('PWD', '/data2/Brinda/Documents/Reports/ROS2/my_ros2_workspace/build/robot_interfaces'), ('LC_ALL', 'en_US.UTF-8'), ('XDG_CONFIG_DIRS', '/etc/xdg/xdg-ubuntu:/etc/xdg'), ('CONDA_EXE', '/home/bs5/miniconda3/bin/conda'), ('ANDROID_HOME', '/home/bs5/Android/Sdk'), ('NVM_CD_FLAGS', ''), ('XDG_DATA_DIRS', '/usr/share/ubuntu:/usr/share/gnome:/usr/local/share/:/usr/share/:/var/lib/snapd/desktop'), ('PYTHONPATH', '/data2/Brinda/Documents/Reports/ROS2/my_ros2_workspace/install/robot_interfaces/local/lib/python3.10/dist-packages:/opt/ros/humble/lib/python3.10/site-packages:/opt/ros/humble/local/lib/python3.10/dist-packages'), ('CONDA_PREFIX', ''), ('COLCON', '1'), ('VTE_VERSION', '6800'), ('CMAKE_PREFIX_PATH', '/data2/Brinda/Documents/Reports/ROS2/my_ros2_workspace/install/robot_interfaces:/opt/ros/humble')]), 'shell': False}
[1.583815] (my_cpp_pkg) StdoutLine: {'line': b'-- Found rmw_implementation_cmake: 6.1.2 (/opt/ros/humble/share/rmw_implementation_cmake/cmake)\n'}
[1.586846] (my_cpp_pkg) StdoutLine: {'line': b'-- Found rmw_fastrtps_cpp: 6.2.10 (/opt/ros/humble/share/rmw_fastrtps_cpp/cmake)\n'}
[1.640448] (-) TimerEvent: {}
[1.683261] (my_cpp_pkg) StdoutLine: {'line': b'-- Found OpenSSL: /usr/lib/x86_64-linux-gnu/libcrypto.so (found version "3.0.2")  \n'}
[1.704284] (basic_gazebo_robot) CommandEnded: {'returncode': 0}
[1.704764] (basic_gazebo_robot) JobProgress: {'identifier': 'basic_gazebo_robot', 'progress': 'build'}
[1.705094] (basic_gazebo_robot) Command: {'cmd': ['/usr/bin/cmake', '--build', '/data2/Brinda/Documents/Reports/ROS2/my_ros2_workspace/build/basic_gazebo_robot', '--', '-j16', '-l16'], 'cwd': '/data2/Brinda/Documents/Reports/ROS2/my_ros2_workspace/build/basic_gazebo_robot', 'env': OrderedDict([('LESSOPEN', '| /usr/bin/lesspipe %s'), ('CONDA_PROMPT_MODIFIER', ''), ('LANGUAGE', 'en_IN:en'), ('USER', 'bs5'), ('XDG_SESSION_TYPE', 'x11'), ('SHLVL', '1'), ('LD_LIBRARY_PATH', '/data2/Brinda/Documents/Reports/ROS2/my_ros2_workspace/install/robot_interfaces/lib:/usr/lib/x86_64-linux-gnu/gazebo-11/plugins:/opt/ros/humble/opt/rviz_ogre_vendor/lib:/opt/ros/humble/lib/x86_64-linux-gnu:/opt/ros/humble/lib'), ('HOME', '/home/bs5'), ('CONDA_SHLVL', '0'), ('OLDPWD', '/data2/Brinda/Documents/Reports/ROS2/my_ros2_workspace/src'), ('DESKTOP_SESSION', 'ubuntu'), ('NVM_BIN', '/home/bs5/.nvm/versions/node/v20.20.2/bin'), ('NVM_INC', '/home/bs5/.nvm/versions/node/v20.20.2/include/node'), ('ROS_PYTHON_VERSION', '3'), ('GNOME_SHELL_SESSION_MODE', 'ubuntu'), ('GTK_MODULES', 'gail:atk-bridge'), ('SYSTEMD_EXEC_PID', '5725'), ('DBUS_SESSION_BUS_ADDRESS', 'unix:path=/run/user/1000/bus'), ('COLORTERM', 'truecolor'), ('_CE_M', ''), ('_CONDA_ROOT', '/home/bs5/miniconda3'), ('NVM_DIR', '/home/bs5/.nvm'), ('COLCON_PREFIX_PATH', '/data2/Brinda/Documents/Reports/ROS2/my_ros2_workspace/install'), ('ROS_DISTRO', 'humble'), ('GTK_IM_MODULE', 'ibus'), ('LOGNAME', 'bs5'), ('_', '/usr/bin/colcon'), ('ROS_VERSION', '2'), ('XDG_SESSION_CLASS', 'user'), ('USERNAME', 'bs5'), ('TERM', 'xterm-256color'), ('GNOME_DESKTOP_SESSION_ID', 'this-is-deprecated'), ('_CE_CONDA', ''), ('ROS_LOCALHOST_ONLY', '0'), ('WINDOWPATH', '2'), ('PATH', '/home/bs5/.nvm/versions/node/v20.20.2/bin:/opt/ros/humble/bin:/home/bs5/miniconda3/condabin:/home/bs5/.cargo/bin:/home/bs5/.local/bin:/usr/local/sbin:/usr/local/bin:/usr/sbin:/usr/bin:/sbin:/bin:/usr/games:/usr/local/games:/snap/bin:/snap/bin:/home/bs5/Android/Sdk/platform-tools:/home/bs5/Android/Sdk/cmdline-tools/latest/bin:/home/bs5/Android/Sdk/emulator'), ('SESSION_MANAGER', 'local/bs5:@/tmp/.ICE-unix/5702,unix/bs5:/tmp/.ICE-unix/5702'), ('XDG_MENU_PREFIX', 'gnome-'), ('GNOME_TERMINAL_SCREEN', '/org/gnome/Terminal/screen/3418588d_47ae_4043_8ec0_03e6b07c931b'), ('XDG_RUNTIME_DIR', '/run/user/1000'), ('DISPLAY', ':1'), ('LANG', 'en_US.UTF-8'), ('XDG_CURRENT_DESKTOP', 'ubuntu:GNOME'), ('CONDA_PREFIX_1', ''), ('XMODIFIERS', '@im=ibus'), ('XDG_SESSION_DESKTOP', 'ubuntu'), ('XAUTHORITY', '/run/user/1000/gdm/Xauthority'), ('LS_COLORS', 'rs=0:di=01;34:ln=01;36:mh=00:pi=40;33:so=01;35:do=01;35:bd=40;33;01:cd=40;33;01:or=40;31;01:mi=00:su=37;41:sg=30;43:ca=30;41:tw=30;42:ow=34;42:st=37;44:ex=01;32:*.tar=01;31:*.tgz=01;31:*.arc=01;31:*.arj=01;31:*.taz=01;31:*.lha=01;31:*.lz4=01;31:*.lzh=01;31:*.lzma=01;31:*.tlz=01;31:*.txz=01;31:*.tzo=01;31:*.t7z=01;31:*.zip=01;31:*.z=01;31:*.dz=01;31:*.gz=01;31:*.lrz=01;31:*.lz=01;31:*.lzo=01;31:*.xz=01;31:*.zst=01;31:*.tzst=01;31:*.bz2=01;31:*.bz=01;31:*.tbz=01;31:*.tbz2=01;31:*.tz=01;31:*.deb=01;31:*.rpm=01;31:*.jar=01;31:*.war=01;31:*.ear=01;31:*.sar=01;31:*.rar=01;31:*.alz=01;31:*.ace=01;31:*.zoo=01;31:*.cpio=01;31:*.7z=01;31:*.rz=01;31:*.cab=01;31:*.wim=01;31:*.swm=01;31:*.dwm=01;31:*.esd=01;31:*.jpg=01;35:*.jpeg=01;35:*.mjpg=01;35:*.mjpeg=01;35:*.gif=01;35:*.bmp=01;35:*.pbm=01;35:*.pgm=01;35:*.ppm=01;35:*.tga=01;35:*.xbm=01;35:*.xpm=01;35:*.tif=01;35:*.tiff=01;35:*.png=01;35:*.svg=01;35:*.svgz=01;35:*.mng=01;35:*.pcx=01;35:*.mov=01;35:*.mpg=01;35:*.mpeg=01;35:*.m2v=01;35:*.mkv=01;35:*.webm=01;35:*.webp=01;35:*.ogm=01;35:*.mp4=01;35:*.m4v=01;35:*.mp4v=01;35:*.vob=01;35:*.qt=01;35:*.nuv=01;35:*.wmv=01;35:*.asf=01;35:*.rm=01;35:*.rmvb=01;35:*.flc=01;35:*.avi=01;35:*.fli=01;35:*.flv=01;35:*.gl=01;35:*.dl=01;35:*.xcf=01;35:*.xwd=01;35:*.yuv=01;35:*.cgm=01;35:*.emf=01;35:*.ogv=01;35:*.ogx=01;35:*.aac=00;36:*.au=00;36:*.flac=00;36:*.m4a=00;36:*.mid=00;36:*.midi=00;36:*.mka=00;36:*.mp3=00;36:*.mpc=00;36:*.ogg=00;36:*.ra=00;36:*.wav=00;36:*.oga=00;36:*.opus=00;36:*.spx=00;36:*.xspf=00;36:'), ('GNOME_TERMINAL_SERVICE', ':1.166'), ('CONDA_PREFIX_2', ''), ('SSH_AGENT_LAUNCHER', 'gnome-keyring'), ('SSH_AUTH_SOCK', '/run/user/1000/keyring/ssh'), ('XML_CATALOG_FILES', 'file:///home/bs5/miniconda3/envs/my_workspace/etc/xml/catalog file:///etc/xml/catalog file:///home/bs5/miniconda3/envs/my_workspace/etc/xml/catalog file:///etc/xml/catalog'), ('AMENT_PREFIX_PATH', '/data2/Brinda/Documents/Reports/ROS2/my_ros2_workspace/install/robot_interfaces:/opt/ros/humble'), ('CONDA_PYTHON_EXE', '/home/bs5/miniconda3/bin/python'), ('CONDA_PREFIX_3', ''), ('SHELL', '/bin/bash'), ('QT_ACCESSIBILITY', '1'), ('GDMSESSION', 'ubuntu'), ('LESSCLOSE', '/usr/bin/lesspipe %s %s'), ('CONDA_DEFAULT_ENV', ''), ('GPG_AGENT_INFO', '/run/user/1000/gnupg/S.gpg-agent:0:1'), ('_CONDA_EXE', '/home/bs5/miniconda3/bin/conda'), ('ANDROID_SDK_ROOT', '/home/bs5/Android/Sdk'), ('QT_IM_MODULE', 'ibus'), ('PWD', '/data2/Brinda/Documents/Reports/ROS2/my_ros2_workspace/build/basic_gazebo_robot'), ('LC_ALL', 'en_US.UTF-8'), ('XDG_CONFIG_DIRS', '/etc/xdg/xdg-ubuntu:/etc/xdg'), ('CONDA_EXE', '/home/bs5/miniconda3/bin/conda'), ('ANDROID_HOME', '/home/bs5/Android/Sdk'), ('NVM_CD_FLAGS', ''), ('XDG_DATA_DIRS', '/usr/share/ubuntu:/usr/share/gnome:/usr/local/share/:/usr/share/:/var/lib/snapd/desktop'), ('PYTHONPATH', '/data2/Brinda/Documents/Reports/ROS2/my_ros2_workspace/install/robot_interfaces/local/lib/python3.10/dist-packages:/opt/ros/humble/lib/python3.10/site-packages:/opt/ros/humble/local/lib/python3.10/dist-packages'), ('CONDA_PREFIX', ''), ('COLCON', '1'), ('VTE_VERSION', '6800'), ('CMAKE_PREFIX_PATH', '/data2/Brinda/Documents/Reports/ROS2/my_ros2_workspace/install/robot_interfaces:/opt/ros/humble')]), 'shell': False}
[1.706181] (robot_interfaces) StdoutLine: {'line': b'-- Install configuration: ""\n'}
[1.706528] (robot_interfaces) StdoutLine: {'line': b'-- Execute custom install script\n'}
[1.706841] (robot_interfaces) StdoutLine: {'line': b'-- Up-to-date symlink: /data2/Brinda/Documents/Reports/ROS2/my_ros2_workspace/install/robot_interfaces/share/ament_index/resource_index/rosidl_interfaces/robot_interfaces\n'}
[1.707051] (robot_interfaces) StdoutLine: {'line': b'-- Up-to-date symlink: /data2/Brinda/Documents/Reports/ROS2/my_ros2_workspace/install/robot_interfaces/include/robot_interfaces/robot_interfaces/action/detail/robot_task__functions.h\n'}
[1.707242] (robot_interfaces) StdoutLine: {'line': b'-- Up-to-date symlink: /data2/Brinda/Documents/Reports/ROS2/my_ros2_workspace/install/robot_interfaces/include/robot_interfaces/robot_interfaces/action/detail/robot_task__struct.h\n'}
[1.707542] (robot_interfaces) StdoutLine: {'line': b'-- Up-to-date symlink: /data2/Brinda/Documents/Reports/ROS2/my_ros2_workspace/install/robot_interfaces/include/robot_interfaces/robot_interfaces/action/detail/robot_task__type_support.h\n'}
[1.707715] (robot_interfaces) StdoutLine: {'line': b'-- Up-to-date symlink: /data2/Brinda/Documents/Reports/ROS2/my_ros2_workspace/install/robot_interfaces/include/robot_interfaces/robot_interfaces/action/robot_task.h\n'}
[1.707902] (robot_interfaces) StdoutLine: {'line': b'-- Up-to-date symlink: /data2/Brinda/Documents/Reports/ROS2/my_ros2_workspace/install/robot_interfaces/include/robot_interfaces/robot_interfaces/msg/rosidl_generator_c__visibility_control.h\n'}
[1.708115] (robot_interfaces) StdoutLine: {'line': b'-- Up-to-date symlink: /data2/Brinda/Documents/Reports/ROS2/my_ros2_workspace/install/robot_interfaces/share/robot_interfaces/environment/library_path.sh\n'}
[1.708314] (robot_interfaces) StdoutLine: {'line': b'-- Up-to-date symlink: /data2/Brinda/Documents/Reports/ROS2/my_ros2_workspace/install/robot_interfaces/share/robot_interfaces/environment/library_path.dsv\n'}
[1.708785] (robot_interfaces) StdoutLine: {'line': b'-- Up-to-date symlink: /data2/Brinda/Documents/Reports/ROS2/my_ros2_workspace/install/robot_interfaces/include/robot_interfaces/robot_interfaces/action/detail/robot_task__rosidl_typesupport_fastrtps_c.h\n'}
[1.709097] (robot_interfaces) StdoutLine: {'line': b'-- Up-to-date symlink: /data2/Brinda/Documents/Reports/ROS2/my_ros2_workspace/install/robot_interfaces/include/robot_interfaces/robot_interfaces/msg/rosidl_typesupport_fastrtps_c__visibility_control.h\n'}
[1.709409] (robot_interfaces) StdoutLine: {'line': b'-- Up-to-date symlink: /data2/Brinda/Documents/Reports/ROS2/my_ros2_workspace/install/robot_interfaces/include/robot_interfaces/robot_interfaces/action/detail/robot_task__rosidl_typesupport_introspection_c.h\n'}
[1.709660] (robot_interfaces) StdoutLine: {'line': b'-- Up-to-date symlink: /data2/Brinda/Documents/Reports/ROS2/my_ros2_workspace/install/robot_interfaces/include/robot_interfaces/robot_interfaces/msg/rosidl_typesupport_introspection_c__visibility_control.h\n'}
[1.709858] (robot_interfaces) StdoutLine: {'line': b'-- Up-to-date symlink: /data2/Brinda/Documents/Reports/ROS2/my_ros2_workspace/install/robot_interfaces/include/robot_interfaces/robot_interfaces/action/detail/robot_task__builder.hpp\n'}
[1.710041] (robot_interfaces) StdoutLine: {'line': b'-- Up-to-date symlink: /data2/Brinda/Documents/Reports/ROS2/my_ros2_workspace/install/robot_interfaces/include/robot_interfaces/robot_interfaces/action/detail/robot_task__struct.hpp\n'}
[1.710234] (robot_interfaces) StdoutLine: {'line': b'-- Up-to-date symlink: /data2/Brinda/Documents/Reports/ROS2/my_ros2_workspace/install/robot_interfaces/include/robot_interfaces/robot_interfaces/action/detail/robot_task__traits.hpp\n'}
[1.710520] (robot_interfaces) StdoutLine: {'line': b'-- Up-to-date symlink: /data2/Brinda/Documents/Reports/ROS2/my_ros2_workspace/install/robot_interfaces/include/robot_interfaces/robot_interfaces/action/detail/robot_task__type_support.hpp\n'}
[1.710697] (robot_interfaces) StdoutLine: {'line': b'-- Up-to-date symlink: /data2/Brinda/Documents/Reports/ROS2/my_ros2_workspace/install/robot_interfaces/include/robot_interfaces/robot_interfaces/action/robot_task.hpp\n'}
[1.710876] (robot_interfaces) StdoutLine: {'line': b'-- Up-to-date symlink: /data2/Brinda/Documents/Reports/ROS2/my_ros2_workspace/install/robot_interfaces/include/robot_interfaces/robot_interfaces/msg/rosidl_generator_cpp__visibility_control.hpp\n'}
[1.711060] (robot_interfaces) StdoutLine: {'line': b'-- Up-to-date symlink: /data2/Brinda/Documents/Reports/ROS2/my_ros2_workspace/install/robot_interfaces/include/robot_interfaces/robot_interfaces/action/detail/robot_task__rosidl_typesupport_fastrtps_cpp.hpp\n'}
[1.711279] (robot_interfaces) StdoutLine: {'line': b'-- Up-to-date symlink: /data2/Brinda/Documents/Reports/ROS2/my_ros2_workspace/install/robot_interfaces/include/robot_interfaces/robot_interfaces/msg/rosidl_typesupport_fastrtps_cpp__visibility_control.h\n'}
[1.711816] (robot_interfaces) StdoutLine: {'line': b'-- Up-to-date symlink: /data2/Brinda/Documents/Reports/ROS2/my_ros2_workspace/install/robot_interfaces/include/robot_interfaces/robot_interfaces/action/detail/robot_task__rosidl_typesupport_introspection_cpp.hpp\n'}
[1.712010] (robot_interfaces) StdoutLine: {'line': b'-- Up-to-date symlink: /data2/Brinda/Documents/Reports/ROS2/my_ros2_workspace/install/robot_interfaces/share/robot_interfaces/environment/pythonpath.sh\n'}
[1.712358] (robot_interfaces) StdoutLine: {'line': b'-- Up-to-date symlink: /data2/Brinda/Documents/Reports/ROS2/my_ros2_workspace/install/robot_interfaces/share/robot_interfaces/environment/pythonpath.dsv\n'}
[1.712612] (robot_interfaces) StdoutLine: {'line': b'-- Up-to-date symlink: /data2/Brinda/Documents/Reports/ROS2/my_ros2_workspace/install/robot_interfaces/local/lib/python3.10/dist-packages/robot_interfaces-0.0.0-py3.10.egg-info/PKG-INFO\n'}
[1.712825] (robot_interfaces) StdoutLine: {'line': b'-- Up-to-date symlink: /data2/Brinda/Documents/Reports/ROS2/my_ros2_workspace/install/robot_interfaces/local/lib/python3.10/dist-packages/robot_interfaces-0.0.0-py3.10.egg-info/SOURCES.txt\n'}
[1.713024] (robot_interfaces) StdoutLine: {'line': b'-- Up-to-date symlink: /data2/Brinda/Documents/Reports/ROS2/my_ros2_workspace/install/robot_interfaces/local/lib/python3.10/dist-packages/robot_interfaces-0.0.0-py3.10.egg-info/dependency_links.txt\n'}
[1.713344] (robot_interfaces) StdoutLine: {'line': b'-- Up-to-date symlink: /data2/Brinda/Documents/Reports/ROS2/my_ros2_workspace/install/robot_interfaces/local/lib/python3.10/dist-packages/robot_interfaces-0.0.0-py3.10.egg-info/top_level.txt\n'}
[1.713568] (robot_interfaces) StdoutLine: {'line': b'-- Up-to-date symlink: /data2/Brinda/Documents/Reports/ROS2/my_ros2_workspace/install/robot_interfaces/local/lib/python3.10/dist-packages/robot_interfaces/__init__.py\n'}
[1.713736] (robot_interfaces) StdoutLine: {'line': b'-- Up-to-date symlink: /data2/Brinda/Documents/Reports/ROS2/my_ros2_workspace/install/robot_interfaces/local/lib/python3.10/dist-packages/robot_interfaces/_robot_interfaces_s.ep.rosidl_typesupport_c.c\n'}
[1.713889] (robot_interfaces) StdoutLine: {'line': b'-- Up-to-date symlink: /data2/Brinda/Documents/Reports/ROS2/my_ros2_workspace/install/robot_interfaces/local/lib/python3.10/dist-packages/robot_interfaces/_robot_interfaces_s.ep.rosidl_typesupport_fastrtps_c.c\n'}
[1.714084] (robot_interfaces) StdoutLine: {'line': b'-- Up-to-date symlink: /data2/Brinda/Documents/Reports/ROS2/my_ros2_workspace/install/robot_interfaces/local/lib/python3.10/dist-packages/robot_interfaces/_robot_interfaces_s.ep.rosidl_typesupport_introspection_c.c\n'}
[1.714294] (robot_interfaces) StdoutLine: {'line': b'-- Up-to-date symlink: /data2/Brinda/Documents/Reports/ROS2/my_ros2_workspace/install/robot_interfaces/local/lib/python3.10/dist-packages/robot_interfaces/action/__init__.py\n'}
[1.714929] (robot_interfaces) StdoutLine: {'line': b'-- Up-to-date symlink: /data2/Brinda/Documents/Reports/ROS2/my_ros2_workspace/install/robot_interfaces/local/lib/python3.10/dist-packages/robot_interfaces/action/_robot_task.py\n'}
[1.715125] (robot_interfaces) StdoutLine: {'line': b'-- Up-to-date symlink: /data2/Brinda/Documents/Reports/ROS2/my_ros2_workspace/install/robot_interfaces/local/lib/python3.10/dist-packages/robot_interfaces/action/_robot_task_s.c\n'}
[1.715554] (robot_interfaces) StdoutLine: {'line': b'-- Up-to-date symlink: /data2/Brinda/Documents/Reports/ROS2/my_ros2_workspace/install/robot_interfaces/local/lib/python3.10/dist-packages/robot_interfaces/librobot_interfaces__rosidl_generator_py.so\n'}
[1.715735] (robot_interfaces) StdoutLine: {'line': b'-- Up-to-date symlink: /data2/Brinda/Documents/Reports/ROS2/my_ros2_workspace/install/robot_interfaces/local/lib/python3.10/dist-packages/robot_interfaces/robot_interfaces_s__rosidl_typesupport_c.cpython-310-x86_64-linux-gnu.so\n'}
[1.715878] (robot_interfaces) StdoutLine: {'line': b'-- Up-to-date symlink: /data2/Brinda/Documents/Reports/ROS2/my_ros2_workspace/install/robot_interfaces/local/lib/python3.10/dist-packages/robot_interfaces/robot_interfaces_s__rosidl_typesupport_fastrtps_c.cpython-310-x86_64-linux-gnu.so\n'}
[1.715994] (robot_interfaces) StdoutLine: {'line': b'-- Up-to-date symlink: /data2/Brinda/Documents/Reports/ROS2/my_ros2_workspace/install/robot_interfaces/local/lib/python3.10/dist-packages/robot_interfaces/robot_interfaces_s__rosidl_typesupport_introspection_c.cpython-310-x86_64-linux-gnu.so\n'}
[1.716303] (robot_interfaces) StdoutLine: {'line': b'-- Up-to-date symlink: /data2/Brinda/Documents/Reports/ROS2/my_ros2_workspace/install/robot_interfaces/local/lib/python3.10/dist-packages/robot_interfaces/robot_interfaces_s__rosidl_typesupport_fastrtps_c.cpython-310-x86_64-linux-gnu.so\n'}
[1.716423] (robot_interfaces) StdoutLine: {'line': b'-- Up-to-date symlink: /data2/Brinda/Documents/Reports/ROS2/my_ros2_workspace/install/robot_interfaces/local/lib/python3.10/dist-packages/robot_interfaces/robot_interfaces_s__rosidl_typesupport_introspection_c.cpython-310-x86_64-linux-gnu.so\n'}
[1.716528] (robot_interfaces) StdoutLine: {'line': b'-- Up-to-date symlink: /data2/Brinda/Documents/Reports/ROS2/my_ros2_workspace/install/robot_interfaces/local/lib/python3.10/dist-packages/robot_interfaces/robot_interfaces_s__rosidl_typesupport_c.cpython-310-x86_64-linux-gnu.so\n'}
[1.716634] (robot_interfaces) StdoutLine: {'line': b'-- Up-to-date symlink: /data2/Brinda/Documents/Reports/ROS2/my_ros2_workspace/install/robot_interfaces/share/ament_index/resource_index/rust_packages/robot_interfaces\n'}
[1.716751] (robot_interfaces) StdoutLine: {'line': b'-- Up-to-date symlink: /data2/Brinda/Documents/Reports/ROS2/my_ros2_workspace/install/robot_interfaces/share/robot_interfaces/rust/Cargo.toml\n'}
[1.716938] (robot_interfaces) StdoutLine: {'line': b'-- Up-to-date symlink: /data2/Brinda/Documents/Reports/ROS2/my_ros2_workspace/install/robot_interfaces/share/robot_interfaces/rust/build.rs\n'}
[1.717562] (robot_interfaces) StdoutLine: {'line': b'-- Up-to-date symlink: /data2/Brinda/Documents/Reports/ROS2/my_ros2_workspace/install/robot_interfaces/share/robot_interfaces/rust/src/action.rs\n'}
[1.717762] (robot_interfaces) StdoutLine: {'line': b'-- Up-to-date symlink: /data2/Brinda/Documents/Reports/ROS2/my_ros2_workspace/install/robot_interfaces/share/robot_interfaces/rust/src/action/rmw.rs\n'}
[1.718035] (robot_interfaces) StdoutLine: {'line': b'-- Up-to-date symlink: /data2/Brinda/Documents/Reports/ROS2/my_ros2_workspace/install/robot_interfaces/share/robot_interfaces/rust/src/lib.rs\n'}
[1.718226] (robot_interfaces) StdoutLine: {'line': b'-- Up-to-date symlink: /data2/Brinda/Documents/Reports/ROS2/my_ros2_workspace/install/robot_interfaces/share/robot_interfaces/action/RobotTask.idl\n'}
[1.718341] (robot_interfaces) StdoutLine: {'line': b'-- Up-to-date symlink: /data2/Brinda/Documents/Reports/ROS2/my_ros2_workspace/install/robot_interfaces/share/robot_interfaces/action/RobotTask.action\n'}
[1.718443] (robot_interfaces) StdoutLine: {'line': b'-- Up-to-date symlink: /data2/Brinda/Documents/Reports/ROS2/my_ros2_workspace/install/robot_interfaces/share/ament_index/resource_index/package_run_dependencies/robot_interfaces\n'}
[1.718555] (robot_interfaces) StdoutLine: {'line': b'-- Up-to-date symlink: /data2/Brinda/Documents/Reports/ROS2/my_ros2_workspace/install/robot_interfaces/share/ament_index/resource_index/parent_prefix_path/robot_interfaces\n'}
[1.718859] (robot_interfaces) StdoutLine: {'line': b'-- Up-to-date symlink: /data2/Brinda/Documents/Reports/ROS2/my_ros2_workspace/install/robot_interfaces/share/robot_interfaces/environment/ament_prefix_path.sh\n'}
[1.719000] (robot_interfaces) StdoutLine: {'line': b'-- Up-to-date symlink: /data2/Brinda/Documents/Reports/ROS2/my_ros2_workspace/install/robot_interfaces/share/robot_interfaces/environment/ament_prefix_path.dsv\n'}
[1.719125] (robot_interfaces) StdoutLine: {'line': b'-- Up-to-date symlink: /data2/Brinda/Documents/Reports/ROS2/my_ros2_workspace/install/robot_interfaces/share/robot_interfaces/environment/path.sh\n'}
[1.719257] (robot_interfaces) StdoutLine: {'line': b'-- Up-to-date symlink: /data2/Brinda/Documents/Reports/ROS2/my_ros2_workspace/install/robot_interfaces/share/robot_interfaces/environment/path.dsv\n'}
[1.719386] (robot_interfaces) StdoutLine: {'line': b'-- Up-to-date symlink: /data2/Brinda/Documents/Reports/ROS2/my_ros2_workspace/install/robot_interfaces/share/robot_interfaces/local_setup.bash\n'}
[1.720263] (robot_interfaces) StdoutLine: {'line': b'-- Up-to-date symlink: /data2/Brinda/Documents/Reports/ROS2/my_ros2_workspace/install/robot_interfaces/share/robot_interfaces/local_setup.sh\n'}
[1.720597] (robot_interfaces) StdoutLine: {'line': b'-- Up-to-date symlink: /data2/Brinda/Documents/Reports/ROS2/my_ros2_workspace/install/robot_interfaces/share/robot_interfaces/local_setup.zsh\n'}
[1.720913] (robot_interfaces) StdoutLine: {'line': b'-- Up-to-date symlink: /data2/Brinda/Documents/Reports/ROS2/my_ros2_workspace/install/robot_interfaces/share/robot_interfaces/local_setup.dsv\n'}
[1.721186] (robot_interfaces) StdoutLine: {'line': b'-- Symlinking: /data2/Brinda/Documents/Reports/ROS2/my_ros2_workspace/install/robot_interfaces/share/robot_interfaces/package.dsv\n'}
[1.721397] (robot_interfaces) StdoutLine: {'line': b'-- Up-to-date symlink: /data2/Brinda/Documents/Reports/ROS2/my_ros2_workspace/install/robot_interfaces/share/ament_index/resource_index/packages/robot_interfaces\n'}
[1.721634] (robot_interfaces) StdoutLine: {'line': b'-- Up-to-date symlink: /data2/Brinda/Documents/Reports/ROS2/my_ros2_workspace/install/robot_interfaces/share/robot_interfaces/cmake/rosidl_cmake-extras.cmake\n'}
[1.721850] (robot_interfaces) StdoutLine: {'line': b'-- Up-to-date symlink: /data2/Brinda/Documents/Reports/ROS2/my_ros2_workspace/install/robot_interfaces/share/robot_interfaces/cmake/ament_cmake_export_dependencies-extras.cmake\n'}
[1.722255] (robot_interfaces) StdoutLine: {'line': b'-- Up-to-date symlink: /data2/Brinda/Documents/Reports/ROS2/my_ros2_workspace/install/robot_interfaces/share/robot_interfaces/cmake/ament_cmake_export_include_directories-extras.cmake\n'}
[1.722430] (robot_interfaces) StdoutLine: {'line': b'-- Up-to-date symlink: /data2/Brinda/Documents/Reports/ROS2/my_ros2_workspace/install/robot_interfaces/share/robot_interfaces/cmake/ament_cmake_export_libraries-extras.cmake\n'}
[1.722601] (robot_interfaces) StdoutLine: {'line': b'-- Up-to-date symlink: /data2/Brinda/Documents/Reports/ROS2/my_ros2_workspace/install/robot_interfaces/share/robot_interfaces/cmake/ament_cmake_export_targets-extras.cmake\n'}
[1.722776] (robot_interfaces) StdoutLine: {'line': b'-- Up-to-date symlink: /data2/Brinda/Documents/Reports/ROS2/my_ros2_workspace/install/robot_interfaces/share/robot_interfaces/cmake/rosidl_cmake_export_typesupport_targets-extras.cmake\n'}
[1.722989] (robot_interfaces) StdoutLine: {'line': b'-- Up-to-date symlink: /data2/Brinda/Documents/Reports/ROS2/my_ros2_workspace/install/robot_interfaces/share/robot_interfaces/cmake/rosidl_cmake_export_typesupport_libraries-extras.cmake\n'}
[1.723169] (robot_interfaces) StdoutLine: {'line': b'-- Up-to-date symlink: /data2/Brinda/Documents/Reports/ROS2/my_ros2_workspace/install/robot_interfaces/share/robot_interfaces/cmake/robot_interfacesConfig.cmake\n'}
[1.723889] (robot_interfaces) StdoutLine: {'line': b'-- Up-to-date symlink: /data2/Brinda/Documents/Reports/ROS2/my_ros2_workspace/install/robot_interfaces/share/robot_interfaces/cmake/robot_interfacesConfig-version.cmake\n'}
[1.724819] (robot_interfaces) StdoutLine: {'line': b'-- Up-to-date symlink: /data2/Brinda/Documents/Reports/ROS2/my_ros2_workspace/install/robot_interfaces/share/robot_interfaces/package.xml\n'}
[1.725280] (robot_interfaces) StdoutLine: {'line': b'-- Up-to-date: /data2/Brinda/Documents/Reports/ROS2/my_ros2_workspace/install/robot_interfaces/lib/librobot_interfaces__rosidl_generator_c.so\n'}
[1.725557] (robot_interfaces) StdoutLine: {'line': b'-- Up-to-date: /data2/Brinda/Documents/Reports/ROS2/my_ros2_workspace/install/robot_interfaces/lib/librobot_interfaces__rosidl_typesupport_fastrtps_c.so\n'}
[1.725985] (robot_interfaces) StdoutLine: {'line': b'-- Up-to-date: /data2/Brinda/Documents/Reports/ROS2/my_ros2_workspace/install/robot_interfaces/lib/librobot_interfaces__rosidl_typesupport_introspection_c.so\n'}
[1.726230] (robot_interfaces) StdoutLine: {'line': b'-- Up-to-date: /data2/Brinda/Documents/Reports/ROS2/my_ros2_workspace/install/robot_interfaces/lib/librobot_interfaces__rosidl_typesupport_c.so\n'}
[1.726494] (robot_interfaces) StdoutLine: {'line': b'-- Up-to-date: /data2/Brinda/Documents/Reports/ROS2/my_ros2_workspace/install/robot_interfaces/lib/librobot_interfaces__rosidl_typesupport_fastrtps_cpp.so\n'}
[1.726756] (robot_interfaces) StdoutLine: {'line': b'-- Up-to-date: /data2/Brinda/Documents/Reports/ROS2/my_ros2_workspace/install/robot_interfaces/lib/librobot_interfaces__rosidl_typesupport_introspection_cpp.so\n'}
[1.727015] (robot_interfaces) StdoutLine: {'line': b'-- Up-to-date: /data2/Brinda/Documents/Reports/ROS2/my_ros2_workspace/install/robot_interfaces/lib/librobot_interfaces__rosidl_typesupport_cpp.so\n'}
[1.727409] (my_cpp_pkg) StdoutLine: {'line': b'-- Found FastRTPS: /opt/ros/humble/include  \n'}
[1.740511] (robot_interfaces) StdoutLine: {'line': b"Listing '/data2/Brinda/Documents/Reports/ROS2/my_ros2_workspace/install/robot_interfaces/local/lib/python3.10/dist-packages/robot_interfaces'...\n"}
[1.740891] (-) TimerEvent: {}
[1.741074] (robot_interfaces) StdoutLine: {'line': b"Listing '/data2/Brinda/Documents/Reports/ROS2/my_ros2_workspace/install/robot_interfaces/local/lib/python3.10/dist-packages/robot_interfaces/action'...\n"}
[1.749727] (robot_interfaces) StdoutLine: {'line': b'-- Up-to-date: /data2/Brinda/Documents/Reports/ROS2/my_ros2_workspace/install/robot_interfaces/lib/librobot_interfaces__rosidl_generator_py.so\n'}
[1.756549] (robot_interfaces) StdoutLine: {'line': b'-- Up-to-date: /data2/Brinda/Documents/Reports/ROS2/my_ros2_workspace/install/robot_interfaces/share/robot_interfaces/cmake/export_robot_interfaces__rosidl_generator_cExport.cmake\n'}
[1.760035] (robot_interfaces) StdoutLine: {'line': b'-- Up-to-date: /data2/Brinda/Documents/Reports/ROS2/my_ros2_workspace/install/robot_interfaces/share/robot_interfaces/cmake/export_robot_interfaces__rosidl_generator_cExport-noconfig.cmake\n'}
[1.764764] (robot_interfaces) StdoutLine: {'line': b'-- Up-to-date: /data2/Brinda/Documents/Reports/ROS2/my_ros2_workspace/install/robot_interfaces/share/robot_interfaces/cmake/export_robot_interfaces__rosidl_typesupport_fastrtps_cExport.cmake\n'}
[1.767588] (robot_interfaces) StdoutLine: {'line': b'-- Up-to-date: /data2/Brinda/Documents/Reports/ROS2/my_ros2_workspace/install/robot_interfaces/share/robot_interfaces/cmake/export_robot_interfaces__rosidl_typesupport_fastrtps_cExport-noconfig.cmake\n'}
[1.771710] (robot_interfaces) StdoutLine: {'line': b'-- Up-to-date: /data2/Brinda/Documents/Reports/ROS2/my_ros2_workspace/install/robot_interfaces/share/robot_interfaces/cmake/robot_interfaces__rosidl_typesupport_introspection_cExport.cmake\n'}
[1.774146] (robot_interfaces) StdoutLine: {'line': b'-- Up-to-date: /data2/Brinda/Documents/Reports/ROS2/my_ros2_workspace/install/robot_interfaces/share/robot_interfaces/cmake/robot_interfaces__rosidl_typesupport_introspection_cExport-noconfig.cmake\n'}
[1.774466] (my_cpp_pkg) StdoutLine: {'line': b"-- Using RMW implementation 'rmw_fastrtps_cpp' as default\n"}
[1.777664] (robot_interfaces) StdoutLine: {'line': b'-- Up-to-date: /data2/Brinda/Documents/Reports/ROS2/my_ros2_workspace/install/robot_interfaces/share/robot_interfaces/cmake/robot_interfaces__rosidl_typesupport_cExport.cmake\n'}
[1.779566] (robot_interfaces) StdoutLine: {'line': b'-- Up-to-date: /data2/Brinda/Documents/Reports/ROS2/my_ros2_workspace/install/robot_interfaces/share/robot_interfaces/cmake/robot_interfaces__rosidl_typesupport_cExport-noconfig.cmake\n'}
[1.784161] (robot_interfaces) StdoutLine: {'line': b'-- Up-to-date: /data2/Brinda/Documents/Reports/ROS2/my_ros2_workspace/install/robot_interfaces/share/robot_interfaces/cmake/export_robot_interfaces__rosidl_generator_cppExport.cmake\n'}
[1.788202] (robot_interfaces) StdoutLine: {'line': b'-- Up-to-date: /data2/Brinda/Documents/Reports/ROS2/my_ros2_workspace/install/robot_interfaces/share/robot_interfaces/cmake/export_robot_interfaces__rosidl_typesupport_fastrtps_cppExport.cmake\n'}
[1.790289] (robot_interfaces) StdoutLine: {'line': b'-- Up-to-date: /data2/Brinda/Documents/Reports/ROS2/my_ros2_workspace/install/robot_interfaces/share/robot_interfaces/cmake/export_robot_interfaces__rosidl_typesupport_fastrtps_cppExport-noconfig.cmake\n'}
[1.793555] (robot_interfaces) StdoutLine: {'line': b'-- Up-to-date: /data2/Brinda/Documents/Reports/ROS2/my_ros2_workspace/install/robot_interfaces/share/robot_interfaces/cmake/robot_interfaces__rosidl_typesupport_introspection_cppExport.cmake\n'}
[1.795898] (robot_interfaces) StdoutLine: {'line': b'-- Up-to-date: /data2/Brinda/Documents/Reports/ROS2/my_ros2_workspace/install/robot_interfaces/share/robot_interfaces/cmake/robot_interfaces__rosidl_typesupport_introspection_cppExport-noconfig.cmake\n'}
[1.799172] (robot_interfaces) StdoutLine: {'line': b'-- Up-to-date: /data2/Brinda/Documents/Reports/ROS2/my_ros2_workspace/install/robot_interfaces/share/robot_interfaces/cmake/robot_interfaces__rosidl_typesupport_cppExport.cmake\n'}
[1.802252] (robot_interfaces) StdoutLine: {'line': b'-- Up-to-date: /data2/Brinda/Documents/Reports/ROS2/my_ros2_workspace/install/robot_interfaces/share/robot_interfaces/cmake/robot_interfaces__rosidl_typesupport_cppExport-noconfig.cmake\n'}
[1.803936] (my_cpp_pkg) StdoutLine: {'line': b'-- Looking for pthread.h\n'}
[1.805345] (robot_interfaces) StdoutLine: {'line': b'-- Up-to-date: /data2/Brinda/Documents/Reports/ROS2/my_ros2_workspace/install/robot_interfaces/share/robot_interfaces/cmake/export_robot_interfaces__rosidl_generator_pyExport.cmake\n'}
[1.807722] (robot_interfaces) StdoutLine: {'line': b'-- Up-to-date: /data2/Brinda/Documents/Reports/ROS2/my_ros2_workspace/install/robot_interfaces/share/robot_interfaces/cmake/export_robot_interfaces__rosidl_generator_pyExport-noconfig.cmake\n'}
[1.811883] (robot_interfaces) CommandEnded: {'returncode': 0}
[1.840982] (-) TimerEvent: {}
[1.896888] (robot_interfaces) JobEnded: {'identifier': 'robot_interfaces', 'rc': 0}
[1.897970] (robot_action_pkg) JobStarted: {'identifier': 'robot_action_pkg'}
[1.909888] (basic_gazebo_robot) CommandEnded: {'returncode': 0}
[1.910951] (basic_gazebo_robot) JobProgress: {'identifier': 'basic_gazebo_robot', 'progress': 'install'}
[1.911264] (basic_gazebo_robot) Command: {'cmd': ['/usr/bin/cmake', '--install', '/data2/Brinda/Documents/Reports/ROS2/my_ros2_workspace/build/basic_gazebo_robot'], 'cwd': '/data2/Brinda/Documents/Reports/ROS2/my_ros2_workspace/build/basic_gazebo_robot', 'env': OrderedDict([('LESSOPEN', '| /usr/bin/lesspipe %s'), ('CONDA_PROMPT_MODIFIER', ''), ('LANGUAGE', 'en_IN:en'), ('USER', 'bs5'), ('XDG_SESSION_TYPE', 'x11'), ('SHLVL', '1'), ('LD_LIBRARY_PATH', '/data2/Brinda/Documents/Reports/ROS2/my_ros2_workspace/install/robot_interfaces/lib:/usr/lib/x86_64-linux-gnu/gazebo-11/plugins:/opt/ros/humble/opt/rviz_ogre_vendor/lib:/opt/ros/humble/lib/x86_64-linux-gnu:/opt/ros/humble/lib'), ('HOME', '/home/bs5'), ('CONDA_SHLVL', '0'), ('OLDPWD', '/data2/Brinda/Documents/Reports/ROS2/my_ros2_workspace/src'), ('DESKTOP_SESSION', 'ubuntu'), ('NVM_BIN', '/home/bs5/.nvm/versions/node/v20.20.2/bin'), ('NVM_INC', '/home/bs5/.nvm/versions/node/v20.20.2/include/node'), ('ROS_PYTHON_VERSION', '3'), ('GNOME_SHELL_SESSION_MODE', 'ubuntu'), ('GTK_MODULES', 'gail:atk-bridge'), ('SYSTEMD_EXEC_PID', '5725'), ('DBUS_SESSION_BUS_ADDRESS', 'unix:path=/run/user/1000/bus'), ('COLORTERM', 'truecolor'), ('_CE_M', ''), ('_CONDA_ROOT', '/home/bs5/miniconda3'), ('NVM_DIR', '/home/bs5/.nvm'), ('COLCON_PREFIX_PATH', '/data2/Brinda/Documents/Reports/ROS2/my_ros2_workspace/install'), ('ROS_DISTRO', 'humble'), ('GTK_IM_MODULE', 'ibus'), ('LOGNAME', 'bs5'), ('_', '/usr/bin/colcon'), ('ROS_VERSION', '2'), ('XDG_SESSION_CLASS', 'user'), ('USERNAME', 'bs5'), ('TERM', 'xterm-256color'), ('GNOME_DESKTOP_SESSION_ID', 'this-is-deprecated'), ('_CE_CONDA', ''), ('ROS_LOCALHOST_ONLY', '0'), ('WINDOWPATH', '2'), ('PATH', '/home/bs5/.nvm/versions/node/v20.20.2/bin:/opt/ros/humble/bin:/home/bs5/miniconda3/condabin:/home/bs5/.cargo/bin:/home/bs5/.local/bin:/usr/local/sbin:/usr/local/bin:/usr/sbin:/usr/bin:/sbin:/bin:/usr/games:/usr/local/games:/snap/bin:/snap/bin:/home/bs5/Android/Sdk/platform-tools:/home/bs5/Android/Sdk/cmdline-tools/latest/bin:/home/bs5/Android/Sdk/emulator'), ('SESSION_MANAGER', 'local/bs5:@/tmp/.ICE-unix/5702,unix/bs5:/tmp/.ICE-unix/5702'), ('XDG_MENU_PREFIX', 'gnome-'), ('GNOME_TERMINAL_SCREEN', '/org/gnome/Terminal/screen/3418588d_47ae_4043_8ec0_03e6b07c931b'), ('XDG_RUNTIME_DIR', '/run/user/1000'), ('DISPLAY', ':1'), ('LANG', 'en_US.UTF-8'), ('XDG_CURRENT_DESKTOP', 'ubuntu:GNOME'), ('CONDA_PREFIX_1', ''), ('XMODIFIERS', '@im=ibus'), ('XDG_SESSION_DESKTOP', 'ubuntu'), ('XAUTHORITY', '/run/user/1000/gdm/Xauthority'), ('LS_COLORS', 'rs=0:di=01;34:ln=01;36:mh=00:pi=40;33:so=01;35:do=01;35:bd=40;33;01:cd=40;33;01:or=40;31;01:mi=00:su=37;41:sg=30;43:ca=30;41:tw=30;42:ow=34;42:st=37;44:ex=01;32:*.tar=01;31:*.tgz=01;31:*.arc=01;31:*.arj=01;31:*.taz=01;31:*.lha=01;31:*.lz4=01;31:*.lzh=01;31:*.lzma=01;31:*.tlz=01;31:*.txz=01;31:*.tzo=01;31:*.t7z=01;31:*.zip=01;31:*.z=01;31:*.dz=01;31:*.gz=01;31:*.lrz=01;31:*.lz=01;31:*.lzo=01;31:*.xz=01;31:*.zst=01;31:*.tzst=01;31:*.bz2=01;31:*.bz=01;31:*.tbz=01;31:*.tbz2=01;31:*.tz=01;31:*.deb=01;31:*.rpm=01;31:*.jar=01;31:*.war=01;31:*.ear=01;31:*.sar=01;31:*.rar=01;31:*.alz=01;31:*.ace=01;31:*.zoo=01;31:*.cpio=01;31:*.7z=01;31:*.rz=01;31:*.cab=01;31:*.wim=01;31:*.swm=01;31:*.dwm=01;31:*.esd=01;31:*.jpg=01;35:*.jpeg=01;35:*.mjpg=01;35:*.mjpeg=01;35:*.gif=01;35:*.bmp=01;35:*.pbm=01;35:*.pgm=01;35:*.ppm=01;35:*.tga=01;35:*.xbm=01;35:*.xpm=01;35:*.tif=01;35:*.tiff=01;35:*.png=01;35:*.svg=01;35:*.svgz=01;35:*.mng=01;35:*.pcx=01;35:*.mov=01;35:*.mpg=01;35:*.mpeg=01;35:*.m2v=01;35:*.mkv=01;35:*.webm=01;35:*.webp=01;35:*.ogm=01;35:*.mp4=01;35:*.m4v=01;35:*.mp4v=01;35:*.vob=01;35:*.qt=01;35:*.nuv=01;35:*.wmv=01;35:*.asf=01;35:*.rm=01;35:*.rmvb=01;35:*.flc=01;35:*.avi=01;35:*.fli=01;35:*.flv=01;35:*.gl=01;35:*.dl=01;35:*.xcf=01;35:*.xwd=01;35:*.yuv=01;35:*.cgm=01;35:*.emf=01;35:*.ogv=01;35:*.ogx=01;35:*.aac=00;36:*.au=00;36:*.flac=00;36:*.m4a=00;36:*.mid=00;36:*.midi=00;36:*.mka=00;36:*.mp3=00;36:*.mpc=00;36:*.ogg=00;36:*.ra=00;36:*.wav=00;36:*.oga=00;36:*.opus=00;36:*.spx=00;36:*.xspf=00;36:'), ('GNOME_TERMINAL_SERVICE', ':1.166'), ('CONDA_PREFIX_2', ''), ('SSH_AGENT_LAUNCHER', 'gnome-keyring'), ('SSH_AUTH_SOCK', '/run/user/1000/keyring/ssh'), ('XML_CATALOG_FILES', 'file:///home/bs5/miniconda3/envs/my_workspace/etc/xml/catalog file:///etc/xml/catalog file:///home/bs5/miniconda3/envs/my_workspace/etc/xml/catalog file:///etc/xml/catalog'), ('AMENT_PREFIX_PATH', '/data2/Brinda/Documents/Reports/ROS2/my_ros2_workspace/install/robot_interfaces:/opt/ros/humble'), ('CONDA_PYTHON_EXE', '/home/bs5/miniconda3/bin/python'), ('CONDA_PREFIX_3', ''), ('SHELL', '/bin/bash'), ('QT_ACCESSIBILITY', '1'), ('GDMSESSION', 'ubuntu'), ('LESSCLOSE', '/usr/bin/lesspipe %s %s'), ('CONDA_DEFAULT_ENV', ''), ('GPG_AGENT_INFO', '/run/user/1000/gnupg/S.gpg-agent:0:1'), ('_CONDA_EXE', '/home/bs5/miniconda3/bin/conda'), ('ANDROID_SDK_ROOT', '/home/bs5/Android/Sdk'), ('QT_IM_MODULE', 'ibus'), ('PWD', '/data2/Brinda/Documents/Reports/ROS2/my_ros2_workspace/build/basic_gazebo_robot'), ('LC_ALL', 'en_US.UTF-8'), ('XDG_CONFIG_DIRS', '/etc/xdg/xdg-ubuntu:/etc/xdg'), ('CONDA_EXE', '/home/bs5/miniconda3/bin/conda'), ('ANDROID_HOME', '/home/bs5/Android/Sdk'), ('NVM_CD_FLAGS', ''), ('XDG_DATA_DIRS', '/usr/share/ubuntu:/usr/share/gnome:/usr/local/share/:/usr/share/:/var/lib/snapd/desktop'), ('PYTHONPATH', '/data2/Brinda/Documents/Reports/ROS2/my_ros2_workspace/install/robot_interfaces/local/lib/python3.10/dist-packages:/opt/ros/humble/lib/python3.10/site-packages:/opt/ros/humble/local/lib/python3.10/dist-packages'), ('CONDA_PREFIX', ''), ('COLCON', '1'), ('VTE_VERSION', '6800'), ('CMAKE_PREFIX_PATH', '/data2/Brinda/Documents/Reports/ROS2/my_ros2_workspace/install/robot_interfaces:/opt/ros/humble')]), 'shell': False}
[1.925893] (basic_gazebo_robot) StdoutLine: {'line': b'-- Install configuration: ""\n'}
[1.926926] (basic_gazebo_robot) StdoutLine: {'line': b'-- Execute custom install script\n'}
[1.928426] (basic_gazebo_robot) StdoutLine: {'line': b'-- Symlinking: /data2/Brinda/Documents/Reports/ROS2/my_ros2_workspace/install/basic_gazebo_robot/share/ament_index/resource_index/package_run_dependencies/basic_gazebo_robot\n'}
[1.941074] (-) TimerEvent: {}
[1.943301] (basic_gazebo_robot) StdoutLine: {'line': b'-- Symlinking: /data2/Brinda/Documents/Reports/ROS2/my_ros2_workspace/install/basic_gazebo_robot/share/ament_index/resource_index/parent_prefix_path/basic_gazebo_robot\n'}
[1.974893] (basic_gazebo_robot) StdoutLine: {'line': b'-- Symlinking: /data2/Brinda/Documents/Reports/ROS2/my_ros2_workspace/install/basic_gazebo_robot/share/basic_gazebo_robot/environment/ament_prefix_path.sh\n'}
[1.975155] (my_cpp_pkg) StdoutLine: {'line': b'-- Looking for pthread.h - found\n'}
[1.976022] (my_cpp_pkg) StdoutLine: {'line': b'-- Performing Test CMAKE_HAVE_LIBC_PTHREAD\n'}
[1.991092] (basic_gazebo_robot) StdoutLine: {'line': b'-- Symlinking: /data2/Brinda/Documents/Reports/ROS2/my_ros2_workspace/install/basic_gazebo_robot/share/basic_gazebo_robot/environment/ament_prefix_path.dsv\n'}
[2.007564] (basic_gazebo_robot) StdoutLine: {'line': b'-- Symlinking: /data2/Brinda/Documents/Reports/ROS2/my_ros2_workspace/install/basic_gazebo_robot/share/basic_gazebo_robot/environment/path.sh\n'}
[2.024915] (basic_gazebo_robot) StdoutLine: {'line': b'-- Symlinking: /data2/Brinda/Documents/Reports/ROS2/my_ros2_workspace/install/basic_gazebo_robot/share/basic_gazebo_robot/environment/path.dsv\n'}
[2.041167] (-) TimerEvent: {}
[2.042558] (basic_gazebo_robot) StdoutLine: {'line': b'-- Symlinking: /data2/Brinda/Documents/Reports/ROS2/my_ros2_workspace/install/basic_gazebo_robot/share/basic_gazebo_robot/local_setup.bash\n'}
[2.058846] (basic_gazebo_robot) StdoutLine: {'line': b'-- Symlinking: /data2/Brinda/Documents/Reports/ROS2/my_ros2_workspace/install/basic_gazebo_robot/share/basic_gazebo_robot/local_setup.sh\n'}
[2.072107] (basic_gazebo_robot) StdoutLine: {'line': b'-- Symlinking: /data2/Brinda/Documents/Reports/ROS2/my_ros2_workspace/install/basic_gazebo_robot/share/basic_gazebo_robot/local_setup.zsh\n'}
[2.087140] (basic_gazebo_robot) StdoutLine: {'line': b'-- Symlinking: /data2/Brinda/Documents/Reports/ROS2/my_ros2_workspace/install/basic_gazebo_robot/share/basic_gazebo_robot/local_setup.dsv\n'}
[2.100688] (basic_gazebo_robot) StdoutLine: {'line': b'-- Symlinking: /data2/Brinda/Documents/Reports/ROS2/my_ros2_workspace/install/basic_gazebo_robot/share/basic_gazebo_robot/package.dsv\n'}
[2.119550] (basic_gazebo_robot) StdoutLine: {'line': b'-- Symlinking: /data2/Brinda/Documents/Reports/ROS2/my_ros2_workspace/install/basic_gazebo_robot/share/ament_index/resource_index/packages/basic_gazebo_robot\n'}
[2.122418] (my_cpp_pkg) StdoutLine: {'line': b'-- Performing Test CMAKE_HAVE_LIBC_PTHREAD - Success\n'}
[2.123796] (my_cpp_pkg) StdoutLine: {'line': b'-- Found Threads: TRUE  \n'}
[2.135870] (basic_gazebo_robot) StdoutLine: {'line': b'-- Symlinking: /data2/Brinda/Documents/Reports/ROS2/my_ros2_workspace/install/basic_gazebo_robot/share/basic_gazebo_robot/cmake/basic_gazebo_robotConfig.cmake\n'}
[2.141239] (-) TimerEvent: {}
[2.148257] (basic_gazebo_robot) StdoutLine: {'line': b'-- Symlinking: /data2/Brinda/Documents/Reports/ROS2/my_ros2_workspace/install/basic_gazebo_robot/share/basic_gazebo_robot/cmake/basic_gazebo_robotConfig-version.cmake\n'}
[2.162397] (basic_gazebo_robot) StdoutLine: {'line': b'-- Symlinking: /data2/Brinda/Documents/Reports/ROS2/my_ros2_workspace/install/basic_gazebo_robot/share/basic_gazebo_robot/package.xml\n'}
[2.196158] (basic_gazebo_robot) CommandEnded: {'returncode': 0}
[2.241355] (-) TimerEvent: {}
[2.242795] (basic_gazebo_robot) JobEnded: {'identifier': 'basic_gazebo_robot', 'rc': 0}
[2.247411] (robot_comm_pkg) Command: {'cmd': ['/usr/bin/python3', '-W', 'ignore:setup.py install is deprecated', '-W', 'ignore:easy_install command is deprecated', 'setup.py', 'develop', '--editable', '--build-directory', '/data2/Brinda/Documents/Reports/ROS2/my_ros2_workspace/build/robot_comm_pkg/build', '--no-deps', 'symlink_data'], 'cwd': '/data2/Brinda/Documents/Reports/ROS2/my_ros2_workspace/build/robot_comm_pkg', 'env': {'LESSOPEN': '| /usr/bin/lesspipe %s', 'CONDA_PROMPT_MODIFIER': '', 'LANGUAGE': 'en_IN:en', 'USER': 'bs5', 'XDG_SESSION_TYPE': 'x11', 'SHLVL': '1', 'LD_LIBRARY_PATH': '/data2/Brinda/Documents/Reports/ROS2/my_ros2_workspace/install/robot_interfaces/lib:/usr/lib/x86_64-linux-gnu/gazebo-11/plugins:/opt/ros/humble/opt/rviz_ogre_vendor/lib:/opt/ros/humble/lib/x86_64-linux-gnu:/opt/ros/humble/lib', 'HOME': '/home/bs5', 'CONDA_SHLVL': '0', 'OLDPWD': '/data2/Brinda/Documents/Reports/ROS2/my_ros2_workspace/src', 'DESKTOP_SESSION': 'ubuntu', 'NVM_BIN': '/home/bs5/.nvm/versions/node/v20.20.2/bin', 'NVM_INC': '/home/bs5/.nvm/versions/node/v20.20.2/include/node', 'ROS_PYTHON_VERSION': '3', 'GNOME_SHELL_SESSION_MODE': 'ubuntu', 'GTK_MODULES': 'gail:atk-bridge', 'SYSTEMD_EXEC_PID': '5725', 'DBUS_SESSION_BUS_ADDRESS': 'unix:path=/run/user/1000/bus', 'COLORTERM': 'truecolor', '_CE_M': '', '_CONDA_ROOT': '/home/bs5/miniconda3', 'NVM_DIR': '/home/bs5/.nvm', 'COLCON_PREFIX_PATH': '/data2/Brinda/Documents/Reports/ROS2/my_ros2_workspace/install', 'ROS_DISTRO': 'humble', 'GTK_IM_MODULE': 'ibus', 'LOGNAME': 'bs5', '_': '/usr/bin/colcon', 'ROS_VERSION': '2', 'XDG_SESSION_CLASS': 'user', 'USERNAME': 'bs5', 'TERM': 'xterm-256color', 'GNOME_DESKTOP_SESSION_ID': 'this-is-deprecated', '_CE_CONDA': '', 'ROS_LOCALHOST_ONLY': '0', 'WINDOWPATH': '2', 'PATH': '/home/bs5/.nvm/versions/node/v20.20.2/bin:/opt/ros/humble/bin:/home/bs5/miniconda3/condabin:/home/bs5/.cargo/bin:/home/bs5/.local/bin:/usr/local/sbin:/usr/local/bin:/usr/sbin:/usr/bin:/sbin:/bin:/usr/games:/usr/local/games:/snap/bin:/snap/bin:/home/bs5/Android/Sdk/platform-tools:/home/bs5/Android/Sdk/cmdline-tools/latest/bin:/home/bs5/Android/Sdk/emulator', 'SESSION_MANAGER': 'local/bs5:@/tmp/.ICE-unix/5702,unix/bs5:/tmp/.ICE-unix/5702', 'XDG_MENU_PREFIX': 'gnome-', 'GNOME_TERMINAL_SCREEN': '/org/gnome/Terminal/screen/3418588d_47ae_4043_8ec0_03e6b07c931b', 'XDG_RUNTIME_DIR': '/run/user/1000', 'DISPLAY': ':1', 'LANG': 'en_US.UTF-8', 'XDG_CURRENT_DESKTOP': 'ubuntu:GNOME', 'CONDA_PREFIX_1': '', 'XMODIFIERS': '@im=ibus', 'XDG_SESSION_DESKTOP': 'ubuntu', 'XAUTHORITY': '/run/user/1000/gdm/Xauthority', 'LS_COLORS': 'rs=0:di=01;34:ln=01;36:mh=00:pi=40;33:so=01;35:do=01;35:bd=40;33;01:cd=40;33;01:or=40;31;01:mi=00:su=37;41:sg=30;43:ca=30;41:tw=30;42:ow=34;42:st=37;44:ex=01;32:*.tar=01;31:*.tgz=01;31:*.arc=01;31:*.arj=01;31:*.taz=01;31:*.lha=01;31:*.lz4=01;31:*.lzh=01;31:*.lzma=01;31:*.tlz=01;31:*.txz=01;31:*.tzo=01;31:*.t7z=01;31:*.zip=01;31:*.z=01;31:*.dz=01;31:*.gz=01;31:*.lrz=01;31:*.lz=01;31:*.lzo=01;31:*.xz=01;31:*.zst=01;31:*.tzst=01;31:*.bz2=01;31:*.bz=01;31:*.tbz=01;31:*.tbz2=01;31:*.tz=01;31:*.deb=01;31:*.rpm=01;31:*.jar=01;31:*.war=01;31:*.ear=01;31:*.sar=01;31:*.rar=01;31:*.alz=01;31:*.ace=01;31:*.zoo=01;31:*.cpio=01;31:*.7z=01;31:*.rz=01;31:*.cab=01;31:*.wim=01;31:*.swm=01;31:*.dwm=01;31:*.esd=01;31:*.jpg=01;35:*.jpeg=01;35:*.mjpg=01;35:*.mjpeg=01;35:*.gif=01;35:*.bmp=01;35:*.pbm=01;35:*.pgm=01;35:*.ppm=01;35:*.tga=01;35:*.xbm=01;35:*.xpm=01;35:*.tif=01;35:*.tiff=01;35:*.png=01;35:*.svg=01;35:*.svgz=01;35:*.mng=01;35:*.pcx=01;35:*.mov=01;35:*.mpg=01;35:*.mpeg=01;35:*.m2v=01;35:*.mkv=01;35:*.webm=01;35:*.webp=01;35:*.ogm=01;35:*.mp4=01;35:*.m4v=01;35:*.mp4v=01;35:*.vob=01;35:*.qt=01;35:*.nuv=01;35:*.wmv=01;35:*.asf=01;35:*.rm=01;35:*.rmvb=01;35:*.flc=01;35:*.avi=01;35:*.fli=01;35:*.flv=01;35:*.gl=01;35:*.dl=01;35:*.xcf=01;35:*.xwd=01;35:*.yuv=01;35:*.cgm=01;35:*.emf=01;35:*.ogv=01;35:*.ogx=01;35:*.aac=00;36:*.au=00;36:*.flac=00;36:*.m4a=00;36:*.mid=00;36:*.midi=00;36:*.mka=00;36:*.mp3=00;36:*.mpc=00;36:*.ogg=00;36:*.ra=00;36:*.wav=00;36:*.oga=00;36:*.opus=00;36:*.spx=00;36:*.xspf=00;36:', 'GNOME_TERMINAL_SERVICE': ':1.166', 'CONDA_PREFIX_2': '', 'SSH_AGENT_LAUNCHER': 'gnome-keyring', 'SSH_AUTH_SOCK': '/run/user/1000/keyring/ssh', 'XML_CATALOG_FILES': 'file:///home/bs5/miniconda3/envs/my_workspace/etc/xml/catalog file:///etc/xml/catalog file:///home/bs5/miniconda3/envs/my_workspace/etc/xml/catalog file:///etc/xml/catalog', 'AMENT_PREFIX_PATH': '/data2/Brinda/Documents/Reports/ROS2/my_ros2_workspace/install/robot_interfaces:/opt/ros/humble', 'CONDA_PYTHON_EXE': '/home/bs5/miniconda3/bin/python', 'CONDA_PREFIX_3': '', 'SHELL': '/bin/bash', 'QT_ACCESSIBILITY': '1', 'GDMSESSION': 'ubuntu', 'LESSCLOSE': '/usr/bin/lesspipe %s %s', 'CONDA_DEFAULT_ENV': '', 'GPG_AGENT_INFO': '/run/user/1000/gnupg/S.gpg-agent:0:1', '_CONDA_EXE': '/home/bs5/miniconda3/bin/conda', 'ANDROID_SDK_ROOT': '/home/bs5/Android/Sdk', 'QT_IM_MODULE': 'ibus', 'PWD': '/data2/Brinda/Documents/Reports/ROS2/my_ros2_workspace/build/robot_comm_pkg', 'LC_ALL': 'en_US.UTF-8', 'XDG_CONFIG_DIRS': '/etc/xdg/xdg-ubuntu:/etc/xdg', 'CONDA_EXE': '/home/bs5/miniconda3/bin/conda', 'ANDROID_HOME': '/home/bs5/Android/Sdk', 'NVM_CD_FLAGS': '', 'XDG_DATA_DIRS': '/usr/share/ubuntu:/usr/share/gnome:/usr/local/share/:/usr/share/:/var/lib/snapd/desktop', 'PYTHONPATH': '/data2/Brinda/Documents/Reports/ROS2/my_ros2_workspace/build/robot_comm_pkg/prefix_override:/usr/lib/python3/dist-packages/colcon_core/task/python/colcon_distutils_commands:/data2/Brinda/Documents/Reports/ROS2/my_ros2_workspace/install/robot_comm_pkg/lib/python3.10/site-packages:/data2/Brinda/Documents/Reports/ROS2/my_ros2_workspace/install/robot_interfaces/local/lib/python3.10/dist-packages:/opt/ros/humble/lib/python3.10/site-packages:/opt/ros/humble/local/lib/python3.10/dist-packages', 'CONDA_PREFIX': '', 'COLCON': '1', 'VTE_VERSION': '6800', 'CMAKE_PREFIX_PATH': '/data2/Brinda/Documents/Reports/ROS2/my_ros2_workspace/install/robot_interfaces'}, 'shell': False}
[2.272995] (navigation_pkg) Command: {'cmd': ['/usr/bin/python3', '-W', 'ignore:setup.py install is deprecated', '-W', 'ignore:easy_install command is deprecated', 'setup.py', 'develop', '--editable', '--build-directory', '/data2/Brinda/Documents/Reports/ROS2/my_ros2_workspace/build/navigation_pkg/build', '--no-deps', 'symlink_data'], 'cwd': '/data2/Brinda/Documents/Reports/ROS2/my_ros2_workspace/build/navigation_pkg', 'env': {'LESSOPEN': '| /usr/bin/lesspipe %s', 'CONDA_PROMPT_MODIFIER': '', 'LANGUAGE': 'en_IN:en', 'USER': 'bs5', 'XDG_SESSION_TYPE': 'x11', 'SHLVL': '1', 'LD_LIBRARY_PATH': '/data2/Brinda/Documents/Reports/ROS2/my_ros2_workspace/install/robot_interfaces/lib:/usr/lib/x86_64-linux-gnu/gazebo-11/plugins:/opt/ros/humble/opt/rviz_ogre_vendor/lib:/opt/ros/humble/lib/x86_64-linux-gnu:/opt/ros/humble/lib', 'HOME': '/home/bs5', 'CONDA_SHLVL': '0', 'OLDPWD': '/data2/Brinda/Documents/Reports/ROS2/my_ros2_workspace/src', 'DESKTOP_SESSION': 'ubuntu', 'NVM_BIN': '/home/bs5/.nvm/versions/node/v20.20.2/bin', 'NVM_INC': '/home/bs5/.nvm/versions/node/v20.20.2/include/node', 'ROS_PYTHON_VERSION': '3', 'GNOME_SHELL_SESSION_MODE': 'ubuntu', 'GTK_MODULES': 'gail:atk-bridge', 'SYSTEMD_EXEC_PID': '5725', 'DBUS_SESSION_BUS_ADDRESS': 'unix:path=/run/user/1000/bus', 'COLORTERM': 'truecolor', '_CE_M': '', '_CONDA_ROOT': '/home/bs5/miniconda3', 'NVM_DIR': '/home/bs5/.nvm', 'COLCON_PREFIX_PATH': '/data2/Brinda/Documents/Reports/ROS2/my_ros2_workspace/install', 'ROS_DISTRO': 'humble', 'GTK_IM_MODULE': 'ibus', 'LOGNAME': 'bs5', '_': '/usr/bin/colcon', 'ROS_VERSION': '2', 'XDG_SESSION_CLASS': 'user', 'USERNAME': 'bs5', 'TERM': 'xterm-256color', 'GNOME_DESKTOP_SESSION_ID': 'this-is-deprecated', '_CE_CONDA': '', 'ROS_LOCALHOST_ONLY': '0', 'WINDOWPATH': '2', 'PATH': '/home/bs5/.nvm/versions/node/v20.20.2/bin:/opt/ros/humble/bin:/home/bs5/miniconda3/condabin:/home/bs5/.cargo/bin:/home/bs5/.local/bin:/usr/local/sbin:/usr/local/bin:/usr/sbin:/usr/bin:/sbin:/bin:/usr/games:/usr/local/games:/snap/bin:/snap/bin:/home/bs5/Android/Sdk/platform-tools:/home/bs5/Android/Sdk/cmdline-tools/latest/bin:/home/bs5/Android/Sdk/emulator', 'SESSION_MANAGER': 'local/bs5:@/tmp/.ICE-unix/5702,unix/bs5:/tmp/.ICE-unix/5702', 'XDG_MENU_PREFIX': 'gnome-', 'GNOME_TERMINAL_SCREEN': '/org/gnome/Terminal/screen/3418588d_47ae_4043_8ec0_03e6b07c931b', 'XDG_RUNTIME_DIR': '/run/user/1000', 'DISPLAY': ':1', 'LANG': 'en_US.UTF-8', 'XDG_CURRENT_DESKTOP': 'ubuntu:GNOME', 'CONDA_PREFIX_1': '', 'XMODIFIERS': '@im=ibus', 'XDG_SESSION_DESKTOP': 'ubuntu', 'XAUTHORITY': '/run/user/1000/gdm/Xauthority', 'LS_COLORS': 'rs=0:di=01;34:ln=01;36:mh=00:pi=40;33:so=01;35:do=01;35:bd=40;33;01:cd=40;33;01:or=40;31;01:mi=00:su=37;41:sg=30;43:ca=30;41:tw=30;42:ow=34;42:st=37;44:ex=01;32:*.tar=01;31:*.tgz=01;31:*.arc=01;31:*.arj=01;31:*.taz=01;31:*.lha=01;31:*.lz4=01;31:*.lzh=01;31:*.lzma=01;31:*.tlz=01;31:*.txz=01;31:*.tzo=01;31:*.t7z=01;31:*.zip=01;31:*.z=01;31:*.dz=01;31:*.gz=01;31:*.lrz=01;31:*.lz=01;31:*.lzo=01;31:*.xz=01;31:*.zst=01;31:*.tzst=01;31:*.bz2=01;31:*.bz=01;31:*.tbz=01;31:*.tbz2=01;31:*.tz=01;31:*.deb=01;31:*.rpm=01;31:*.jar=01;31:*.war=01;31:*.ear=01;31:*.sar=01;31:*.rar=01;31:*.alz=01;31:*.ace=01;31:*.zoo=01;31:*.cpio=01;31:*.7z=01;31:*.rz=01;31:*.cab=01;31:*.wim=01;31:*.swm=01;31:*.dwm=01;31:*.esd=01;31:*.jpg=01;35:*.jpeg=01;35:*.mjpg=01;35:*.mjpeg=01;35:*.gif=01;35:*.bmp=01;35:*.pbm=01;35:*.pgm=01;35:*.ppm=01;35:*.tga=01;35:*.xbm=01;35:*.xpm=01;35:*.tif=01;35:*.tiff=01;35:*.png=01;35:*.svg=01;35:*.svgz=01;35:*.mng=01;35:*.pcx=01;35:*.mov=01;35:*.mpg=01;35:*.mpeg=01;35:*.m2v=01;35:*.mkv=01;35:*.webm=01;35:*.webp=01;35:*.ogm=01;35:*.mp4=01;35:*.m4v=01;35:*.mp4v=01;35:*.vob=01;35:*.qt=01;35:*.nuv=01;35:*.wmv=01;35:*.asf=01;35:*.rm=01;35:*.rmvb=01;35:*.flc=01;35:*.avi=01;35:*.fli=01;35:*.flv=01;35:*.gl=01;35:*.dl=01;35:*.xcf=01;35:*.xwd=01;35:*.yuv=01;35:*.cgm=01;35:*.emf=01;35:*.ogv=01;35:*.ogx=01;35:*.aac=00;36:*.au=00;36:*.flac=00;36:*.m4a=00;36:*.mid=00;36:*.midi=00;36:*.mka=00;36:*.mp3=00;36:*.mpc=00;36:*.ogg=00;36:*.ra=00;36:*.wav=00;36:*.oga=00;36:*.opus=00;36:*.spx=00;36:*.xspf=00;36:', 'GNOME_TERMINAL_SERVICE': ':1.166', 'CONDA_PREFIX_2': '', 'SSH_AGENT_LAUNCHER': 'gnome-keyring', 'SSH_AUTH_SOCK': '/run/user/1000/keyring/ssh', 'XML_CATALOG_FILES': 'file:///home/bs5/miniconda3/envs/my_workspace/etc/xml/catalog file:///etc/xml/catalog file:///home/bs5/miniconda3/envs/my_workspace/etc/xml/catalog file:///etc/xml/catalog', 'AMENT_PREFIX_PATH': '/data2/Brinda/Documents/Reports/ROS2/my_ros2_workspace/install/robot_interfaces:/opt/ros/humble', 'CONDA_PYTHON_EXE': '/home/bs5/miniconda3/bin/python', 'CONDA_PREFIX_3': '', 'SHELL': '/bin/bash', 'QT_ACCESSIBILITY': '1', 'GDMSESSION': 'ubuntu', 'LESSCLOSE': '/usr/bin/lesspipe %s %s', 'CONDA_DEFAULT_ENV': '', 'GPG_AGENT_INFO': '/run/user/1000/gnupg/S.gpg-agent:0:1', '_CONDA_EXE': '/home/bs5/miniconda3/bin/conda', 'ANDROID_SDK_ROOT': '/home/bs5/Android/Sdk', 'QT_IM_MODULE': 'ibus', 'PWD': '/data2/Brinda/Documents/Reports/ROS2/my_ros2_workspace/build/navigation_pkg', 'LC_ALL': 'en_US.UTF-8', 'XDG_CONFIG_DIRS': '/etc/xdg/xdg-ubuntu:/etc/xdg', 'CONDA_EXE': '/home/bs5/miniconda3/bin/conda', 'ANDROID_HOME': '/home/bs5/Android/Sdk', 'NVM_CD_FLAGS': '', 'XDG_DATA_DIRS': '/usr/share/ubuntu:/usr/share/gnome:/usr/local/share/:/usr/share/:/var/lib/snapd/desktop', 'PYTHONPATH': '/data2/Brinda/Documents/Reports/ROS2/my_ros2_workspace/build/navigation_pkg/prefix_override:/usr/lib/python3/dist-packages/colcon_core/task/python/colcon_distutils_commands:/data2/Brinda/Documents/Reports/ROS2/my_ros2_workspace/install/navigation_pkg/lib/python3.10/site-packages:/data2/Brinda/Documents/Reports/ROS2/my_ros2_workspace/install/robot_interfaces/local/lib/python3.10/dist-packages:/opt/ros/humble/lib/python3.10/site-packages:/opt/ros/humble/local/lib/python3.10/dist-packages', 'CONDA_PREFIX': '', 'COLCON': '1', 'VTE_VERSION': '6800', 'CMAKE_PREFIX_PATH': '/data2/Brinda/Documents/Reports/ROS2/my_ros2_workspace/install/robot_interfaces'}, 'shell': False}
[2.282463] (lidar_pkg) Command: {'cmd': ['/usr/bin/python3', '-W', 'ignore:setup.py install is deprecated', '-W', 'ignore:easy_install command is deprecated', 'setup.py', 'develop', '--editable', '--build-directory', '/data2/Brinda/Documents/Reports/ROS2/my_ros2_workspace/build/lidar_pkg/build', '--no-deps', 'symlink_data'], 'cwd': '/data2/Brinda/Documents/Reports/ROS2/my_ros2_workspace/build/lidar_pkg', 'env': {'LESSOPEN': '| /usr/bin/lesspipe %s', 'CONDA_PROMPT_MODIFIER': '', 'LANGUAGE': 'en_IN:en', 'USER': 'bs5', 'XDG_SESSION_TYPE': 'x11', 'SHLVL': '1', 'LD_LIBRARY_PATH': '/data2/Brinda/Documents/Reports/ROS2/my_ros2_workspace/install/robot_interfaces/lib:/usr/lib/x86_64-linux-gnu/gazebo-11/plugins:/opt/ros/humble/opt/rviz_ogre_vendor/lib:/opt/ros/humble/lib/x86_64-linux-gnu:/opt/ros/humble/lib', 'HOME': '/home/bs5', 'CONDA_SHLVL': '0', 'OLDPWD': '/data2/Brinda/Documents/Reports/ROS2/my_ros2_workspace/src', 'DESKTOP_SESSION': 'ubuntu', 'NVM_BIN': '/home/bs5/.nvm/versions/node/v20.20.2/bin', 'NVM_INC': '/home/bs5/.nvm/versions/node/v20.20.2/include/node', 'ROS_PYTHON_VERSION': '3', 'GNOME_SHELL_SESSION_MODE': 'ubuntu', 'GTK_MODULES': 'gail:atk-bridge', 'SYSTEMD_EXEC_PID': '5725', 'DBUS_SESSION_BUS_ADDRESS': 'unix:path=/run/user/1000/bus', 'COLORTERM': 'truecolor', '_CE_M': '', '_CONDA_ROOT': '/home/bs5/miniconda3', 'NVM_DIR': '/home/bs5/.nvm', 'COLCON_PREFIX_PATH': '/data2/Brinda/Documents/Reports/ROS2/my_ros2_workspace/install', 'ROS_DISTRO': 'humble', 'GTK_IM_MODULE': 'ibus', 'LOGNAME': 'bs5', '_': '/usr/bin/colcon', 'ROS_VERSION': '2', 'XDG_SESSION_CLASS': 'user', 'USERNAME': 'bs5', 'TERM': 'xterm-256color', 'GNOME_DESKTOP_SESSION_ID': 'this-is-deprecated', '_CE_CONDA': '', 'ROS_LOCALHOST_ONLY': '0', 'WINDOWPATH': '2', 'PATH': '/home/bs5/.nvm/versions/node/v20.20.2/bin:/opt/ros/humble/bin:/home/bs5/miniconda3/condabin:/home/bs5/.cargo/bin:/home/bs5/.local/bin:/usr/local/sbin:/usr/local/bin:/usr/sbin:/usr/bin:/sbin:/bin:/usr/games:/usr/local/games:/snap/bin:/snap/bin:/home/bs5/Android/Sdk/platform-tools:/home/bs5/Android/Sdk/cmdline-tools/latest/bin:/home/bs5/Android/Sdk/emulator', 'SESSION_MANAGER': 'local/bs5:@/tmp/.ICE-unix/5702,unix/bs5:/tmp/.ICE-unix/5702', 'XDG_MENU_PREFIX': 'gnome-', 'GNOME_TERMINAL_SCREEN': '/org/gnome/Terminal/screen/3418588d_47ae_4043_8ec0_03e6b07c931b', 'XDG_RUNTIME_DIR': '/run/user/1000', 'DISPLAY': ':1', 'LANG': 'en_US.UTF-8', 'XDG_CURRENT_DESKTOP': 'ubuntu:GNOME', 'CONDA_PREFIX_1': '', 'XMODIFIERS': '@im=ibus', 'XDG_SESSION_DESKTOP': 'ubuntu', 'XAUTHORITY': '/run/user/1000/gdm/Xauthority', 'LS_COLORS': 'rs=0:di=01;34:ln=01;36:mh=00:pi=40;33:so=01;35:do=01;35:bd=40;33;01:cd=40;33;01:or=40;31;01:mi=00:su=37;41:sg=30;43:ca=30;41:tw=30;42:ow=34;42:st=37;44:ex=01;32:*.tar=01;31:*.tgz=01;31:*.arc=01;31:*.arj=01;31:*.taz=01;31:*.lha=01;31:*.lz4=01;31:*.lzh=01;31:*.lzma=01;31:*.tlz=01;31:*.txz=01;31:*.tzo=01;31:*.t7z=01;31:*.zip=01;31:*.z=01;31:*.dz=01;31:*.gz=01;31:*.lrz=01;31:*.lz=01;31:*.lzo=01;31:*.xz=01;31:*.zst=01;31:*.tzst=01;31:*.bz2=01;31:*.bz=01;31:*.tbz=01;31:*.tbz2=01;31:*.tz=01;31:*.deb=01;31:*.rpm=01;31:*.jar=01;31:*.war=01;31:*.ear=01;31:*.sar=01;31:*.rar=01;31:*.alz=01;31:*.ace=01;31:*.zoo=01;31:*.cpio=01;31:*.7z=01;31:*.rz=01;31:*.cab=01;31:*.wim=01;31:*.swm=01;31:*.dwm=01;31:*.esd=01;31:*.jpg=01;35:*.jpeg=01;35:*.mjpg=01;35:*.mjpeg=01;35:*.gif=01;35:*.bmp=01;35:*.pbm=01;35:*.pgm=01;35:*.ppm=01;35:*.tga=01;35:*.xbm=01;35:*.xpm=01;35:*.tif=01;35:*.tiff=01;35:*.png=01;35:*.svg=01;35:*.svgz=01;35:*.mng=01;35:*.pcx=01;35:*.mov=01;35:*.mpg=01;35:*.mpeg=01;35:*.m2v=01;35:*.mkv=01;35:*.webm=01;35:*.webp=01;35:*.ogm=01;35:*.mp4=01;35:*.m4v=01;35:*.mp4v=01;35:*.vob=01;35:*.qt=01;35:*.nuv=01;35:*.wmv=01;35:*.asf=01;35:*.rm=01;35:*.rmvb=01;35:*.flc=01;35:*.avi=01;35:*.fli=01;35:*.flv=01;35:*.gl=01;35:*.dl=01;35:*.xcf=01;35:*.xwd=01;35:*.yuv=01;35:*.cgm=01;35:*.emf=01;35:*.ogv=01;35:*.ogx=01;35:*.aac=00;36:*.au=00;36:*.flac=00;36:*.m4a=00;36:*.mid=00;36:*.midi=00;36:*.mka=00;36:*.mp3=00;36:*.mpc=00;36:*.ogg=00;36:*.ra=00;36:*.wav=00;36:*.oga=00;36:*.opus=00;36:*.spx=00;36:*.xspf=00;36:', 'GNOME_TERMINAL_SERVICE': ':1.166', 'CONDA_PREFIX_2': '', 'SSH_AGENT_LAUNCHER': 'gnome-keyring', 'SSH_AUTH_SOCK': '/run/user/1000/keyring/ssh', 'XML_CATALOG_FILES': 'file:///home/bs5/miniconda3/envs/my_workspace/etc/xml/catalog file:///etc/xml/catalog file:///home/bs5/miniconda3/envs/my_workspace/etc/xml/catalog file:///etc/xml/catalog', 'AMENT_PREFIX_PATH': '/data2/Brinda/Documents/Reports/ROS2/my_ros2_workspace/install/robot_interfaces:/opt/ros/humble', 'CONDA_PYTHON_EXE': '/home/bs5/miniconda3/bin/python', 'CONDA_PREFIX_3': '', 'SHELL': '/bin/bash', 'QT_ACCESSIBILITY': '1', 'GDMSESSION': 'ubuntu', 'LESSCLOSE': '/usr/bin/lesspipe %s %s', 'CONDA_DEFAULT_ENV': '', 'GPG_AGENT_INFO': '/run/user/1000/gnupg/S.gpg-agent:0:1', '_CONDA_EXE': '/home/bs5/miniconda3/bin/conda', 'ANDROID_SDK_ROOT': '/home/bs5/Android/Sdk', 'QT_IM_MODULE': 'ibus', 'PWD': '/data2/Brinda/Documents/Reports/ROS2/my_ros2_workspace/build/lidar_pkg', 'LC_ALL': 'en_US.UTF-8', 'XDG_CONFIG_DIRS': '/etc/xdg/xdg-ubuntu:/etc/xdg', 'CONDA_EXE': '/home/bs5/miniconda3/bin/conda', 'ANDROID_HOME': '/home/bs5/Android/Sdk', 'NVM_CD_FLAGS': '', 'XDG_DATA_DIRS': '/usr/share/ubuntu:/usr/share/gnome:/usr/local/share/:/usr/share/:/var/lib/snapd/desktop', 'PYTHONPATH': '/data2/Brinda/Documents/Reports/ROS2/my_ros2_workspace/build/lidar_pkg/prefix_override:/usr/lib/python3/dist-packages/colcon_core/task/python/colcon_distutils_commands:/data2/Brinda/Documents/Reports/ROS2/my_ros2_workspace/install/lidar_pkg/lib/python3.10/site-packages:/data2/Brinda/Documents/Reports/ROS2/my_ros2_workspace/install/robot_interfaces/local/lib/python3.10/dist-packages:/opt/ros/humble/lib/python3.10/site-packages:/opt/ros/humble/local/lib/python3.10/dist-packages', 'CONDA_PREFIX': '', 'COLCON': '1', 'VTE_VERSION': '6800', 'CMAKE_PREFIX_PATH': '/data2/Brinda/Documents/Reports/ROS2/my_ros2_workspace/install/robot_interfaces'}, 'shell': False}
[2.289761] (camera_pkg) Command: {'cmd': ['/usr/bin/python3', '-W', 'ignore:setup.py install is deprecated', '-W', 'ignore:easy_install command is deprecated', 'setup.py', 'develop', '--editable', '--build-directory', '/data2/Brinda/Documents/Reports/ROS2/my_ros2_workspace/build/camera_pkg/build', '--no-deps', 'symlink_data'], 'cwd': '/data2/Brinda/Documents/Reports/ROS2/my_ros2_workspace/build/camera_pkg', 'env': {'LESSOPEN': '| /usr/bin/lesspipe %s', 'CONDA_PROMPT_MODIFIER': '', 'LANGUAGE': 'en_IN:en', 'USER': 'bs5', 'XDG_SESSION_TYPE': 'x11', 'SHLVL': '1', 'LD_LIBRARY_PATH': '/data2/Brinda/Documents/Reports/ROS2/my_ros2_workspace/install/robot_interfaces/lib:/usr/lib/x86_64-linux-gnu/gazebo-11/plugins:/opt/ros/humble/opt/rviz_ogre_vendor/lib:/opt/ros/humble/lib/x86_64-linux-gnu:/opt/ros/humble/lib', 'HOME': '/home/bs5', 'CONDA_SHLVL': '0', 'OLDPWD': '/data2/Brinda/Documents/Reports/ROS2/my_ros2_workspace/src', 'DESKTOP_SESSION': 'ubuntu', 'NVM_BIN': '/home/bs5/.nvm/versions/node/v20.20.2/bin', 'NVM_INC': '/home/bs5/.nvm/versions/node/v20.20.2/include/node', 'ROS_PYTHON_VERSION': '3', 'GNOME_SHELL_SESSION_MODE': 'ubuntu', 'GTK_MODULES': 'gail:atk-bridge', 'SYSTEMD_EXEC_PID': '5725', 'DBUS_SESSION_BUS_ADDRESS': 'unix:path=/run/user/1000/bus', 'COLORTERM': 'truecolor', '_CE_M': '', '_CONDA_ROOT': '/home/bs5/miniconda3', 'NVM_DIR': '/home/bs5/.nvm', 'COLCON_PREFIX_PATH': '/data2/Brinda/Documents/Reports/ROS2/my_ros2_workspace/install', 'ROS_DISTRO': 'humble', 'GTK_IM_MODULE': 'ibus', 'LOGNAME': 'bs5', '_': '/usr/bin/colcon', 'ROS_VERSION': '2', 'XDG_SESSION_CLASS': 'user', 'USERNAME': 'bs5', 'TERM': 'xterm-256color', 'GNOME_DESKTOP_SESSION_ID': 'this-is-deprecated', '_CE_CONDA': '', 'ROS_LOCALHOST_ONLY': '0', 'WINDOWPATH': '2', 'PATH': '/home/bs5/.nvm/versions/node/v20.20.2/bin:/opt/ros/humble/bin:/home/bs5/miniconda3/condabin:/home/bs5/.cargo/bin:/home/bs5/.local/bin:/usr/local/sbin:/usr/local/bin:/usr/sbin:/usr/bin:/sbin:/bin:/usr/games:/usr/local/games:/snap/bin:/snap/bin:/home/bs5/Android/Sdk/platform-tools:/home/bs5/Android/Sdk/cmdline-tools/latest/bin:/home/bs5/Android/Sdk/emulator', 'SESSION_MANAGER': 'local/bs5:@/tmp/.ICE-unix/5702,unix/bs5:/tmp/.ICE-unix/5702', 'XDG_MENU_PREFIX': 'gnome-', 'GNOME_TERMINAL_SCREEN': '/org/gnome/Terminal/screen/3418588d_47ae_4043_8ec0_03e6b07c931b', 'XDG_RUNTIME_DIR': '/run/user/1000', 'DISPLAY': ':1', 'LANG': 'en_US.UTF-8', 'XDG_CURRENT_DESKTOP': 'ubuntu:GNOME', 'CONDA_PREFIX_1': '', 'XMODIFIERS': '@im=ibus', 'XDG_SESSION_DESKTOP': 'ubuntu', 'XAUTHORITY': '/run/user/1000/gdm/Xauthority', 'LS_COLORS': 'rs=0:di=01;34:ln=01;36:mh=00:pi=40;33:so=01;35:do=01;35:bd=40;33;01:cd=40;33;01:or=40;31;01:mi=00:su=37;41:sg=30;43:ca=30;41:tw=30;42:ow=34;42:st=37;44:ex=01;32:*.tar=01;31:*.tgz=01;31:*.arc=01;31:*.arj=01;31:*.taz=01;31:*.lha=01;31:*.lz4=01;31:*.lzh=01;31:*.lzma=01;31:*.tlz=01;31:*.txz=01;31:*.tzo=01;31:*.t7z=01;31:*.zip=01;31:*.z=01;31:*.dz=01;31:*.gz=01;31:*.lrz=01;31:*.lz=01;31:*.lzo=01;31:*.xz=01;31:*.zst=01;31:*.tzst=01;31:*.bz2=01;31:*.bz=01;31:*.tbz=01;31:*.tbz2=01;31:*.tz=01;31:*.deb=01;31:*.rpm=01;31:*.jar=01;31:*.war=01;31:*.ear=01;31:*.sar=01;31:*.rar=01;31:*.alz=01;31:*.ace=01;31:*.zoo=01;31:*.cpio=01;31:*.7z=01;31:*.rz=01;31:*.cab=01;31:*.wim=01;31:*.swm=01;31:*.dwm=01;31:*.esd=01;31:*.jpg=01;35:*.jpeg=01;35:*.mjpg=01;35:*.mjpeg=01;35:*.gif=01;35:*.bmp=01;35:*.pbm=01;35:*.pgm=01;35:*.ppm=01;35:*.tga=01;35:*.xbm=01;35:*.xpm=01;35:*.tif=01;35:*.tiff=01;35:*.png=01;35:*.svg=01;35:*.svgz=01;35:*.mng=01;35:*.pcx=01;35:*.mov=01;35:*.mpg=01;35:*.mpeg=01;35:*.m2v=01;35:*.mkv=01;35:*.webm=01;35:*.webp=01;35:*.ogm=01;35:*.mp4=01;35:*.m4v=01;35:*.mp4v=01;35:*.vob=01;35:*.qt=01;35:*.nuv=01;35:*.wmv=01;35:*.asf=01;35:*.rm=01;35:*.rmvb=01;35:*.flc=01;35:*.avi=01;35:*.fli=01;35:*.flv=01;35:*.gl=01;35:*.dl=01;35:*.xcf=01;35:*.xwd=01;35:*.yuv=01;35:*.cgm=01;35:*.emf=01;35:*.ogv=01;35:*.ogx=01;35:*.aac=00;36:*.au=00;36:*.flac=00;36:*.m4a=00;36:*.mid=00;36:*.midi=00;36:*.mka=00;36:*.mp3=00;36:*.mpc=00;36:*.ogg=00;36:*.ra=00;36:*.wav=00;36:*.oga=00;36:*.opus=00;36:*.spx=00;36:*.xspf=00;36:', 'GNOME_TERMINAL_SERVICE': ':1.166', 'CONDA_PREFIX_2': '', 'SSH_AGENT_LAUNCHER': 'gnome-keyring', 'SSH_AUTH_SOCK': '/run/user/1000/keyring/ssh', 'XML_CATALOG_FILES': 'file:///home/bs5/miniconda3/envs/my_workspace/etc/xml/catalog file:///etc/xml/catalog file:///home/bs5/miniconda3/envs/my_workspace/etc/xml/catalog file:///etc/xml/catalog', 'AMENT_PREFIX_PATH': '/data2/Brinda/Documents/Reports/ROS2/my_ros2_workspace/install/robot_interfaces:/opt/ros/humble', 'CONDA_PYTHON_EXE': '/home/bs5/miniconda3/bin/python', 'CONDA_PREFIX_3': '', 'SHELL': '/bin/bash', 'QT_ACCESSIBILITY': '1', 'GDMSESSION': 'ubuntu', 'LESSCLOSE': '/usr/bin/lesspipe %s %s', 'CONDA_DEFAULT_ENV': '', 'GPG_AGENT_INFO': '/run/user/1000/gnupg/S.gpg-agent:0:1', '_CONDA_EXE': '/home/bs5/miniconda3/bin/conda', 'ANDROID_SDK_ROOT': '/home/bs5/Android/Sdk', 'QT_IM_MODULE': 'ibus', 'PWD': '/data2/Brinda/Documents/Reports/ROS2/my_ros2_workspace/build/camera_pkg', 'LC_ALL': 'en_US.UTF-8', 'XDG_CONFIG_DIRS': '/etc/xdg/xdg-ubuntu:/etc/xdg', 'CONDA_EXE': '/home/bs5/miniconda3/bin/conda', 'ANDROID_HOME': '/home/bs5/Android/Sdk', 'NVM_CD_FLAGS': '', 'XDG_DATA_DIRS': '/usr/share/ubuntu:/usr/share/gnome:/usr/local/share/:/usr/share/:/var/lib/snapd/desktop', 'PYTHONPATH': '/data2/Brinda/Documents/Reports/ROS2/my_ros2_workspace/build/camera_pkg/prefix_override:/usr/lib/python3/dist-packages/colcon_core/task/python/colcon_distutils_commands:/data2/Brinda/Documents/Reports/ROS2/my_ros2_workspace/install/camera_pkg/lib/python3.10/site-packages:/data2/Brinda/Documents/Reports/ROS2/my_ros2_workspace/install/robot_interfaces/local/lib/python3.10/dist-packages:/opt/ros/humble/lib/python3.10/site-packages:/opt/ros/humble/local/lib/python3.10/dist-packages', 'CONDA_PREFIX': '', 'COLCON': '1', 'VTE_VERSION': '6800', 'CMAKE_PREFIX_PATH': '/data2/Brinda/Documents/Reports/ROS2/my_ros2_workspace/install/robot_interfaces'}, 'shell': False}
[2.296880] (vision_pkg) Command: {'cmd': ['/usr/bin/python3', '-W', 'ignore:setup.py install is deprecated', '-W', 'ignore:easy_install command is deprecated', 'setup.py', 'develop', '--editable', '--build-directory', '/data2/Brinda/Documents/Reports/ROS2/my_ros2_workspace/build/vision_pkg/build', '--no-deps', 'symlink_data'], 'cwd': '/data2/Brinda/Documents/Reports/ROS2/my_ros2_workspace/build/vision_pkg', 'env': {'LESSOPEN': '| /usr/bin/lesspipe %s', 'CONDA_PROMPT_MODIFIER': '', 'LANGUAGE': 'en_IN:en', 'USER': 'bs5', 'XDG_SESSION_TYPE': 'x11', 'SHLVL': '1', 'LD_LIBRARY_PATH': '/data2/Brinda/Documents/Reports/ROS2/my_ros2_workspace/install/robot_interfaces/lib:/usr/lib/x86_64-linux-gnu/gazebo-11/plugins:/opt/ros/humble/opt/rviz_ogre_vendor/lib:/opt/ros/humble/lib/x86_64-linux-gnu:/opt/ros/humble/lib', 'HOME': '/home/bs5', 'CONDA_SHLVL': '0', 'OLDPWD': '/data2/Brinda/Documents/Reports/ROS2/my_ros2_workspace/src', 'DESKTOP_SESSION': 'ubuntu', 'NVM_BIN': '/home/bs5/.nvm/versions/node/v20.20.2/bin', 'NVM_INC': '/home/bs5/.nvm/versions/node/v20.20.2/include/node', 'ROS_PYTHON_VERSION': '3', 'GNOME_SHELL_SESSION_MODE': 'ubuntu', 'GTK_MODULES': 'gail:atk-bridge', 'SYSTEMD_EXEC_PID': '5725', 'DBUS_SESSION_BUS_ADDRESS': 'unix:path=/run/user/1000/bus', 'COLORTERM': 'truecolor', '_CE_M': '', '_CONDA_ROOT': '/home/bs5/miniconda3', 'NVM_DIR': '/home/bs5/.nvm', 'COLCON_PREFIX_PATH': '/data2/Brinda/Documents/Reports/ROS2/my_ros2_workspace/install', 'ROS_DISTRO': 'humble', 'GTK_IM_MODULE': 'ibus', 'LOGNAME': 'bs5', '_': '/usr/bin/colcon', 'ROS_VERSION': '2', 'XDG_SESSION_CLASS': 'user', 'USERNAME': 'bs5', 'TERM': 'xterm-256color', 'GNOME_DESKTOP_SESSION_ID': 'this-is-deprecated', '_CE_CONDA': '', 'ROS_LOCALHOST_ONLY': '0', 'WINDOWPATH': '2', 'PATH': '/home/bs5/.nvm/versions/node/v20.20.2/bin:/opt/ros/humble/bin:/home/bs5/miniconda3/condabin:/home/bs5/.cargo/bin:/home/bs5/.local/bin:/usr/local/sbin:/usr/local/bin:/usr/sbin:/usr/bin:/sbin:/bin:/usr/games:/usr/local/games:/snap/bin:/snap/bin:/home/bs5/Android/Sdk/platform-tools:/home/bs5/Android/Sdk/cmdline-tools/latest/bin:/home/bs5/Android/Sdk/emulator', 'SESSION_MANAGER': 'local/bs5:@/tmp/.ICE-unix/5702,unix/bs5:/tmp/.ICE-unix/5702', 'XDG_MENU_PREFIX': 'gnome-', 'GNOME_TERMINAL_SCREEN': '/org/gnome/Terminal/screen/3418588d_47ae_4043_8ec0_03e6b07c931b', 'XDG_RUNTIME_DIR': '/run/user/1000', 'DISPLAY': ':1', 'LANG': 'en_US.UTF-8', 'XDG_CURRENT_DESKTOP': 'ubuntu:GNOME', 'CONDA_PREFIX_1': '', 'XMODIFIERS': '@im=ibus', 'XDG_SESSION_DESKTOP': 'ubuntu', 'XAUTHORITY': '/run/user/1000/gdm/Xauthority', 'LS_COLORS': 'rs=0:di=01;34:ln=01;36:mh=00:pi=40;33:so=01;35:do=01;35:bd=40;33;01:cd=40;33;01:or=40;31;01:mi=00:su=37;41:sg=30;43:ca=30;41:tw=30;42:ow=34;42:st=37;44:ex=01;32:*.tar=01;31:*.tgz=01;31:*.arc=01;31:*.arj=01;31:*.taz=01;31:*.lha=01;31:*.lz4=01;31:*.lzh=01;31:*.lzma=01;31:*.tlz=01;31:*.txz=01;31:*.tzo=01;31:*.t7z=01;31:*.zip=01;31:*.z=01;31:*.dz=01;31:*.gz=01;31:*.lrz=01;31:*.lz=01;31:*.lzo=01;31:*.xz=01;31:*.zst=01;31:*.tzst=01;31:*.bz2=01;31:*.bz=01;31:*.tbz=01;31:*.tbz2=01;31:*.tz=01;31:*.deb=01;31:*.rpm=01;31:*.jar=01;31:*.war=01;31:*.ear=01;31:*.sar=01;31:*.rar=01;31:*.alz=01;31:*.ace=01;31:*.zoo=01;31:*.cpio=01;31:*.7z=01;31:*.rz=01;31:*.cab=01;31:*.wim=01;31:*.swm=01;31:*.dwm=01;31:*.esd=01;31:*.jpg=01;35:*.jpeg=01;35:*.mjpg=01;35:*.mjpeg=01;35:*.gif=01;35:*.bmp=01;35:*.pbm=01;35:*.pgm=01;35:*.ppm=01;35:*.tga=01;35:*.xbm=01;35:*.xpm=01;35:*.tif=01;35:*.tiff=01;35:*.png=01;35:*.svg=01;35:*.svgz=01;35:*.mng=01;35:*.pcx=01;35:*.mov=01;35:*.mpg=01;35:*.mpeg=01;35:*.m2v=01;35:*.mkv=01;35:*.webm=01;35:*.webp=01;35:*.ogm=01;35:*.mp4=01;35:*.m4v=01;35:*.mp4v=01;35:*.vob=01;35:*.qt=01;35:*.nuv=01;35:*.wmv=01;35:*.asf=01;35:*.rm=01;35:*.rmvb=01;35:*.flc=01;35:*.avi=01;35:*.fli=01;35:*.flv=01;35:*.gl=01;35:*.dl=01;35:*.xcf=01;35:*.xwd=01;35:*.yuv=01;35:*.cgm=01;35:*.emf=01;35:*.ogv=01;35:*.ogx=01;35:*.aac=00;36:*.au=00;36:*.flac=00;36:*.m4a=00;36:*.mid=00;36:*.midi=00;36:*.mka=00;36:*.mp3=00;36:*.mpc=00;36:*.ogg=00;36:*.ra=00;36:*.wav=00;36:*.oga=00;36:*.opus=00;36:*.spx=00;36:*.xspf=00;36:', 'GNOME_TERMINAL_SERVICE': ':1.166', 'CONDA_PREFIX_2': '', 'SSH_AGENT_LAUNCHER': 'gnome-keyring', 'SSH_AUTH_SOCK': '/run/user/1000/keyring/ssh', 'XML_CATALOG_FILES': 'file:///home/bs5/miniconda3/envs/my_workspace/etc/xml/catalog file:///etc/xml/catalog file:///home/bs5/miniconda3/envs/my_workspace/etc/xml/catalog file:///etc/xml/catalog', 'AMENT_PREFIX_PATH': '/data2/Brinda/Documents/Reports/ROS2/my_ros2_workspace/install/robot_interfaces:/opt/ros/humble', 'CONDA_PYTHON_EXE': '/home/bs5/miniconda3/bin/python', 'CONDA_PREFIX_3': '', 'SHELL': '/bin/bash', 'QT_ACCESSIBILITY': '1', 'GDMSESSION': 'ubuntu', 'LESSCLOSE': '/usr/bin/lesspipe %s %s', 'CONDA_DEFAULT_ENV': '', 'GPG_AGENT_INFO': '/run/user/1000/gnupg/S.gpg-agent:0:1', '_CONDA_EXE': '/home/bs5/miniconda3/bin/conda', 'ANDROID_SDK_ROOT': '/home/bs5/Android/Sdk', 'QT_IM_MODULE': 'ibus', 'PWD': '/data2/Brinda/Documents/Reports/ROS2/my_ros2_workspace/build/vision_pkg', 'LC_ALL': 'en_US.UTF-8', 'XDG_CONFIG_DIRS': '/etc/xdg/xdg-ubuntu:/etc/xdg', 'CONDA_EXE': '/home/bs5/miniconda3/bin/conda', 'ANDROID_HOME': '/home/bs5/Android/Sdk', 'NVM_CD_FLAGS': '', 'XDG_DATA_DIRS': '/usr/share/ubuntu:/usr/share/gnome:/usr/local/share/:/usr/share/:/var/lib/snapd/desktop', 'PYTHONPATH': '/data2/Brinda/Documents/Reports/ROS2/my_ros2_workspace/build/vision_pkg/prefix_override:/usr/lib/python3/dist-packages/colcon_core/task/python/colcon_distutils_commands:/data2/Brinda/Documents/Reports/ROS2/my_ros2_workspace/install/vision_pkg/lib/python3.10/site-packages:/data2/Brinda/Documents/Reports/ROS2/my_ros2_workspace/install/robot_interfaces/local/lib/python3.10/dist-packages:/opt/ros/humble/lib/python3.10/site-packages:/opt/ros/humble/local/lib/python3.10/dist-packages', 'CONDA_PREFIX': '', 'COLCON': '1', 'VTE_VERSION': '6800', 'CMAKE_PREFIX_PATH': '/data2/Brinda/Documents/Reports/ROS2/my_ros2_workspace/install/robot_interfaces'}, 'shell': False}
[2.306396] (my_py_pkg) Command: {'cmd': ['/usr/bin/python3', '-W', 'ignore:setup.py install is deprecated', '-W', 'ignore:easy_install command is deprecated', 'setup.py', 'develop', '--editable', '--build-directory', '/data2/Brinda/Documents/Reports/ROS2/my_ros2_workspace/build/my_py_pkg/build', '--no-deps', 'symlink_data'], 'cwd': '/data2/Brinda/Documents/Reports/ROS2/my_ros2_workspace/build/my_py_pkg', 'env': {'LESSOPEN': '| /usr/bin/lesspipe %s', 'CONDA_PROMPT_MODIFIER': '', 'LANGUAGE': 'en_IN:en', 'USER': 'bs5', 'XDG_SESSION_TYPE': 'x11', 'SHLVL': '1', 'LD_LIBRARY_PATH': '/data2/Brinda/Documents/Reports/ROS2/my_ros2_workspace/install/robot_interfaces/lib:/usr/lib/x86_64-linux-gnu/gazebo-11/plugins:/opt/ros/humble/opt/rviz_ogre_vendor/lib:/opt/ros/humble/lib/x86_64-linux-gnu:/opt/ros/humble/lib', 'HOME': '/home/bs5', 'CONDA_SHLVL': '0', 'OLDPWD': '/data2/Brinda/Documents/Reports/ROS2/my_ros2_workspace/src', 'DESKTOP_SESSION': 'ubuntu', 'NVM_BIN': '/home/bs5/.nvm/versions/node/v20.20.2/bin', 'NVM_INC': '/home/bs5/.nvm/versions/node/v20.20.2/include/node', 'ROS_PYTHON_VERSION': '3', 'GNOME_SHELL_SESSION_MODE': 'ubuntu', 'GTK_MODULES': 'gail:atk-bridge', 'SYSTEMD_EXEC_PID': '5725', 'DBUS_SESSION_BUS_ADDRESS': 'unix:path=/run/user/1000/bus', 'COLORTERM': 'truecolor', '_CE_M': '', '_CONDA_ROOT': '/home/bs5/miniconda3', 'NVM_DIR': '/home/bs5/.nvm', 'COLCON_PREFIX_PATH': '/data2/Brinda/Documents/Reports/ROS2/my_ros2_workspace/install', 'ROS_DISTRO': 'humble', 'GTK_IM_MODULE': 'ibus', 'LOGNAME': 'bs5', '_': '/usr/bin/colcon', 'ROS_VERSION': '2', 'XDG_SESSION_CLASS': 'user', 'USERNAME': 'bs5', 'TERM': 'xterm-256color', 'GNOME_DESKTOP_SESSION_ID': 'this-is-deprecated', '_CE_CONDA': '', 'ROS_LOCALHOST_ONLY': '0', 'WINDOWPATH': '2', 'PATH': '/home/bs5/.nvm/versions/node/v20.20.2/bin:/opt/ros/humble/bin:/home/bs5/miniconda3/condabin:/home/bs5/.cargo/bin:/home/bs5/.local/bin:/usr/local/sbin:/usr/local/bin:/usr/sbin:/usr/bin:/sbin:/bin:/usr/games:/usr/local/games:/snap/bin:/snap/bin:/home/bs5/Android/Sdk/platform-tools:/home/bs5/Android/Sdk/cmdline-tools/latest/bin:/home/bs5/Android/Sdk/emulator', 'SESSION_MANAGER': 'local/bs5:@/tmp/.ICE-unix/5702,unix/bs5:/tmp/.ICE-unix/5702', 'XDG_MENU_PREFIX': 'gnome-', 'GNOME_TERMINAL_SCREEN': '/org/gnome/Terminal/screen/3418588d_47ae_4043_8ec0_03e6b07c931b', 'XDG_RUNTIME_DIR': '/run/user/1000', 'DISPLAY': ':1', 'LANG': 'en_US.UTF-8', 'XDG_CURRENT_DESKTOP': 'ubuntu:GNOME', 'CONDA_PREFIX_1': '', 'XMODIFIERS': '@im=ibus', 'XDG_SESSION_DESKTOP': 'ubuntu', 'XAUTHORITY': '/run/user/1000/gdm/Xauthority', 'LS_COLORS': 'rs=0:di=01;34:ln=01;36:mh=00:pi=40;33:so=01;35:do=01;35:bd=40;33;01:cd=40;33;01:or=40;31;01:mi=00:su=37;41:sg=30;43:ca=30;41:tw=30;42:ow=34;42:st=37;44:ex=01;32:*.tar=01;31:*.tgz=01;31:*.arc=01;31:*.arj=01;31:*.taz=01;31:*.lha=01;31:*.lz4=01;31:*.lzh=01;31:*.lzma=01;31:*.tlz=01;31:*.txz=01;31:*.tzo=01;31:*.t7z=01;31:*.zip=01;31:*.z=01;31:*.dz=01;31:*.gz=01;31:*.lrz=01;31:*.lz=01;31:*.lzo=01;31:*.xz=01;31:*.zst=01;31:*.tzst=01;31:*.bz2=01;31:*.bz=01;31:*.tbz=01;31:*.tbz2=01;31:*.tz=01;31:*.deb=01;31:*.rpm=01;31:*.jar=01;31:*.war=01;31:*.ear=01;31:*.sar=01;31:*.rar=01;31:*.alz=01;31:*.ace=01;31:*.zoo=01;31:*.cpio=01;31:*.7z=01;31:*.rz=01;31:*.cab=01;31:*.wim=01;31:*.swm=01;31:*.dwm=01;31:*.esd=01;31:*.jpg=01;35:*.jpeg=01;35:*.mjpg=01;35:*.mjpeg=01;35:*.gif=01;35:*.bmp=01;35:*.pbm=01;35:*.pgm=01;35:*.ppm=01;35:*.tga=01;35:*.xbm=01;35:*.xpm=01;35:*.tif=01;35:*.tiff=01;35:*.png=01;35:*.svg=01;35:*.svgz=01;35:*.mng=01;35:*.pcx=01;35:*.mov=01;35:*.mpg=01;35:*.mpeg=01;35:*.m2v=01;35:*.mkv=01;35:*.webm=01;35:*.webp=01;35:*.ogm=01;35:*.mp4=01;35:*.m4v=01;35:*.mp4v=01;35:*.vob=01;35:*.qt=01;35:*.nuv=01;35:*.wmv=01;35:*.asf=01;35:*.rm=01;35:*.rmvb=01;35:*.flc=01;35:*.avi=01;35:*.fli=01;35:*.flv=01;35:*.gl=01;35:*.dl=01;35:*.xcf=01;35:*.xwd=01;35:*.yuv=01;35:*.cgm=01;35:*.emf=01;35:*.ogv=01;35:*.ogx=01;35:*.aac=00;36:*.au=00;36:*.flac=00;36:*.m4a=00;36:*.mid=00;36:*.midi=00;36:*.mka=00;36:*.mp3=00;36:*.mpc=00;36:*.ogg=00;36:*.ra=00;36:*.wav=00;36:*.oga=00;36:*.opus=00;36:*.spx=00;36:*.xspf=00;36:', 'GNOME_TERMINAL_SERVICE': ':1.166', 'CONDA_PREFIX_2': '', 'SSH_AGENT_LAUNCHER': 'gnome-keyring', 'SSH_AUTH_SOCK': '/run/user/1000/keyring/ssh', 'XML_CATALOG_FILES': 'file:///home/bs5/miniconda3/envs/my_workspace/etc/xml/catalog file:///etc/xml/catalog file:///home/bs5/miniconda3/envs/my_workspace/etc/xml/catalog file:///etc/xml/catalog', 'AMENT_PREFIX_PATH': '/data2/Brinda/Documents/Reports/ROS2/my_ros2_workspace/install/robot_interfaces:/opt/ros/humble', 'CONDA_PYTHON_EXE': '/home/bs5/miniconda3/bin/python', 'CONDA_PREFIX_3': '', 'SHELL': '/bin/bash', 'QT_ACCESSIBILITY': '1', 'GDMSESSION': 'ubuntu', 'LESSCLOSE': '/usr/bin/lesspipe %s %s', 'CONDA_DEFAULT_ENV': '', 'GPG_AGENT_INFO': '/run/user/1000/gnupg/S.gpg-agent:0:1', '_CONDA_EXE': '/home/bs5/miniconda3/bin/conda', 'ANDROID_SDK_ROOT': '/home/bs5/Android/Sdk', 'QT_IM_MODULE': 'ibus', 'PWD': '/data2/Brinda/Documents/Reports/ROS2/my_ros2_workspace/build/my_py_pkg', 'LC_ALL': 'en_US.UTF-8', 'XDG_CONFIG_DIRS': '/etc/xdg/xdg-ubuntu:/etc/xdg', 'CONDA_EXE': '/home/bs5/miniconda3/bin/conda', 'ANDROID_HOME': '/home/bs5/Android/Sdk', 'NVM_CD_FLAGS': '', 'XDG_DATA_DIRS': '/usr/share/ubuntu:/usr/share/gnome:/usr/local/share/:/usr/share/:/var/lib/snapd/desktop', 'PYTHONPATH': '/data2/Brinda/Documents/Reports/ROS2/my_ros2_workspace/build/my_py_pkg/prefix_override:/usr/lib/python3/dist-packages/colcon_core/task/python/colcon_distutils_commands:/data2/Brinda/Documents/Reports/ROS2/my_ros2_workspace/install/my_py_pkg/lib/python3.10/site-packages:/data2/Brinda/Documents/Reports/ROS2/my_ros2_workspace/install/robot_interfaces/local/lib/python3.10/dist-packages:/opt/ros/humble/lib/python3.10/site-packages:/opt/ros/humble/local/lib/python3.10/dist-packages', 'CONDA_PREFIX': '', 'COLCON': '1', 'VTE_VERSION': '6800', 'CMAKE_PREFIX_PATH': '/data2/Brinda/Documents/Reports/ROS2/my_ros2_workspace/install/robot_interfaces'}, 'shell': False}
[2.310041] (my_cpp_pkg) StdoutLine: {'line': b'-- Configuring done\n'}
[2.313221] (robot_control_pkg) Command: {'cmd': ['/usr/bin/python3', '-W', 'ignore:setup.py install is deprecated', '-W', 'ignore:easy_install command is deprecated', 'setup.py', 'develop', '--editable', '--build-directory', '/data2/Brinda/Documents/Reports/ROS2/my_ros2_workspace/build/robot_control_pkg/build', '--no-deps', 'symlink_data'], 'cwd': '/data2/Brinda/Documents/Reports/ROS2/my_ros2_workspace/build/robot_control_pkg', 'env': {'LESSOPEN': '| /usr/bin/lesspipe %s', 'CONDA_PROMPT_MODIFIER': '', 'LANGUAGE': 'en_IN:en', 'USER': 'bs5', 'XDG_SESSION_TYPE': 'x11', 'SHLVL': '1', 'LD_LIBRARY_PATH': '/data2/Brinda/Documents/Reports/ROS2/my_ros2_workspace/install/robot_interfaces/lib:/usr/lib/x86_64-linux-gnu/gazebo-11/plugins:/opt/ros/humble/opt/rviz_ogre_vendor/lib:/opt/ros/humble/lib/x86_64-linux-gnu:/opt/ros/humble/lib', 'HOME': '/home/bs5', 'CONDA_SHLVL': '0', 'OLDPWD': '/data2/Brinda/Documents/Reports/ROS2/my_ros2_workspace/src', 'DESKTOP_SESSION': 'ubuntu', 'NVM_BIN': '/home/bs5/.nvm/versions/node/v20.20.2/bin', 'NVM_INC': '/home/bs5/.nvm/versions/node/v20.20.2/include/node', 'ROS_PYTHON_VERSION': '3', 'GNOME_SHELL_SESSION_MODE': 'ubuntu', 'GTK_MODULES': 'gail:atk-bridge', 'SYSTEMD_EXEC_PID': '5725', 'DBUS_SESSION_BUS_ADDRESS': 'unix:path=/run/user/1000/bus', 'COLORTERM': 'truecolor', '_CE_M': '', '_CONDA_ROOT': '/home/bs5/miniconda3', 'NVM_DIR': '/home/bs5/.nvm', 'COLCON_PREFIX_PATH': '/data2/Brinda/Documents/Reports/ROS2/my_ros2_workspace/install', 'ROS_DISTRO': 'humble', 'GTK_IM_MODULE': 'ibus', 'LOGNAME': 'bs5', '_': '/usr/bin/colcon', 'ROS_VERSION': '2', 'XDG_SESSION_CLASS': 'user', 'USERNAME': 'bs5', 'TERM': 'xterm-256color', 'GNOME_DESKTOP_SESSION_ID': 'this-is-deprecated', '_CE_CONDA': '', 'ROS_LOCALHOST_ONLY': '0', 'WINDOWPATH': '2', 'PATH': '/home/bs5/.nvm/versions/node/v20.20.2/bin:/opt/ros/humble/bin:/home/bs5/miniconda3/condabin:/home/bs5/.cargo/bin:/home/bs5/.local/bin:/usr/local/sbin:/usr/local/bin:/usr/sbin:/usr/bin:/sbin:/bin:/usr/games:/usr/local/games:/snap/bin:/snap/bin:/home/bs5/Android/Sdk/platform-tools:/home/bs5/Android/Sdk/cmdline-tools/latest/bin:/home/bs5/Android/Sdk/emulator', 'SESSION_MANAGER': 'local/bs5:@/tmp/.ICE-unix/5702,unix/bs5:/tmp/.ICE-unix/5702', 'XDG_MENU_PREFIX': 'gnome-', 'GNOME_TERMINAL_SCREEN': '/org/gnome/Terminal/screen/3418588d_47ae_4043_8ec0_03e6b07c931b', 'XDG_RUNTIME_DIR': '/run/user/1000', 'DISPLAY': ':1', 'LANG': 'en_US.UTF-8', 'XDG_CURRENT_DESKTOP': 'ubuntu:GNOME', 'CONDA_PREFIX_1': '', 'XMODIFIERS': '@im=ibus', 'XDG_SESSION_DESKTOP': 'ubuntu', 'XAUTHORITY': '/run/user/1000/gdm/Xauthority', 'LS_COLORS': 'rs=0:di=01;34:ln=01;36:mh=00:pi=40;33:so=01;35:do=01;35:bd=40;33;01:cd=40;33;01:or=40;31;01:mi=00:su=37;41:sg=30;43:ca=30;41:tw=30;42:ow=34;42:st=37;44:ex=01;32:*.tar=01;31:*.tgz=01;31:*.arc=01;31:*.arj=01;31:*.taz=01;31:*.lha=01;31:*.lz4=01;31:*.lzh=01;31:*.lzma=01;31:*.tlz=01;31:*.txz=01;31:*.tzo=01;31:*.t7z=01;31:*.zip=01;31:*.z=01;31:*.dz=01;31:*.gz=01;31:*.lrz=01;31:*.lz=01;31:*.lzo=01;31:*.xz=01;31:*.zst=01;31:*.tzst=01;31:*.bz2=01;31:*.bz=01;31:*.tbz=01;31:*.tbz2=01;31:*.tz=01;31:*.deb=01;31:*.rpm=01;31:*.jar=01;31:*.war=01;31:*.ear=01;31:*.sar=01;31:*.rar=01;31:*.alz=01;31:*.ace=01;31:*.zoo=01;31:*.cpio=01;31:*.7z=01;31:*.rz=01;31:*.cab=01;31:*.wim=01;31:*.swm=01;31:*.dwm=01;31:*.esd=01;31:*.jpg=01;35:*.jpeg=01;35:*.mjpg=01;35:*.mjpeg=01;35:*.gif=01;35:*.bmp=01;35:*.pbm=01;35:*.pgm=01;35:*.ppm=01;35:*.tga=01;35:*.xbm=01;35:*.xpm=01;35:*.tif=01;35:*.tiff=01;35:*.png=01;35:*.svg=01;35:*.svgz=01;35:*.mng=01;35:*.pcx=01;35:*.mov=01;35:*.mpg=01;35:*.mpeg=01;35:*.m2v=01;35:*.mkv=01;35:*.webm=01;35:*.webp=01;35:*.ogm=01;35:*.mp4=01;35:*.m4v=01;35:*.mp4v=01;35:*.vob=01;35:*.qt=01;35:*.nuv=01;35:*.wmv=01;35:*.asf=01;35:*.rm=01;35:*.rmvb=01;35:*.flc=01;35:*.avi=01;35:*.fli=01;35:*.flv=01;35:*.gl=01;35:*.dl=01;35:*.xcf=01;35:*.xwd=01;35:*.yuv=01;35:*.cgm=01;35:*.emf=01;35:*.ogv=01;35:*.ogx=01;35:*.aac=00;36:*.au=00;36:*.flac=00;36:*.m4a=00;36:*.mid=00;36:*.midi=00;36:*.mka=00;36:*.mp3=00;36:*.mpc=00;36:*.ogg=00;36:*.ra=00;36:*.wav=00;36:*.oga=00;36:*.opus=00;36:*.spx=00;36:*.xspf=00;36:', 'GNOME_TERMINAL_SERVICE': ':1.166', 'CONDA_PREFIX_2': '', 'SSH_AGENT_LAUNCHER': 'gnome-keyring', 'SSH_AUTH_SOCK': '/run/user/1000/keyring/ssh', 'XML_CATALOG_FILES': 'file:///home/bs5/miniconda3/envs/my_workspace/etc/xml/catalog file:///etc/xml/catalog file:///home/bs5/miniconda3/envs/my_workspace/etc/xml/catalog file:///etc/xml/catalog', 'AMENT_PREFIX_PATH': '/data2/Brinda/Documents/Reports/ROS2/my_ros2_workspace/install/robot_interfaces:/opt/ros/humble', 'CONDA_PYTHON_EXE': '/home/bs5/miniconda3/bin/python', 'CONDA_PREFIX_3': '', 'SHELL': '/bin/bash', 'QT_ACCESSIBILITY': '1', 'GDMSESSION': 'ubuntu', 'LESSCLOSE': '/usr/bin/lesspipe %s %s', 'CONDA_DEFAULT_ENV': '', 'GPG_AGENT_INFO': '/run/user/1000/gnupg/S.gpg-agent:0:1', '_CONDA_EXE': '/home/bs5/miniconda3/bin/conda', 'ANDROID_SDK_ROOT': '/home/bs5/Android/Sdk', 'QT_IM_MODULE': 'ibus', 'PWD': '/data2/Brinda/Documents/Reports/ROS2/my_ros2_workspace/build/robot_control_pkg', 'LC_ALL': 'en_US.UTF-8', 'XDG_CONFIG_DIRS': '/etc/xdg/xdg-ubuntu:/etc/xdg', 'CONDA_EXE': '/home/bs5/miniconda3/bin/conda', 'ANDROID_HOME': '/home/bs5/Android/Sdk', 'NVM_CD_FLAGS': '', 'XDG_DATA_DIRS': '/usr/share/ubuntu:/usr/share/gnome:/usr/local/share/:/usr/share/:/var/lib/snapd/desktop', 'PYTHONPATH': '/data2/Brinda/Documents/Reports/ROS2/my_ros2_workspace/build/robot_control_pkg/prefix_override:/usr/lib/python3/dist-packages/colcon_core/task/python/colcon_distutils_commands:/data2/Brinda/Documents/Reports/ROS2/my_ros2_workspace/install/robot_control_pkg/lib/python3.10/site-packages:/data2/Brinda/Documents/Reports/ROS2/my_ros2_workspace/install/robot_interfaces/local/lib/python3.10/dist-packages:/opt/ros/humble/lib/python3.10/site-packages:/opt/ros/humble/local/lib/python3.10/dist-packages', 'CONDA_PREFIX': '', 'COLCON': '1', 'VTE_VERSION': '6800', 'CMAKE_PREFIX_PATH': '/data2/Brinda/Documents/Reports/ROS2/my_ros2_workspace/install/robot_interfaces'}, 'shell': False}
[2.322256] (robot_service_pkg) Command: {'cmd': ['/usr/bin/python3', '-W', 'ignore:setup.py install is deprecated', '-W', 'ignore:easy_install command is deprecated', 'setup.py', 'develop', '--editable', '--build-directory', '/data2/Brinda/Documents/Reports/ROS2/my_ros2_workspace/build/robot_service_pkg/build', '--no-deps', 'symlink_data'], 'cwd': '/data2/Brinda/Documents/Reports/ROS2/my_ros2_workspace/build/robot_service_pkg', 'env': {'LESSOPEN': '| /usr/bin/lesspipe %s', 'CONDA_PROMPT_MODIFIER': '', 'LANGUAGE': 'en_IN:en', 'USER': 'bs5', 'XDG_SESSION_TYPE': 'x11', 'SHLVL': '1', 'LD_LIBRARY_PATH': '/data2/Brinda/Documents/Reports/ROS2/my_ros2_workspace/install/robot_interfaces/lib:/usr/lib/x86_64-linux-gnu/gazebo-11/plugins:/opt/ros/humble/opt/rviz_ogre_vendor/lib:/opt/ros/humble/lib/x86_64-linux-gnu:/opt/ros/humble/lib', 'HOME': '/home/bs5', 'CONDA_SHLVL': '0', 'OLDPWD': '/data2/Brinda/Documents/Reports/ROS2/my_ros2_workspace/src', 'DESKTOP_SESSION': 'ubuntu', 'NVM_BIN': '/home/bs5/.nvm/versions/node/v20.20.2/bin', 'NVM_INC': '/home/bs5/.nvm/versions/node/v20.20.2/include/node', 'ROS_PYTHON_VERSION': '3', 'GNOME_SHELL_SESSION_MODE': 'ubuntu', 'GTK_MODULES': 'gail:atk-bridge', 'SYSTEMD_EXEC_PID': '5725', 'DBUS_SESSION_BUS_ADDRESS': 'unix:path=/run/user/1000/bus', 'COLORTERM': 'truecolor', '_CE_M': '', '_CONDA_ROOT': '/home/bs5/miniconda3', 'NVM_DIR': '/home/bs5/.nvm', 'COLCON_PREFIX_PATH': '/data2/Brinda/Documents/Reports/ROS2/my_ros2_workspace/install', 'ROS_DISTRO': 'humble', 'GTK_IM_MODULE': 'ibus', 'LOGNAME': 'bs5', '_': '/usr/bin/colcon', 'ROS_VERSION': '2', 'XDG_SESSION_CLASS': 'user', 'USERNAME': 'bs5', 'TERM': 'xterm-256color', 'GNOME_DESKTOP_SESSION_ID': 'this-is-deprecated', '_CE_CONDA': '', 'ROS_LOCALHOST_ONLY': '0', 'WINDOWPATH': '2', 'PATH': '/home/bs5/.nvm/versions/node/v20.20.2/bin:/opt/ros/humble/bin:/home/bs5/miniconda3/condabin:/home/bs5/.cargo/bin:/home/bs5/.local/bin:/usr/local/sbin:/usr/local/bin:/usr/sbin:/usr/bin:/sbin:/bin:/usr/games:/usr/local/games:/snap/bin:/snap/bin:/home/bs5/Android/Sdk/platform-tools:/home/bs5/Android/Sdk/cmdline-tools/latest/bin:/home/bs5/Android/Sdk/emulator', 'SESSION_MANAGER': 'local/bs5:@/tmp/.ICE-unix/5702,unix/bs5:/tmp/.ICE-unix/5702', 'XDG_MENU_PREFIX': 'gnome-', 'GNOME_TERMINAL_SCREEN': '/org/gnome/Terminal/screen/3418588d_47ae_4043_8ec0_03e6b07c931b', 'XDG_RUNTIME_DIR': '/run/user/1000', 'DISPLAY': ':1', 'LANG': 'en_US.UTF-8', 'XDG_CURRENT_DESKTOP': 'ubuntu:GNOME', 'CONDA_PREFIX_1': '', 'XMODIFIERS': '@im=ibus', 'XDG_SESSION_DESKTOP': 'ubuntu', 'XAUTHORITY': '/run/user/1000/gdm/Xauthority', 'LS_COLORS': 'rs=0:di=01;34:ln=01;36:mh=00:pi=40;33:so=01;35:do=01;35:bd=40;33;01:cd=40;33;01:or=40;31;01:mi=00:su=37;41:sg=30;43:ca=30;41:tw=30;42:ow=34;42:st=37;44:ex=01;32:*.tar=01;31:*.tgz=01;31:*.arc=01;31:*.arj=01;31:*.taz=01;31:*.lha=01;31:*.lz4=01;31:*.lzh=01;31:*.lzma=01;31:*.tlz=01;31:*.txz=01;31:*.tzo=01;31:*.t7z=01;31:*.zip=01;31:*.z=01;31:*.dz=01;31:*.gz=01;31:*.lrz=01;31:*.lz=01;31:*.lzo=01;31:*.xz=01;31:*.zst=01;31:*.tzst=01;31:*.bz2=01;31:*.bz=01;31:*.tbz=01;31:*.tbz2=01;31:*.tz=01;31:*.deb=01;31:*.rpm=01;31:*.jar=01;31:*.war=01;31:*.ear=01;31:*.sar=01;31:*.rar=01;31:*.alz=01;31:*.ace=01;31:*.zoo=01;31:*.cpio=01;31:*.7z=01;31:*.rz=01;31:*.cab=01;31:*.wim=01;31:*.swm=01;31:*.dwm=01;31:*.esd=01;31:*.jpg=01;35:*.jpeg=01;35:*.mjpg=01;35:*.mjpeg=01;35:*.gif=01;35:*.bmp=01;35:*.pbm=01;35:*.pgm=01;35:*.ppm=01;35:*.tga=01;35:*.xbm=01;35:*.xpm=01;35:*.tif=01;35:*.tiff=01;35:*.png=01;35:*.svg=01;35:*.svgz=01;35:*.mng=01;35:*.pcx=01;35:*.mov=01;35:*.mpg=01;35:*.mpeg=01;35:*.m2v=01;35:*.mkv=01;35:*.webm=01;35:*.webp=01;35:*.ogm=01;35:*.mp4=01;35:*.m4v=01;35:*.mp4v=01;35:*.vob=01;35:*.qt=01;35:*.nuv=01;35:*.wmv=01;35:*.asf=01;35:*.rm=01;35:*.rmvb=01;35:*.flc=01;35:*.avi=01;35:*.fli=01;35:*.flv=01;35:*.gl=01;35:*.dl=01;35:*.xcf=01;35:*.xwd=01;35:*.yuv=01;35:*.cgm=01;35:*.emf=01;35:*.ogv=01;35:*.ogx=01;35:*.aac=00;36:*.au=00;36:*.flac=00;36:*.m4a=00;36:*.mid=00;36:*.midi=00;36:*.mka=00;36:*.mp3=00;36:*.mpc=00;36:*.ogg=00;36:*.ra=00;36:*.wav=00;36:*.oga=00;36:*.opus=00;36:*.spx=00;36:*.xspf=00;36:', 'GNOME_TERMINAL_SERVICE': ':1.166', 'CONDA_PREFIX_2': '', 'SSH_AGENT_LAUNCHER': 'gnome-keyring', 'SSH_AUTH_SOCK': '/run/user/1000/keyring/ssh', 'XML_CATALOG_FILES': 'file:///home/bs5/miniconda3/envs/my_workspace/etc/xml/catalog file:///etc/xml/catalog file:///home/bs5/miniconda3/envs/my_workspace/etc/xml/catalog file:///etc/xml/catalog', 'AMENT_PREFIX_PATH': '/data2/Brinda/Documents/Reports/ROS2/my_ros2_workspace/install/robot_interfaces:/opt/ros/humble', 'CONDA_PYTHON_EXE': '/home/bs5/miniconda3/bin/python', 'CONDA_PREFIX_3': '', 'SHELL': '/bin/bash', 'QT_ACCESSIBILITY': '1', 'GDMSESSION': 'ubuntu', 'LESSCLOSE': '/usr/bin/lesspipe %s %s', 'CONDA_DEFAULT_ENV': '', 'GPG_AGENT_INFO': '/run/user/1000/gnupg/S.gpg-agent:0:1', '_CONDA_EXE': '/home/bs5/miniconda3/bin/conda', 'ANDROID_SDK_ROOT': '/home/bs5/Android/Sdk', 'QT_IM_MODULE': 'ibus', 'PWD': '/data2/Brinda/Documents/Reports/ROS2/my_ros2_workspace/build/robot_service_pkg', 'LC_ALL': 'en_US.UTF-8', 'XDG_CONFIG_DIRS': '/etc/xdg/xdg-ubuntu:/etc/xdg', 'CONDA_EXE': '/home/bs5/miniconda3/bin/conda', 'ANDROID_HOME': '/home/bs5/Android/Sdk', 'NVM_CD_FLAGS': '', 'XDG_DATA_DIRS': '/usr/share/ubuntu:/usr/share/gnome:/usr/local/share/:/usr/share/:/var/lib/snapd/desktop', 'PYTHONPATH': '/data2/Brinda/Documents/Reports/ROS2/my_ros2_workspace/build/robot_service_pkg/prefix_override:/usr/lib/python3/dist-packages/colcon_core/task/python/colcon_distutils_commands:/data2/Brinda/Documents/Reports/ROS2/my_ros2_workspace/install/robot_service_pkg/lib/python3.10/site-packages:/data2/Brinda/Documents/Reports/ROS2/my_ros2_workspace/install/robot_interfaces/local/lib/python3.10/dist-packages:/opt/ros/humble/lib/python3.10/site-packages:/opt/ros/humble/local/lib/python3.10/dist-packages', 'CONDA_PREFIX': '', 'COLCON': '1', 'VTE_VERSION': '6800', 'CMAKE_PREFIX_PATH': '/data2/Brinda/Documents/Reports/ROS2/my_ros2_workspace/install/robot_interfaces'}, 'shell': False}
[2.341427] (-) TimerEvent: {}
[2.377172] (my_cpp_pkg) StdoutLine: {'line': b'-- Generating done\n'}
[2.396231] (my_cpp_pkg) StdoutLine: {'line': b'-- Build files have been written to: /data2/Brinda/Documents/Reports/ROS2/my_ros2_workspace/build/my_cpp_pkg\n'}
[2.403535] (my_cpp_pkg) CommandEnded: {'returncode': 0}
[2.404234] (my_cpp_pkg) JobProgress: {'identifier': 'my_cpp_pkg', 'progress': 'build'}
[2.404709] (my_cpp_pkg) Command: {'cmd': ['/usr/bin/cmake', '--build', '/data2/Brinda/Documents/Reports/ROS2/my_ros2_workspace/build/my_cpp_pkg', '--', '-j16', '-l16'], 'cwd': '/data2/Brinda/Documents/Reports/ROS2/my_ros2_workspace/build/my_cpp_pkg', 'env': OrderedDict([('LESSOPEN', '| /usr/bin/lesspipe %s'), ('CONDA_PROMPT_MODIFIER', ''), ('LANGUAGE', 'en_IN:en'), ('USER', 'bs5'), ('XDG_SESSION_TYPE', 'x11'), ('SHLVL', '1'), ('LD_LIBRARY_PATH', '/data2/Brinda/Documents/Reports/ROS2/my_ros2_workspace/install/robot_interfaces/lib:/usr/lib/x86_64-linux-gnu/gazebo-11/plugins:/opt/ros/humble/opt/rviz_ogre_vendor/lib:/opt/ros/humble/lib/x86_64-linux-gnu:/opt/ros/humble/lib'), ('HOME', '/home/bs5'), ('CONDA_SHLVL', '0'), ('OLDPWD', '/data2/Brinda/Documents/Reports/ROS2/my_ros2_workspace/src'), ('DESKTOP_SESSION', 'ubuntu'), ('NVM_BIN', '/home/bs5/.nvm/versions/node/v20.20.2/bin'), ('NVM_INC', '/home/bs5/.nvm/versions/node/v20.20.2/include/node'), ('ROS_PYTHON_VERSION', '3'), ('GNOME_SHELL_SESSION_MODE', 'ubuntu'), ('GTK_MODULES', 'gail:atk-bridge'), ('SYSTEMD_EXEC_PID', '5725'), ('DBUS_SESSION_BUS_ADDRESS', 'unix:path=/run/user/1000/bus'), ('COLORTERM', 'truecolor'), ('_CE_M', ''), ('_CONDA_ROOT', '/home/bs5/miniconda3'), ('NVM_DIR', '/home/bs5/.nvm'), ('COLCON_PREFIX_PATH', '/data2/Brinda/Documents/Reports/ROS2/my_ros2_workspace/install'), ('ROS_DISTRO', 'humble'), ('GTK_IM_MODULE', 'ibus'), ('LOGNAME', 'bs5'), ('_', '/usr/bin/colcon'), ('ROS_VERSION', '2'), ('XDG_SESSION_CLASS', 'user'), ('USERNAME', 'bs5'), ('TERM', 'xterm-256color'), ('GNOME_DESKTOP_SESSION_ID', 'this-is-deprecated'), ('_CE_CONDA', ''), ('ROS_LOCALHOST_ONLY', '0'), ('WINDOWPATH', '2'), ('PATH', '/home/bs5/.nvm/versions/node/v20.20.2/bin:/opt/ros/humble/bin:/home/bs5/miniconda3/condabin:/home/bs5/.cargo/bin:/home/bs5/.local/bin:/usr/local/sbin:/usr/local/bin:/usr/sbin:/usr/bin:/sbin:/bin:/usr/games:/usr/local/games:/snap/bin:/snap/bin:/home/bs5/Android/Sdk/platform-tools:/home/bs5/Android/Sdk/cmdline-tools/latest/bin:/home/bs5/Android/Sdk/emulator'), ('SESSION_MANAGER', 'local/bs5:@/tmp/.ICE-unix/5702,unix/bs5:/tmp/.ICE-unix/5702'), ('XDG_MENU_PREFIX', 'gnome-'), ('GNOME_TERMINAL_SCREEN', '/org/gnome/Terminal/screen/3418588d_47ae_4043_8ec0_03e6b07c931b'), ('XDG_RUNTIME_DIR', '/run/user/1000'), ('DISPLAY', ':1'), ('LANG', 'en_US.UTF-8'), ('XDG_CURRENT_DESKTOP', 'ubuntu:GNOME'), ('CONDA_PREFIX_1', ''), ('XMODIFIERS', '@im=ibus'), ('XDG_SESSION_DESKTOP', 'ubuntu'), ('XAUTHORITY', '/run/user/1000/gdm/Xauthority'), ('LS_COLORS', 'rs=0:di=01;34:ln=01;36:mh=00:pi=40;33:so=01;35:do=01;35:bd=40;33;01:cd=40;33;01:or=40;31;01:mi=00:su=37;41:sg=30;43:ca=30;41:tw=30;42:ow=34;42:st=37;44:ex=01;32:*.tar=01;31:*.tgz=01;31:*.arc=01;31:*.arj=01;31:*.taz=01;31:*.lha=01;31:*.lz4=01;31:*.lzh=01;31:*.lzma=01;31:*.tlz=01;31:*.txz=01;31:*.tzo=01;31:*.t7z=01;31:*.zip=01;31:*.z=01;31:*.dz=01;31:*.gz=01;31:*.lrz=01;31:*.lz=01;31:*.lzo=01;31:*.xz=01;31:*.zst=01;31:*.tzst=01;31:*.bz2=01;31:*.bz=01;31:*.tbz=01;31:*.tbz2=01;31:*.tz=01;31:*.deb=01;31:*.rpm=01;31:*.jar=01;31:*.war=01;31:*.ear=01;31:*.sar=01;31:*.rar=01;31:*.alz=01;31:*.ace=01;31:*.zoo=01;31:*.cpio=01;31:*.7z=01;31:*.rz=01;31:*.cab=01;31:*.wim=01;31:*.swm=01;31:*.dwm=01;31:*.esd=01;31:*.jpg=01;35:*.jpeg=01;35:*.mjpg=01;35:*.mjpeg=01;35:*.gif=01;35:*.bmp=01;35:*.pbm=01;35:*.pgm=01;35:*.ppm=01;35:*.tga=01;35:*.xbm=01;35:*.xpm=01;35:*.tif=01;35:*.tiff=01;35:*.png=01;35:*.svg=01;35:*.svgz=01;35:*.mng=01;35:*.pcx=01;35:*.mov=01;35:*.mpg=01;35:*.mpeg=01;35:*.m2v=01;35:*.mkv=01;35:*.webm=01;35:*.webp=01;35:*.ogm=01;35:*.mp4=01;35:*.m4v=01;35:*.mp4v=01;35:*.vob=01;35:*.qt=01;35:*.nuv=01;35:*.wmv=01;35:*.asf=01;35:*.rm=01;35:*.rmvb=01;35:*.flc=01;35:*.avi=01;35:*.fli=01;35:*.flv=01;35:*.gl=01;35:*.dl=01;35:*.xcf=01;35:*.xwd=01;35:*.yuv=01;35:*.cgm=01;35:*.emf=01;35:*.ogv=01;35:*.ogx=01;35:*.aac=00;36:*.au=00;36:*.flac=00;36:*.m4a=00;36:*.mid=00;36:*.midi=00;36:*.mka=00;36:*.mp3=00;36:*.mpc=00;36:*.ogg=00;36:*.ra=00;36:*.wav=00;36:*.oga=00;36:*.opus=00;36:*.spx=00;36:*.xspf=00;36:'), ('GNOME_TERMINAL_SERVICE', ':1.166'), ('CONDA_PREFIX_2', ''), ('SSH_AGENT_LAUNCHER', 'gnome-keyring'), ('SSH_AUTH_SOCK', '/run/user/1000/keyring/ssh'), ('XML_CATALOG_FILES', 'file:///home/bs5/miniconda3/envs/my_workspace/etc/xml/catalog file:///etc/xml/catalog file:///home/bs5/miniconda3/envs/my_workspace/etc/xml/catalog file:///etc/xml/catalog'), ('AMENT_PREFIX_PATH', '/data2/Brinda/Documents/Reports/ROS2/my_ros2_workspace/install/robot_interfaces:/opt/ros/humble'), ('CONDA_PYTHON_EXE', '/home/bs5/miniconda3/bin/python'), ('CONDA_PREFIX_3', ''), ('SHELL', '/bin/bash'), ('QT_ACCESSIBILITY', '1'), ('GDMSESSION', 'ubuntu'), ('LESSCLOSE', '/usr/bin/lesspipe %s %s'), ('CONDA_DEFAULT_ENV', ''), ('GPG_AGENT_INFO', '/run/user/1000/gnupg/S.gpg-agent:0:1'), ('_CONDA_EXE', '/home/bs5/miniconda3/bin/conda'), ('ANDROID_SDK_ROOT', '/home/bs5/Android/Sdk'), ('QT_IM_MODULE', 'ibus'), ('PWD', '/data2/Brinda/Documents/Reports/ROS2/my_ros2_workspace/build/my_cpp_pkg'), ('LC_ALL', 'en_US.UTF-8'), ('XDG_CONFIG_DIRS', '/etc/xdg/xdg-ubuntu:/etc/xdg'), ('CONDA_EXE', '/home/bs5/miniconda3/bin/conda'), ('ANDROID_HOME', '/home/bs5/Android/Sdk'), ('NVM_CD_FLAGS', ''), ('XDG_DATA_DIRS', '/usr/share/ubuntu:/usr/share/gnome:/usr/local/share/:/usr/share/:/var/lib/snapd/desktop'), ('PYTHONPATH', '/data2/Brinda/Documents/Reports/ROS2/my_ros2_workspace/install/robot_interfaces/local/lib/python3.10/dist-packages:/opt/ros/humble/lib/python3.10/site-packages:/opt/ros/humble/local/lib/python3.10/dist-packages'), ('CONDA_PREFIX', ''), ('COLCON', '1'), ('VTE_VERSION', '6800'), ('CMAKE_PREFIX_PATH', '/data2/Brinda/Documents/Reports/ROS2/my_ros2_workspace/install/robot_interfaces:/opt/ros/humble')]), 'shell': False}
[2.441497] (-) TimerEvent: {}
[2.506128] (my_cpp_pkg) StdoutLine: {'line': b'[ 50%] \x1b[32mBuilding CXX object CMakeFiles/cpp_node.dir/src/my_first_node.cpp.o\x1b[0m\n'}
[2.519824] (robot_comm_pkg) StderrLine: {'line': b'usage: setup.py [global_opts] cmd1 [cmd1_opts] [cmd2 [cmd2_opts] ...]\n'}
[2.520142] (robot_comm_pkg) StderrLine: {'line': b'   or: setup.py --help [cmd1 cmd2 ...]\n'}
[2.520320] (robot_comm_pkg) StderrLine: {'line': b'   or: setup.py --help-commands\n'}
[2.520480] (robot_comm_pkg) StderrLine: {'line': b'   or: setup.py cmd --help\n'}
[2.520633] (robot_comm_pkg) StderrLine: {'line': b'\n'}
[2.520803] (robot_comm_pkg) StderrLine: {'line': b'error: option --editable not recognized\n'}
[2.531239] (my_py_pkg) StderrLine: {'line': b"/home/bs5/.local/lib/python3.10/site-packages/setuptools/_distutils/dist.py:288: UserWarning: Unknown distribution option: 'tests_require'\n"}
[2.531575] (my_py_pkg) StderrLine: {'line': b'  warnings.warn(msg)\n'}
[2.540646] (robot_comm_pkg) CommandEnded: {'returncode': 1}
[2.541215] (robot_comm_pkg) JobEnded: {'identifier': 'robot_comm_pkg', 'rc': 1}
[2.541872] (-) TimerEvent: {}
[2.553099] (lidar_pkg) StderrLine: {'line': b'usage: setup.py [global_opts] cmd1 [cmd1_opts] [cmd2 [cmd2_opts] ...]\n'}
[2.553564] (lidar_pkg) StderrLine: {'line': b'   or: setup.py --help [cmd1 cmd2 ...]\n'}
[2.553789] (lidar_pkg) StderrLine: {'line': b'   or: setup.py --help-commands\n'}
[2.553966] (lidar_pkg) StderrLine: {'line': b'   or: setup.py cmd --help\n'}
[2.554127] (lidar_pkg) StderrLine: {'line': b'\n'}
[2.554287] (lidar_pkg) StderrLine: {'line': b'error: option --editable not recognized\n'}
[2.554448] (vision_pkg) StderrLine: {'line': b'usage: setup.py [global_opts] cmd1 [cmd1_opts] [cmd2 [cmd2_opts] ...]\n'}
[2.554664] (vision_pkg) StderrLine: {'line': b'   or: setup.py --help [cmd1 cmd2 ...]\n'}
[2.554845] (vision_pkg) StderrLine: {'line': b'   or: setup.py --help-commands\n'}
[2.555003] (vision_pkg) StderrLine: {'line': b'   or: setup.py cmd --help\n'}
[2.555191] (vision_pkg) StderrLine: {'line': b'\n'}
[2.555356] (vision_pkg) StderrLine: {'line': b'error: option --editable not recognized\n'}
[2.556833] (robot_control_pkg) StderrLine: {'line': b'usage: setup.py [global_opts] cmd1 [cmd1_opts] [cmd2 [cmd2_opts] ...]\n'}
[2.557129] (robot_control_pkg) StderrLine: {'line': b'   or: setup.py --help [cmd1 cmd2 ...]\n'}
[2.557332] (robot_control_pkg) StderrLine: {'line': b'   or: setup.py --help-commands\n'}
[2.557508] (robot_control_pkg) StderrLine: {'line': b'   or: setup.py cmd --help\n'}
[2.557721] (robot_control_pkg) StderrLine: {'line': b'\n'}
[2.557882] (robot_control_pkg) StderrLine: {'line': b'error: option --editable not recognized\n'}
[2.566351] (camera_pkg) StderrLine: {'line': b'usage: setup.py [global_opts] cmd1 [cmd1_opts] [cmd2 [cmd2_opts] ...]\n'}
[2.566786] (camera_pkg) StderrLine: {'line': b'   or: setup.py --help [cmd1 cmd2 ...]\n'}
[2.566977] (camera_pkg) StderrLine: {'line': b'   or: setup.py --help-commands\n'}
[2.567140] (camera_pkg) StderrLine: {'line': b'   or: setup.py cmd --help\n'}
[2.567332] (camera_pkg) StderrLine: {'line': b'\n'}
[2.567511] (camera_pkg) StderrLine: {'line': b'error: option --editable not recognized\n'}
[2.574401] (navigation_pkg) StderrLine: {'line': b'usage: setup.py [global_opts] cmd1 [cmd1_opts] [cmd2 [cmd2_opts] ...]\n'}
[2.574950] (navigation_pkg) StderrLine: {'line': b'   or: setup.py --help [cmd1 cmd2 ...]\n'}
[2.575153] (navigation_pkg) StderrLine: {'line': b'   or: setup.py --help-commands\n'}
[2.575303] (navigation_pkg) StderrLine: {'line': b'   or: setup.py cmd --help\n'}
[2.575444] (navigation_pkg) StderrLine: {'line': b'\n'}
[2.575599] (navigation_pkg) StderrLine: {'line': b'error: option --editable not recognized\n'}
[2.578727] (robot_control_pkg) JobEnded: {'identifier': 'robot_control_pkg', 'rc': 'SIGINT'}
[2.590233] (vision_pkg) JobEnded: {'identifier': 'vision_pkg', 'rc': 'SIGINT'}
[2.591026] (lidar_pkg) JobEnded: {'identifier': 'lidar_pkg', 'rc': 'SIGINT'}
[2.591874] (robot_service_pkg) StderrLine: {'line': b'usage: setup.py [global_opts] cmd1 [cmd1_opts] [cmd2 [cmd2_opts] ...]\n'}
[2.592117] (robot_service_pkg) StderrLine: {'line': b'   or: setup.py --help [cmd1 cmd2 ...]\n'}
[2.592290] (robot_service_pkg) StderrLine: {'line': b'   or: setup.py --help-commands\n'}
[2.592456] (robot_service_pkg) StderrLine: {'line': b'   or: setup.py cmd --help\n'}
[2.592610] (robot_service_pkg) StderrLine: {'line': b'\n'}
[2.592768] (robot_service_pkg) StderrLine: {'line': b'error: option --editable not recognized\n'}
[2.592929] (camera_pkg) JobEnded: {'identifier': 'camera_pkg', 'rc': 'SIGINT'}
[2.599261] (navigation_pkg) JobEnded: {'identifier': 'navigation_pkg', 'rc': 'SIGINT'}
[2.599841] (my_py_pkg) StderrLine: {'line': b'usage: setup.py [global_opts] cmd1 [cmd1_opts] [cmd2 [cmd2_opts] ...]\n'}
[2.599988] (my_py_pkg) StderrLine: {'line': b'   or: setup.py --help [cmd1 cmd2 ...]\n'}
[2.600080] (my_py_pkg) StderrLine: {'line': b'   or: setup.py --help-commands\n'}
[2.600168] (my_py_pkg) StderrLine: {'line': b'   or: setup.py cmd --help\n'}
[2.600257] (my_py_pkg) StderrLine: {'line': b'\n'}
[2.600381] (my_py_pkg) StderrLine: {'line': b'error: option --editable not recognized\n'}
[2.609083] (robot_service_pkg) JobEnded: {'identifier': 'robot_service_pkg', 'rc': 'SIGINT'}
[2.614674] (my_py_pkg) JobEnded: {'identifier': 'my_py_pkg', 'rc': 'SIGINT'}
[2.641957] (-) TimerEvent: {}
[2.735866] (robot_action_pkg) JobEnded: {'identifier': 'robot_action_pkg', 'rc': 'SIGINT'}
[2.742039] (-) TimerEvent: {}
[2.842282] (-) TimerEvent: {}
[2.942569] (-) TimerEvent: {}
[3.042952] (-) TimerEvent: {}
[3.143265] (-) TimerEvent: {}
[3.243521] (-) TimerEvent: {}
[3.343897] (-) TimerEvent: {}
[3.444193] (-) TimerEvent: {}
[3.544501] (-) TimerEvent: {}
[3.644846] (-) TimerEvent: {}
[3.745241] (-) TimerEvent: {}
[3.845537] (-) TimerEvent: {}
[3.945813] (-) TimerEvent: {}
[4.046118] (-) TimerEvent: {}
[4.146432] (-) TimerEvent: {}
[4.217279] (my_cpp_pkg) StdoutLine: {'line': b'[100%] \x1b[32m\x1b[1mLinking CXX executable cpp_node\x1b[0m\n'}
[4.246520] (-) TimerEvent: {}
[4.323248] (my_cpp_pkg) StdoutLine: {'line': b'[100%] Built target cpp_node\n'}
[4.333969] (my_cpp_pkg) JobEnded: {'identifier': 'my_cpp_pkg', 'rc': 'SIGINT'}
[4.344403] (-) EventReactorShutdown: {}
